solid OpenSCAD_Model
  facet normal 0.8492021815265733 0.528067850650377 -1.0052654472535037e-19
    outer loop
      vertex 16.04464862031593 29.20547040867788 0
      vertex 15.989359353944899 29.294382781509242 0
      vertex 15.989359353944899 29.294382781509242 5
    endloop
  endfacet
  facet normal 0.9108638249211752 0.4127070298043956 2.4179862206665407e-19
    outer loop
      vertex 15.940003613547699 29.38672087715884 0
      vertex 15.89679274798194 29.4820892897251 0
      vertex 15.89679274798194 29.4820892897251 5
    endloop
  endfacet
  facet normal 0.8819212643483544 0.47139673682599903 -5.614655619745098e-19
    outer loop
      vertex 15.989359353944899 29.294382781509242 0
      vertex 15.940003613547699 29.38672087715884 0
      vertex 15.940003613547699 29.38672087715884 5
    endloop
  endfacet
  facet normal 0.5824776968677907 0.8128466845916235 0
    outer loop
      vertex 16.40098171358605 28.825017437043265 0
      vertex 16.40098171358605 28.825017437043265 5
      vertex 16.486087627168637 28.76403140182517 0
    endloop
  endfacet
  facet normal 0.528067850650377 0.8492021815265733 0
    outer loop
      vertex 16.486087627168637 28.76403140182517 0
      vertex 16.486087627168637 28.76403140182517 5
      vertex 16.575 28.70874213545414 0
    endloop
  endfacet
  facet normal 0.47139673682599903 0.8819212643483544 0
    outer loop
      vertex 16.575 28.70874213545414 0
      vertex 16.575 28.70874213545414 5
      vertex 16.667338095649598 28.65938639505694 0
    endloop
  endfacet
  facet normal 0.7730104533627469 0.6343932841636334 -5.229111772821686e-19
    outer loop
      vertex 16.172056308033635 29.03942947734913 0
      vertex 16.105634655534026 29.120364495095288 0
      vertex 16.105634655534026 29.120364495095288 5
    endloop
  endfacet
  facet normal 0.6835923020228682 0.7298640726978383 -1.4143609593366894e-19
    outer loop
      vertex 16.32004669583989 28.891439089542878 0
      vertex 16.243629150101523 28.963011931610765 0
      vertex 16.243629150101523 28.963011931610765 5
    endloop
  endfacet
  facet normal 0.7298640726978383 0.6835923020228682 -1.4143609593366894e-19
    outer loop
      vertex 16.243629150101523 28.963011931610765 0
      vertex 16.172056308033635 29.03942947734913 0
      vertex 16.172056308033635 29.03942947734913 5
    endloop
  endfacet
  facet normal 0.812846684591619 0.582477696867797 2.370211377546735e-19
    outer loop
      vertex 16.105634655534026 29.120364495095288 0
      vertex 16.04464862031593 29.20547040867788 0
      vertex 16.04464862031593 29.20547040867788 5
    endloop
  endfacet
  facet normal 0.634393284163637 0.7730104533627439 0
    outer loop
      vertex 16.32004669583989 28.891439089542878 0
      vertex 16.32004669583989 28.891439089542878 5
      vertex 16.40098171358605 28.825017437043265 0
    endloop
  endfacet
  facet normal 0.9569403357322117 0.29028467725445295 3.53478071687265e-19
    outer loop
      vertex 15.85991179280783 29.580079637024184 0
      vertex 15.829518677937491 29.68027230934521 0
      vertex 15.829518677937491 29.68027230934521 5
    endloop
  endfacet
  facet normal 0.9738769792773325 0.22707626303437772 2.900681485804892e-19
    outer loop
      vertex 15.829518677937491 29.68027230934521 0
      vertex 15.805743551354832 29.782238266283436 0
      vertex 15.805743551354832 29.782238266283436 5
    endloop
  endfacet
  facet normal 0.9359059267573248 0.35225004792123643 -2.809287953439709e-19
    outer loop
      vertex 15.89679274798194 29.4820892897251 0
      vertex 15.85991179280783 29.580079637024184 0
      vertex 15.85991179280783 29.580079637024184 5
    endloop
  endfacet
  facet normal 0.9866433320848795 0.16289547339458546 -8.611969602204896e-20
    outer loop
      vertex 15.805743551354832 29.782238266283436 0
      vertex 15.788688221801904 29.88554087395716 0
      vertex 15.788688221801904 29.88554087395716 5
    endloop
  endfacet
  facet normal 0.9951847266721962 0.0980171403295681 1.5133584377122654e-19
    outer loop
      vertex 15.788688221801904 29.88554087395716 0
      vertex 15.778425722818234 29.989737774741013 0
      vertex 15.778425722818234 29.989737774741013 5
    endloop
  endfacet
  facet normal 0.9994645874763659 0.03271908282176942 2.6719752890336e-20
    outer loop
      vertex 15.778425722818234 29.989737774741013 0
      vertex 15.775 30.094382781509243 0
      vertex 15.775 30.094382781509243 5
    endloop
  endfacet
  facet normal 0.9994645874763659 -0.03271908282176942 -2.6719752890336e-20
    outer loop
      vertex 15.775 30.094382781509243 0
      vertex 15.778425722818234 30.199027788277473 0
      vertex 15.778425722818234 30.199027788277473 5
    endloop
  endfacet
  facet normal 0.9951847266721962 -0.0980171403295681 -1.5133584377122654e-19
    outer loop
      vertex 15.778425722818234 30.199027788277473 0
      vertex 15.788688221801904 30.303224689061324 0
      vertex 15.788688221801904 30.303224689061324 5
    endloop
  endfacet
  facet normal 0.9866433320848795 -0.16289547339458546 8.611969602204896e-20
    outer loop
      vertex 15.788688221801904 30.303224689061324 0
      vertex 15.805743551354832 30.40652729673505 0
      vertex 15.805743551354832 30.40652729673505 5
    endloop
  endfacet
  facet normal 0.9738769792773325 -0.22707626303437772 -2.900681485804892e-19
    outer loop
      vertex 15.805743551354832 30.40652729673505 0
      vertex 15.829518677937491 30.508493253673276 0
      vertex 15.829518677937491 30.508493253673276 5
    endloop
  endfacet
  facet normal 0.9569403357322117 -0.29028467725445295 -3.53478071687265e-19
    outer loop
      vertex 15.829518677937491 30.508493253673276 0
      vertex 15.85991179280783 30.6086859259943 0
      vertex 15.85991179280783 30.6086859259943 5
    endloop
  endfacet
  facet normal 0.9359059267573248 -0.35225004792123643 2.809287953439709e-19
    outer loop
      vertex 15.85991179280783 30.6086859259943 0
      vertex 15.89679274798194 30.706676273293386 0
      vertex 15.89679274798194 30.706676273293386 5
    endloop
  endfacet
  facet normal 0.4127070298043956 0.9108638249211752 0
    outer loop
      vertex 16.667338095649598 28.65938639505694 0
      vertex 16.667338095649598 28.65938639505694 5
      vertex 16.762706508215857 28.616175529491183 0
    endloop
  endfacet
  facet normal 0.35225004792122155 0.9359059267573303 0
    outer loop
      vertex 16.762706508215857 28.616175529491183 0
      vertex 16.762706508215857 28.616175529491183 5
      vertex 16.86069685551494 28.579294574317075 0
    endloop
  endfacet
  facet normal 0.29028467725448404 0.9569403357322024 0
    outer loop
      vertex 16.86069685551494 28.579294574317075 0
      vertex 16.86069685551494 28.579294574317075 5
      vertex 16.960889527835967 28.548901459446732 0
    endloop
  endfacet
  facet normal 0.09801714032955129 0.9951847266721978 0
    outer loop
      vertex 17.16615809244792 28.508071003311144 0
      vertex 17.16615809244792 28.508071003311144 5
      vertex 17.27035499323177 28.497808504327477 0
    endloop
  endfacet
  facet normal 0.22707626303437772 0.9738769792773325 0
    outer loop
      vertex 16.960889527835967 28.548901459446732 0
      vertex 16.960889527835967 28.548901459446732 5
      vertex 17.062855484774193 28.525126332864073 0
    endloop
  endfacet
  facet normal 0.16289547339458546 0.9866433320848795 0
    outer loop
      vertex 17.062855484774193 28.525126332864073 0
      vertex 17.062855484774193 28.525126332864073 5
      vertex 17.16615809244792 28.508071003311144 0
    endloop
  endfacet
  facet normal 0.032719082821786365 0.9994645874763654 0
    outer loop
      vertex 17.27035499323177 28.497808504327477 0
      vertex 17.27035499323177 28.497808504327477 5
      vertex 17.375 28.49438278150924 0
    endloop
  endfacet
  facet normal -0.032719082821786365 0.9994645874763654 0
    outer loop
      vertex 17.375 28.49438278150924 0
      vertex 17.375 28.49438278150924 5
      vertex 17.47964500676823 28.497808504327477 0
    endloop
  endfacet
  facet normal -0.09801714032955129 0.9951847266721978 0
    outer loop
      vertex 17.47964500676823 28.497808504327477 0
      vertex 17.47964500676823 28.497808504327477 5
      vertex 17.58384190755208 28.508071003311144 0
    endloop
  endfacet
  facet normal -0.16289547339458546 0.9866433320848795 0
    outer loop
      vertex 17.58384190755208 28.508071003311144 0
      vertex 17.58384190755208 28.508071003311144 5
      vertex 17.687144515225807 28.525126332864073 0
    endloop
  endfacet
  facet normal -0.22707626303437772 0.9738769792773325 0
    outer loop
      vertex 17.687144515225807 28.525126332864073 0
      vertex 17.687144515225807 28.525126332864073 5
      vertex 17.789110472164033 28.548901459446732 0
    endloop
  endfacet
  facet normal -0.29028467725448404 0.9569403357322024 0
    outer loop
      vertex 17.789110472164033 28.548901459446732 0
      vertex 17.789110472164033 28.548901459446732 5
      vertex 17.88930314448506 28.579294574317075 0
    endloop
  endfacet
  facet normal -0.35225004792122155 0.9359059267573303 0
    outer loop
      vertex 17.88930314448506 28.579294574317075 0
      vertex 17.88930314448506 28.579294574317075 5
      vertex 17.987293491784143 28.616175529491183 0
    endloop
  endfacet
  facet normal -0.4127070298043956 0.9108638249211752 0
    outer loop
      vertex 17.987293491784143 28.616175529491183 0
      vertex 17.987293491784143 28.616175529491183 5
      vertex 18.082661904350402 28.65938639505694 0
    endloop
  endfacet
  facet normal -0.47139673682599903 0.8819212643483544 0
    outer loop
      vertex 18.082661904350402 28.65938639505694 0
      vertex 18.082661904350402 28.65938639505694 5
      vertex 18.175 28.70874213545414 0
    endloop
  endfacet
  facet normal -0.528067850650377 0.8492021815265733 0
    outer loop
      vertex 18.175 28.70874213545414 0
      vertex 18.175 28.70874213545414 5
      vertex 18.263912372831363 28.76403140182517 0
    endloop
  endfacet
  facet normal -0.5824776968677907 0.8128466845916235 0
    outer loop
      vertex 18.263912372831363 28.76403140182517 0
      vertex 18.263912372831363 28.76403140182517 5
      vertex 18.34901828641395 28.825017437043265 0
    endloop
  endfacet
  facet normal -0.634393284163637 0.7730104533627439 0
    outer loop
      vertex 18.34901828641395 28.825017437043265 0
      vertex 18.34901828641395 28.825017437043265 5
      vertex 18.42995330416011 28.891439089542878 0
    endloop
  endfacet
  facet normal -0.6835923020228682 0.7298640726978383 0
    outer loop
      vertex 18.42995330416011 28.891439089542878 0
      vertex 18.42995330416011 28.891439089542878 5
      vertex 18.506370849898477 28.963011931610765 0
    endloop
  endfacet
  facet normal -0.7298640726978383 0.6835923020228682 0
    outer loop
      vertex 18.506370849898477 28.963011931610765 0
      vertex 18.506370849898477 28.963011931610765 5
      vertex 18.577943691966365 29.03942947734913 0
    endloop
  endfacet
  facet normal -0.7730104533627469 0.6343932841636334 5.229111772821686e-19
    outer loop
      vertex 18.644365344465974 29.120364495095288 0
      vertex 18.577943691966365 29.03942947734913 0
      vertex 18.577943691966365 29.03942947734913 5
    endloop
  endfacet
  facet normal -0.812846684591619 0.582477696867797 -2.370211377546735e-19
    outer loop
      vertex 18.70535137968407 29.20547040867788 0
      vertex 18.644365344465974 29.120364495095288 0
      vertex 18.644365344465974 29.120364495095288 5
    endloop
  endfacet
  facet normal -0.8492021815265733 0.528067850650377 1.0052654472535037e-19
    outer loop
      vertex 18.7606406460551 29.294382781509242 0
      vertex 18.70535137968407 29.20547040867788 0
      vertex 18.70535137968407 29.20547040867788 5
    endloop
  endfacet
  facet normal -0.8819212643483544 0.47139673682599903 5.614655619745098e-19
    outer loop
      vertex 18.8099963864523 29.38672087715884 0
      vertex 18.7606406460551 29.294382781509242 0
      vertex 18.7606406460551 29.294382781509242 5
    endloop
  endfacet
  facet normal -0.9108638249211752 0.4127070298043956 -2.4179862206665407e-19
    outer loop
      vertex 18.85320725201806 29.4820892897251 0
      vertex 18.8099963864523 29.38672087715884 0
      vertex 18.8099963864523 29.38672087715884 5
    endloop
  endfacet
  facet normal -0.9359059267573303 0.35225004792122155 -2.4311945454629123e-20
    outer loop
      vertex 18.890088207192168 29.580079637024184 0
      vertex 18.85320725201806 29.4820892897251 0
      vertex 18.85320725201806 29.4820892897251 5
    endloop
  endfacet
  facet normal -0.9569403357322024 0.29028467725448404 2.913384736687111e-19
    outer loop
      vertex 18.92048132206251 29.68027230934521 0
      vertex 18.890088207192168 29.580079637024184 0
      vertex 18.890088207192168 29.580079637024184 5
    endloop
  endfacet
  facet normal -0.9738769792773325 0.22707626303437772 -2.900681485804892e-19
    outer loop
      vertex 18.94425644864517 29.782238266283436 0
      vertex 18.92048132206251 29.68027230934521 0
      vertex 18.92048132206251 29.68027230934521 5
    endloop
  endfacet
  facet normal -0.9866433320848795 0.16289547339458546 8.611969602204896e-20
    outer loop
      vertex 18.961311778198098 29.88554087395716 0
      vertex 18.94425644864517 29.782238266283436 0
      vertex 18.94425644864517 29.782238266283436 5
    endloop
  endfacet
  facet normal -0.9951847266721978 0.09801714032955129 2.2212933015947856e-20
    outer loop
      vertex 18.971574277181766 29.989737774741013 0
      vertex 18.961311778198098 29.88554087395716 0
      vertex 18.961311778198098 29.88554087395716 5
    endloop
  endfacet
  facet normal -0.9994645874763654 0.032719082821786365 -2.5934643032774505e-20
    outer loop
      vertex 18.975 30.094382781509243 0
      vertex 18.971574277181766 29.989737774741013 0
      vertex 18.971574277181766 29.989737774741013 5
    endloop
  endfacet
  facet normal -0.9359059267573303 -0.35225004792122155 2.4311945454629123e-20
    outer loop
      vertex 18.85320725201806 30.706676273293386 0
      vertex 18.890088207192168 30.6086859259943 0
      vertex 18.890088207192168 30.6086859259943 5
    endloop
  endfacet
  facet normal -0.9108638249211752 -0.4127070298043956 2.4179862206665407e-19
    outer loop
      vertex 18.8099963864523 30.802044685859645 0
      vertex 18.85320725201806 30.706676273293386 0
      vertex 18.85320725201806 30.706676273293386 5
    endloop
  endfacet
  facet normal -0.9994645874763654 -0.032719082821786365 2.5934643032774505e-20
    outer loop
      vertex 18.971574277181766 30.199027788277473 0
      vertex 18.975 30.094382781509243 0
      vertex 18.975 30.094382781509243 5
    endloop
  endfacet
  facet normal -0.9951847266721978 -0.09801714032955129 -2.2212933015947856e-20
    outer loop
      vertex 18.961311778198098 30.303224689061324 0
      vertex 18.971574277181766 30.199027788277473 0
      vertex 18.971574277181766 30.199027788277473 5
    endloop
  endfacet
  facet normal -0.9866433320848795 -0.16289547339458546 -8.611969602204896e-20
    outer loop
      vertex 18.94425644864517 30.40652729673505 0
      vertex 18.961311778198098 30.303224689061324 0
      vertex 18.961311778198098 30.303224689061324 5
    endloop
  endfacet
  facet normal -0.9738769792773325 -0.22707626303437772 2.900681485804892e-19
    outer loop
      vertex 18.92048132206251 30.508493253673276 0
      vertex 18.94425644864517 30.40652729673505 0
      vertex 18.94425644864517 30.40652729673505 5
    endloop
  endfacet
  facet normal -0.9569403357322024 -0.29028467725448404 -2.913384736687111e-19
    outer loop
      vertex 18.890088207192168 30.6086859259943 0
      vertex 18.92048132206251 30.508493253673276 0
      vertex 18.92048132206251 30.508493253673276 5
    endloop
  endfacet
  facet normal 0.9108638249211752 -0.4127070298043956 -2.4179862206665407e-19
    outer loop
      vertex 15.89679274798194 30.706676273293386 0
      vertex 15.940003613547699 30.802044685859645 0
      vertex 15.940003613547699 30.802044685859645 5
    endloop
  endfacet
  facet normal 0.8819212643483544 -0.47139673682599903 5.614655619745098e-19
    outer loop
      vertex 15.940003613547699 30.802044685859645 0
      vertex 15.989359353944899 30.894382781509243 0
      vertex 15.989359353944899 30.894382781509243 5
    endloop
  endfacet
  facet normal 0.8492021815265733 -0.528067850650377 1.0052654472535037e-19
    outer loop
      vertex 15.989359353944899 30.894382781509243 0
      vertex 16.04464862031593 30.983295154340606 0
      vertex 16.04464862031593 30.983295154340606 5
    endloop
  endfacet
  facet normal 0.812846684591619 -0.582477696867797 -2.370211377546735e-19
    outer loop
      vertex 16.04464862031593 30.983295154340606 0
      vertex 16.105634655534026 31.068401067923197 0
      vertex 16.105634655534026 31.068401067923197 5
    endloop
  endfacet
  facet normal 0.7730104533627469 -0.6343932841636334 5.229111772821686e-19
    outer loop
      vertex 16.105634655534026 31.068401067923197 0
      vertex 16.172056308033635 31.149336085669354 0
      vertex 16.172056308033635 31.149336085669354 5
    endloop
  endfacet
  facet normal 0.7298640726978383 -0.6835923020228682 1.4143609593366894e-19
    outer loop
      vertex 16.172056308033635 31.149336085669354 0
      vertex 16.243629150101523 31.22575363140772 0
      vertex 16.243629150101523 31.22575363140772 5
    endloop
  endfacet
  facet normal 0.6835923020228682 -0.7298640726978383 0
    outer loop
      vertex 16.32004669583989 31.297326473475607 0
      vertex 16.32004669583989 31.297326473475607 5
      vertex 16.243629150101523 31.22575363140772 0
    endloop
  endfacet
  facet normal 0.634393284163637 -0.7730104533627439 0
    outer loop
      vertex 16.40098171358605 31.36374812597522 0
      vertex 16.40098171358605 31.36374812597522 5
      vertex 16.32004669583989 31.297326473475607 0
    endloop
  endfacet
  facet normal 0.5824776968677907 -0.8128466845916235 0
    outer loop
      vertex 16.486087627168637 31.424734161193314 0
      vertex 16.486087627168637 31.424734161193314 5
      vertex 16.40098171358605 31.36374812597522 0
    endloop
  endfacet
  facet normal 0.528067850650377 -0.8492021815265733 0
    outer loop
      vertex 16.575 31.480023427564344 0
      vertex 16.575 31.480023427564344 5
      vertex 16.486087627168637 31.424734161193314 0
    endloop
  endfacet
  facet normal 0.47139673682599903 -0.8819212643483544 0
    outer loop
      vertex 16.667338095649598 31.529379167961544 0
      vertex 16.667338095649598 31.529379167961544 5
      vertex 16.575 31.480023427564344 0
    endloop
  endfacet
  facet normal 0.4127070298043956 -0.9108638249211752 0
    outer loop
      vertex 16.762706508215857 31.5725900335273 0
      vertex 16.762706508215857 31.5725900335273 5
      vertex 16.667338095649598 31.529379167961544 0
    endloop
  endfacet
  facet normal 0.35225004792122155 -0.9359059267573303 0
    outer loop
      vertex 16.86069685551494 31.60947098870141 0
      vertex 16.86069685551494 31.60947098870141 5
      vertex 16.762706508215857 31.5725900335273 0
    endloop
  endfacet
  facet normal 0.29028467725448404 -0.9569403357322024 0
    outer loop
      vertex 16.960889527835967 31.639864103571753 0
      vertex 16.960889527835967 31.639864103571753 5
      vertex 16.86069685551494 31.60947098870141 0
    endloop
  endfacet
  facet normal 0.22707626303437772 -0.9738769792773325 0
    outer loop
      vertex 17.062855484774193 31.663639230154413 0
      vertex 17.062855484774193 31.663639230154413 5
      vertex 16.960889527835967 31.639864103571753 0
    endloop
  endfacet
  facet normal 0.16289547339458546 -0.9866433320848795 0
    outer loop
      vertex 17.16615809244792 31.68069455970734 0
      vertex 17.16615809244792 31.68069455970734 5
      vertex 17.062855484774193 31.663639230154413 0
    endloop
  endfacet
  facet normal 0.09801714032955129 -0.9951847266721978 0
    outer loop
      vertex 17.27035499323177 31.69095705869101 0
      vertex 17.27035499323177 31.69095705869101 5
      vertex 17.16615809244792 31.68069455970734 0
    endloop
  endfacet
  facet normal 0.032719082821786365 -0.9994645874763654 0
    outer loop
      vertex 17.375 31.694382781509244 0
      vertex 17.375 31.694382781509244 5
      vertex 17.27035499323177 31.69095705869101 0
    endloop
  endfacet
  facet normal -0.032719082821786365 -0.9994645874763654 0
    outer loop
      vertex 17.47964500676823 31.69095705869101 0
      vertex 17.47964500676823 31.69095705869101 5
      vertex 17.375 31.694382781509244 0
    endloop
  endfacet
  facet normal -0.09801714032955129 -0.9951847266721978 0
    outer loop
      vertex 17.58384190755208 31.68069455970734 0
      vertex 17.58384190755208 31.68069455970734 5
      vertex 17.47964500676823 31.69095705869101 0
    endloop
  endfacet
  facet normal -0.16289547339458546 -0.9866433320848795 0
    outer loop
      vertex 17.687144515225807 31.663639230154413 0
      vertex 17.687144515225807 31.663639230154413 5
      vertex 17.58384190755208 31.68069455970734 0
    endloop
  endfacet
  facet normal -0.22707626303437772 -0.9738769792773325 0
    outer loop
      vertex 17.789110472164033 31.639864103571753 0
      vertex 17.789110472164033 31.639864103571753 5
      vertex 17.687144515225807 31.663639230154413 0
    endloop
  endfacet
  facet normal -0.29028467725448404 -0.9569403357322024 0
    outer loop
      vertex 17.88930314448506 31.60947098870141 0
      vertex 17.88930314448506 31.60947098870141 5
      vertex 17.789110472164033 31.639864103571753 0
    endloop
  endfacet
  facet normal -0.5824776968677907 -0.8128466845916235 0
    outer loop
      vertex 18.34901828641395 31.36374812597522 0
      vertex 18.34901828641395 31.36374812597522 5
      vertex 18.263912372831363 31.424734161193314 0
    endloop
  endfacet
  facet normal -0.634393284163637 -0.7730104533627439 0
    outer loop
      vertex 18.42995330416011 31.297326473475607 0
      vertex 18.42995330416011 31.297326473475607 5
      vertex 18.34901828641395 31.36374812597522 0
    endloop
  endfacet
  facet normal -0.7298640726978383 -0.6835923020228682 -1.4143609593366894e-19
    outer loop
      vertex 18.506370849898477 31.22575363140772 0
      vertex 18.577943691966365 31.149336085669354 0
      vertex 18.577943691966365 31.149336085669354 5
    endloop
  endfacet
  facet normal -0.6835923020228682 -0.7298640726978383 -1.4143609593366894e-19
    outer loop
      vertex 18.42995330416011 31.297326473475607 0
      vertex 18.506370849898477 31.22575363140772 0
      vertex 18.506370849898477 31.22575363140772 5
    endloop
  endfacet
  facet normal -0.4127070298043956 -0.9108638249211752 0
    outer loop
      vertex 18.082661904350402 31.529379167961544 0
      vertex 18.082661904350402 31.529379167961544 5
      vertex 17.987293491784143 31.5725900335273 0
    endloop
  endfacet
  facet normal -0.35225004792122155 -0.9359059267573303 0
    outer loop
      vertex 17.987293491784143 31.5725900335273 5
      vertex 17.88930314448506 31.60947098870141 0
      vertex 17.987293491784143 31.5725900335273 0
    endloop
  endfacet
  facet normal -0.47139673682599903 -0.8819212643483544 0
    outer loop
      vertex 18.175 31.480023427564344 0
      vertex 18.175 31.480023427564344 5
      vertex 18.082661904350402 31.529379167961544 0
    endloop
  endfacet
  facet normal -0.528067850650377 -0.8492021815265733 0
    outer loop
      vertex 18.263912372831363 31.424734161193314 0
      vertex 18.263912372831363 31.424734161193314 5
      vertex 18.175 31.480023427564344 0
    endloop
  endfacet
  facet normal -0.812846684591619 -0.582477696867797 2.370211377546735e-19
    outer loop
      vertex 18.644365344465974 31.068401067923197 0
      vertex 18.70535137968407 30.983295154340606 0
      vertex 18.70535137968407 30.983295154340606 5
    endloop
  endfacet
  facet normal -0.8819212643483544 -0.47139673682599903 -5.614655619745098e-19
    outer loop
      vertex 18.7606406460551 30.894382781509243 0
      vertex 18.8099963864523 30.802044685859645 0
      vertex 18.8099963864523 30.802044685859645 5
    endloop
  endfacet
  facet normal -0.8492021815265733 -0.528067850650377 -1.0052654472535037e-19
    outer loop
      vertex 18.70535137968407 30.983295154340606 0
      vertex 18.7606406460551 30.894382781509243 0
      vertex 18.7606406460551 30.894382781509243 5
    endloop
  endfacet
  facet normal -0.7730104533627469 -0.6343932841636334 -5.229111772821686e-19
    outer loop
      vertex 18.577943691966365 31.149336085669354 0
      vertex 18.644365344465974 31.068401067923197 0
      vertex 18.644365344465974 31.068401067923197 5
    endloop
  endfacet
  facet normal 0.9108638249211752 0.4127070298043956 0
    outer loop
      vertex 15.940003613547699 29.38672087715884 0
      vertex 15.89679274798194 29.4820892897251 5
      vertex 15.940003613547699 29.38672087715884 5
    endloop
  endfacet
  facet normal 0.8819212643483544 0.47139673682599903 0
    outer loop
      vertex 15.989359353944899 29.294382781509242 0
      vertex 15.940003613547699 29.38672087715884 5
      vertex 15.989359353944899 29.294382781509242 5
    endloop
  endfacet
  facet normal 0.5824776968677907 0.8128466845916235 0
    outer loop
      vertex 16.486087627168637 28.76403140182517 0
      vertex 16.40098171358605 28.825017437043265 5
      vertex 16.486087627168637 28.76403140182517 5
    endloop
  endfacet
  facet normal 0.528067850650377 0.8492021815265733 0
    outer loop
      vertex 16.575 28.70874213545414 0
      vertex 16.486087627168637 28.76403140182517 5
      vertex 16.575 28.70874213545414 5
    endloop
  endfacet
  facet normal 0.47139673682599903 0.8819212643483544 0
    outer loop
      vertex 16.667338095649598 28.65938639505694 0
      vertex 16.575 28.70874213545414 5
      vertex 16.667338095649598 28.65938639505694 5
    endloop
  endfacet
  facet normal 0.7730104533627469 0.6343932841636334 0
    outer loop
      vertex 16.172056308033635 29.03942947734913 0
      vertex 16.105634655534026 29.120364495095288 5
      vertex 16.172056308033635 29.03942947734913 5
    endloop
  endfacet
  facet normal 0.6835923020228682 0.7298640726978383 0
    outer loop
      vertex 16.32004669583989 28.891439089542878 0
      vertex 16.243629150101523 28.963011931610765 5
      vertex 16.32004669583989 28.891439089542878 5
    endloop
  endfacet
  facet normal 0.7298640726978383 0.6835923020228682 0
    outer loop
      vertex 16.243629150101523 28.963011931610765 0
      vertex 16.172056308033635 29.03942947734913 5
      vertex 16.243629150101523 28.963011931610765 5
    endloop
  endfacet
  facet normal 0.812846684591619 0.582477696867797 0
    outer loop
      vertex 16.105634655534026 29.120364495095288 0
      vertex 16.04464862031593 29.20547040867788 5
      vertex 16.105634655534026 29.120364495095288 5
    endloop
  endfacet
  facet normal 0.8492021815265733 0.528067850650377 0
    outer loop
      vertex 16.04464862031593 29.20547040867788 0
      vertex 15.989359353944899 29.294382781509242 5
      vertex 16.04464862031593 29.20547040867788 5
    endloop
  endfacet
  facet normal 0.634393284163637 0.7730104533627439 0
    outer loop
      vertex 16.40098171358605 28.825017437043265 0
      vertex 16.32004669583989 28.891439089542878 5
      vertex 16.40098171358605 28.825017437043265 5
    endloop
  endfacet
  facet normal 0.9569403357322117 0.29028467725445295 0
    outer loop
      vertex 15.85991179280783 29.580079637024184 0
      vertex 15.829518677937491 29.68027230934521 5
      vertex 15.85991179280783 29.580079637024184 5
    endloop
  endfacet
  facet normal 0.9738769792773325 0.22707626303437772 0
    outer loop
      vertex 15.829518677937491 29.68027230934521 0
      vertex 15.805743551354832 29.782238266283436 5
      vertex 15.829518677937491 29.68027230934521 5
    endloop
  endfacet
  facet normal 0.9359059267573248 0.35225004792123643 0
    outer loop
      vertex 15.89679274798194 29.4820892897251 0
      vertex 15.85991179280783 29.580079637024184 5
      vertex 15.89679274798194 29.4820892897251 5
    endloop
  endfacet
  facet normal 0.9866433320848795 0.16289547339458546 0
    outer loop
      vertex 15.805743551354832 29.782238266283436 0
      vertex 15.788688221801904 29.88554087395716 5
      vertex 15.805743551354832 29.782238266283436 5
    endloop
  endfacet
  facet normal 0.9951847266721962 0.0980171403295681 0
    outer loop
      vertex 15.788688221801904 29.88554087395716 0
      vertex 15.778425722818234 29.989737774741013 5
      vertex 15.788688221801904 29.88554087395716 5
    endloop
  endfacet
  facet normal 0.9994645874763659 0.03271908282176942 0
    outer loop
      vertex 15.778425722818234 29.989737774741013 0
      vertex 15.775 30.094382781509243 5
      vertex 15.778425722818234 29.989737774741013 5
    endloop
  endfacet
  facet normal 0.9994645874763659 -0.03271908282176942 -2.6719752890336e-20
    outer loop
      vertex 15.778425722818234 30.199027788277473 5
      vertex 15.775 30.094382781509243 5
      vertex 15.775 30.094382781509243 0
    endloop
  endfacet
  facet normal 0.9951847266721962 -0.0980171403295681 0
    outer loop
      vertex 15.778425722818234 30.199027788277473 0
      vertex 15.788688221801904 30.303224689061324 5
      vertex 15.778425722818234 30.199027788277473 5
    endloop
  endfacet
  facet normal 0.9866433320848795 -0.16289547339458546 0
    outer loop
      vertex 15.788688221801904 30.303224689061324 0
      vertex 15.805743551354832 30.40652729673505 5
      vertex 15.788688221801904 30.303224689061324 5
    endloop
  endfacet
  facet normal 0.9738769792773325 -0.22707626303437772 0
    outer loop
      vertex 15.805743551354832 30.40652729673505 0
      vertex 15.829518677937491 30.508493253673276 5
      vertex 15.805743551354832 30.40652729673505 5
    endloop
  endfacet
  facet normal 0.9569403357322117 -0.29028467725445295 0
    outer loop
      vertex 15.829518677937491 30.508493253673276 0
      vertex 15.85991179280783 30.6086859259943 5
      vertex 15.829518677937491 30.508493253673276 5
    endloop
  endfacet
  facet normal 0.9359059267573248 -0.35225004792123643 0
    outer loop
      vertex 15.85991179280783 30.6086859259943 0
      vertex 15.89679274798194 30.706676273293386 5
      vertex 15.85991179280783 30.6086859259943 5
    endloop
  endfacet
  facet normal 0.9108638249211752 -0.4127070298043956 0
    outer loop
      vertex 15.89679274798194 30.706676273293386 0
      vertex 15.940003613547699 30.802044685859645 5
      vertex 15.89679274798194 30.706676273293386 5
    endloop
  endfacet
  facet normal 0.4127070298043956 0.9108638249211752 0
    outer loop
      vertex 16.762706508215857 28.616175529491183 0
      vertex 16.667338095649598 28.65938639505694 5
      vertex 16.762706508215857 28.616175529491183 5
    endloop
  endfacet
  facet normal 0.35225004792122155 0.9359059267573303 0
    outer loop
      vertex 16.86069685551494 28.579294574317075 0
      vertex 16.762706508215857 28.616175529491183 5
      vertex 16.86069685551494 28.579294574317075 5
    endloop
  endfacet
  facet normal 0.29028467725448404 0.9569403357322024 0
    outer loop
      vertex 16.960889527835967 28.548901459446732 0
      vertex 16.86069685551494 28.579294574317075 5
      vertex 16.960889527835967 28.548901459446732 5
    endloop
  endfacet
  facet normal 0.09801714032955129 0.9951847266721978 0
    outer loop
      vertex 17.27035499323177 28.497808504327477 0
      vertex 17.16615809244792 28.508071003311144 5
      vertex 17.27035499323177 28.497808504327477 5
    endloop
  endfacet
  facet normal 0.22707626303437772 0.9738769792773325 0
    outer loop
      vertex 17.062855484774193 28.525126332864073 0
      vertex 16.960889527835967 28.548901459446732 5
      vertex 17.062855484774193 28.525126332864073 5
    endloop
  endfacet
  facet normal 0.16289547339458546 0.9866433320848795 0
    outer loop
      vertex 17.16615809244792 28.508071003311144 0
      vertex 17.062855484774193 28.525126332864073 5
      vertex 17.16615809244792 28.508071003311144 5
    endloop
  endfacet
  facet normal 0.032719082821786365 0.9994645874763654 0
    outer loop
      vertex 17.375 28.49438278150924 0
      vertex 17.27035499323177 28.497808504327477 5
      vertex 17.375 28.49438278150924 5
    endloop
  endfacet
  facet normal -0.032719082821786365 0.9994645874763654 0
    outer loop
      vertex 17.47964500676823 28.497808504327477 0
      vertex 17.375 28.49438278150924 5
      vertex 17.47964500676823 28.497808504327477 5
    endloop
  endfacet
  facet normal -0.09801714032955129 0.9951847266721978 0
    outer loop
      vertex 17.58384190755208 28.508071003311144 0
      vertex 17.47964500676823 28.497808504327477 5
      vertex 17.58384190755208 28.508071003311144 5
    endloop
  endfacet
  facet normal -0.16289547339458546 0.9866433320848795 0
    outer loop
      vertex 17.687144515225807 28.525126332864073 0
      vertex 17.58384190755208 28.508071003311144 5
      vertex 17.687144515225807 28.525126332864073 5
    endloop
  endfacet
  facet normal -0.22707626303437772 0.9738769792773325 0
    outer loop
      vertex 17.789110472164033 28.548901459446732 0
      vertex 17.687144515225807 28.525126332864073 5
      vertex 17.789110472164033 28.548901459446732 5
    endloop
  endfacet
  facet normal -0.29028467725448404 0.9569403357322024 0
    outer loop
      vertex 17.88930314448506 28.579294574317075 0
      vertex 17.789110472164033 28.548901459446732 5
      vertex 17.88930314448506 28.579294574317075 5
    endloop
  endfacet
  facet normal -0.35225004792122155 0.9359059267573303 0
    outer loop
      vertex 17.987293491784143 28.616175529491183 0
      vertex 17.88930314448506 28.579294574317075 5
      vertex 17.987293491784143 28.616175529491183 5
    endloop
  endfacet
  facet normal -0.4127070298043956 0.9108638249211752 0
    outer loop
      vertex 18.082661904350402 28.65938639505694 0
      vertex 17.987293491784143 28.616175529491183 5
      vertex 18.082661904350402 28.65938639505694 5
    endloop
  endfacet
  facet normal -0.47139673682599903 0.8819212643483544 0
    outer loop
      vertex 18.175 28.70874213545414 0
      vertex 18.082661904350402 28.65938639505694 5
      vertex 18.175 28.70874213545414 5
    endloop
  endfacet
  facet normal -0.528067850650377 0.8492021815265733 0
    outer loop
      vertex 18.263912372831363 28.76403140182517 0
      vertex 18.175 28.70874213545414 5
      vertex 18.263912372831363 28.76403140182517 5
    endloop
  endfacet
  facet normal -0.5824776968677907 0.8128466845916235 0
    outer loop
      vertex 18.34901828641395 28.825017437043265 0
      vertex 18.263912372831363 28.76403140182517 5
      vertex 18.34901828641395 28.825017437043265 5
    endloop
  endfacet
  facet normal -0.634393284163637 0.7730104533627439 0
    outer loop
      vertex 18.42995330416011 28.891439089542878 0
      vertex 18.34901828641395 28.825017437043265 5
      vertex 18.42995330416011 28.891439089542878 5
    endloop
  endfacet
  facet normal -0.6835923020228682 0.7298640726978383 0
    outer loop
      vertex 18.506370849898477 28.963011931610765 0
      vertex 18.42995330416011 28.891439089542878 5
      vertex 18.506370849898477 28.963011931610765 5
    endloop
  endfacet
  facet normal -0.7298640726978383 0.6835923020228682 0
    outer loop
      vertex 18.577943691966365 29.03942947734913 0
      vertex 18.506370849898477 28.963011931610765 5
      vertex 18.577943691966365 29.03942947734913 5
    endloop
  endfacet
  facet normal -0.7730104533627469 0.6343932841636334 0
    outer loop
      vertex 18.644365344465974 29.120364495095288 0
      vertex 18.577943691966365 29.03942947734913 5
      vertex 18.644365344465974 29.120364495095288 5
    endloop
  endfacet
  facet normal -0.812846684591619 0.582477696867797 0
    outer loop
      vertex 18.70535137968407 29.20547040867788 0
      vertex 18.644365344465974 29.120364495095288 5
      vertex 18.70535137968407 29.20547040867788 5
    endloop
  endfacet
  facet normal -0.8492021815265733 0.528067850650377 0
    outer loop
      vertex 18.7606406460551 29.294382781509242 0
      vertex 18.70535137968407 29.20547040867788 5
      vertex 18.7606406460551 29.294382781509242 5
    endloop
  endfacet
  facet normal -0.8819212643483544 0.47139673682599903 5.614655619745098e-19
    outer loop
      vertex 18.7606406460551 29.294382781509242 5
      vertex 18.8099963864523 29.38672087715884 5
      vertex 18.8099963864523 29.38672087715884 0
    endloop
  endfacet
  facet normal -0.9108638249211752 0.4127070298043956 0
    outer loop
      vertex 18.85320725201806 29.4820892897251 0
      vertex 18.8099963864523 29.38672087715884 5
      vertex 18.85320725201806 29.4820892897251 5
    endloop
  endfacet
  facet normal -0.9359059267573303 0.35225004792122155 0
    outer loop
      vertex 18.890088207192168 29.580079637024184 0
      vertex 18.85320725201806 29.4820892897251 5
      vertex 18.890088207192168 29.580079637024184 5
    endloop
  endfacet
  facet normal -0.9569403357322024 0.29028467725448404 0
    outer loop
      vertex 18.92048132206251 29.68027230934521 0
      vertex 18.890088207192168 29.580079637024184 5
      vertex 18.92048132206251 29.68027230934521 5
    endloop
  endfacet
  facet normal -0.9738769792773325 0.22707626303437772 0
    outer loop
      vertex 18.94425644864517 29.782238266283436 0
      vertex 18.92048132206251 29.68027230934521 5
      vertex 18.94425644864517 29.782238266283436 5
    endloop
  endfacet
  facet normal -0.9866433320848795 0.16289547339458546 0
    outer loop
      vertex 18.961311778198098 29.88554087395716 0
      vertex 18.94425644864517 29.782238266283436 5
      vertex 18.961311778198098 29.88554087395716 5
    endloop
  endfacet
  facet normal -0.9951847266721978 0.09801714032955129 0
    outer loop
      vertex 18.971574277181766 29.989737774741013 0
      vertex 18.961311778198098 29.88554087395716 5
      vertex 18.971574277181766 29.989737774741013 5
    endloop
  endfacet
  facet normal -0.9994645874763654 0.032719082821786365 0
    outer loop
      vertex 18.975 30.094382781509243 0
      vertex 18.971574277181766 29.989737774741013 5
      vertex 18.975 30.094382781509243 5
    endloop
  endfacet
  facet normal -0.9359059267573303 -0.35225004792122155 0
    outer loop
      vertex 18.85320725201806 30.706676273293386 0
      vertex 18.890088207192168 30.6086859259943 5
      vertex 18.85320725201806 30.706676273293386 5
    endloop
  endfacet
  facet normal -0.9994645874763654 -0.032719082821786365 0
    outer loop
      vertex 18.971574277181766 30.199027788277473 0
      vertex 18.975 30.094382781509243 5
      vertex 18.971574277181766 30.199027788277473 5
    endloop
  endfacet
  facet normal -0.9951847266721978 -0.09801714032955129 0
    outer loop
      vertex 18.961311778198098 30.303224689061324 0
      vertex 18.971574277181766 30.199027788277473 5
      vertex 18.961311778198098 30.303224689061324 5
    endloop
  endfacet
  facet normal -0.9866433320848795 -0.16289547339458546 0
    outer loop
      vertex 18.94425644864517 30.40652729673505 0
      vertex 18.961311778198098 30.303224689061324 5
      vertex 18.94425644864517 30.40652729673505 5
    endloop
  endfacet
  facet normal -0.9738769792773325 -0.22707626303437772 0
    outer loop
      vertex 18.92048132206251 30.508493253673276 0
      vertex 18.94425644864517 30.40652729673505 5
      vertex 18.92048132206251 30.508493253673276 5
    endloop
  endfacet
  facet normal -0.9569403357322024 -0.29028467725448404 0
    outer loop
      vertex 18.890088207192168 30.6086859259943 0
      vertex 18.92048132206251 30.508493253673276 5
      vertex 18.890088207192168 30.6086859259943 5
    endloop
  endfacet
  facet normal 0.8819212643483544 -0.47139673682599903 0
    outer loop
      vertex 15.940003613547699 30.802044685859645 0
      vertex 15.989359353944899 30.894382781509243 5
      vertex 15.940003613547699 30.802044685859645 5
    endloop
  endfacet
  facet normal 0.8492021815265733 -0.528067850650377 0
    outer loop
      vertex 15.989359353944899 30.894382781509243 0
      vertex 16.04464862031593 30.983295154340606 5
      vertex 15.989359353944899 30.894382781509243 5
    endloop
  endfacet
  facet normal 0.812846684591619 -0.582477696867797 0
    outer loop
      vertex 16.04464862031593 30.983295154340606 0
      vertex 16.105634655534026 31.068401067923197 5
      vertex 16.04464862031593 30.983295154340606 5
    endloop
  endfacet
  facet normal 0.7730104533627469 -0.6343932841636334 0
    outer loop
      vertex 16.105634655534026 31.068401067923197 0
      vertex 16.172056308033635 31.149336085669354 5
      vertex 16.105634655534026 31.068401067923197 5
    endloop
  endfacet
  facet normal 0.7298640726978383 -0.6835923020228682 0
    outer loop
      vertex 16.172056308033635 31.149336085669354 0
      vertex 16.243629150101523 31.22575363140772 5
      vertex 16.172056308033635 31.149336085669354 5
    endloop
  endfacet
  facet normal 0.6835923020228682 -0.7298640726978383 0
    outer loop
      vertex 16.243629150101523 31.22575363140772 0
      vertex 16.32004669583989 31.297326473475607 5
      vertex 16.243629150101523 31.22575363140772 5
    endloop
  endfacet
  facet normal 0.634393284163637 -0.7730104533627439 0
    outer loop
      vertex 16.32004669583989 31.297326473475607 0
      vertex 16.40098171358605 31.36374812597522 5
      vertex 16.32004669583989 31.297326473475607 5
    endloop
  endfacet
  facet normal 0.5824776968677907 -0.8128466845916235 0
    outer loop
      vertex 16.40098171358605 31.36374812597522 0
      vertex 16.486087627168637 31.424734161193314 5
      vertex 16.40098171358605 31.36374812597522 5
    endloop
  endfacet
  facet normal 0.528067850650377 -0.8492021815265733 0
    outer loop
      vertex 16.486087627168637 31.424734161193314 0
      vertex 16.575 31.480023427564344 5
      vertex 16.486087627168637 31.424734161193314 5
    endloop
  endfacet
  facet normal 0.47139673682599903 -0.8819212643483544 0
    outer loop
      vertex 16.575 31.480023427564344 0
      vertex 16.667338095649598 31.529379167961544 5
      vertex 16.575 31.480023427564344 5
    endloop
  endfacet
  facet normal 0.4127070298043956 -0.9108638249211752 0
    outer loop
      vertex 16.667338095649598 31.529379167961544 0
      vertex 16.762706508215857 31.5725900335273 5
      vertex 16.667338095649598 31.529379167961544 5
    endloop
  endfacet
  facet normal 0.35225004792122155 -0.9359059267573303 0
    outer loop
      vertex 16.762706508215857 31.5725900335273 0
      vertex 16.86069685551494 31.60947098870141 5
      vertex 16.762706508215857 31.5725900335273 5
    endloop
  endfacet
  facet normal 0.29028467725448404 -0.9569403357322024 0
    outer loop
      vertex 16.86069685551494 31.60947098870141 0
      vertex 16.960889527835967 31.639864103571753 5
      vertex 16.86069685551494 31.60947098870141 5
    endloop
  endfacet
  facet normal 0.22707626303437772 -0.9738769792773325 0
    outer loop
      vertex 16.960889527835967 31.639864103571753 0
      vertex 17.062855484774193 31.663639230154413 5
      vertex 16.960889527835967 31.639864103571753 5
    endloop
  endfacet
  facet normal 0.16289547339458546 -0.9866433320848795 0
    outer loop
      vertex 17.062855484774193 31.663639230154413 0
      vertex 17.16615809244792 31.68069455970734 5
      vertex 17.062855484774193 31.663639230154413 5
    endloop
  endfacet
  facet normal 0.09801714032955129 -0.9951847266721978 0
    outer loop
      vertex 17.16615809244792 31.68069455970734 0
      vertex 17.27035499323177 31.69095705869101 5
      vertex 17.16615809244792 31.68069455970734 5
    endloop
  endfacet
  facet normal 0.032719082821786365 -0.9994645874763654 0
    outer loop
      vertex 17.27035499323177 31.69095705869101 0
      vertex 17.375 31.694382781509244 5
      vertex 17.27035499323177 31.69095705869101 5
    endloop
  endfacet
  facet normal -0.032719082821786365 -0.9994645874763654 0
    outer loop
      vertex 17.375 31.694382781509244 0
      vertex 17.47964500676823 31.69095705869101 5
      vertex 17.375 31.694382781509244 5
    endloop
  endfacet
  facet normal -0.09801714032955129 -0.9951847266721978 0
    outer loop
      vertex 17.47964500676823 31.69095705869101 0
      vertex 17.58384190755208 31.68069455970734 5
      vertex 17.47964500676823 31.69095705869101 5
    endloop
  endfacet
  facet normal -0.16289547339458546 -0.9866433320848795 0
    outer loop
      vertex 17.58384190755208 31.68069455970734 0
      vertex 17.687144515225807 31.663639230154413 5
      vertex 17.58384190755208 31.68069455970734 5
    endloop
  endfacet
  facet normal -0.22707626303437772 -0.9738769792773325 0
    outer loop
      vertex 17.687144515225807 31.663639230154413 0
      vertex 17.789110472164033 31.639864103571753 5
      vertex 17.687144515225807 31.663639230154413 5
    endloop
  endfacet
  facet normal -0.29028467725448404 -0.9569403357322024 0
    outer loop
      vertex 17.789110472164033 31.639864103571753 0
      vertex 17.88930314448506 31.60947098870141 5
      vertex 17.789110472164033 31.639864103571753 5
    endloop
  endfacet
  facet normal -0.35225004792122155 -0.9359059267573303 0
    outer loop
      vertex 17.88930314448506 31.60947098870141 0
      vertex 17.987293491784143 31.5725900335273 5
      vertex 17.88930314448506 31.60947098870141 5
    endloop
  endfacet
  facet normal -0.634393284163637 -0.7730104533627439 0
    outer loop
      vertex 18.34901828641395 31.36374812597522 0
      vertex 18.42995330416011 31.297326473475607 5
      vertex 18.34901828641395 31.36374812597522 5
    endloop
  endfacet
  facet normal -0.7298640726978383 -0.6835923020228682 0
    outer loop
      vertex 18.506370849898477 31.22575363140772 0
      vertex 18.577943691966365 31.149336085669354 5
      vertex 18.506370849898477 31.22575363140772 5
    endloop
  endfacet
  facet normal -0.6835923020228682 -0.7298640726978383 0
    outer loop
      vertex 18.42995330416011 31.297326473475607 0
      vertex 18.506370849898477 31.22575363140772 5
      vertex 18.42995330416011 31.297326473475607 5
    endloop
  endfacet
  facet normal -0.4127070298043956 -0.9108638249211752 0
    outer loop
      vertex 17.987293491784143 31.5725900335273 0
      vertex 18.082661904350402 31.529379167961544 5
      vertex 17.987293491784143 31.5725900335273 5
    endloop
  endfacet
  facet normal -0.47139673682599903 -0.8819212643483544 0
    outer loop
      vertex 18.082661904350402 31.529379167961544 0
      vertex 18.175 31.480023427564344 5
      vertex 18.082661904350402 31.529379167961544 5
    endloop
  endfacet
  facet normal -0.528067850650377 -0.8492021815265733 0
    outer loop
      vertex 18.175 31.480023427564344 0
      vertex 18.263912372831363 31.424734161193314 5
      vertex 18.175 31.480023427564344 5
    endloop
  endfacet
  facet normal -0.5824776968677907 -0.8128466845916235 0
    outer loop
      vertex 18.263912372831363 31.424734161193314 0
      vertex 18.34901828641395 31.36374812597522 5
      vertex 18.263912372831363 31.424734161193314 5
    endloop
  endfacet
  facet normal -0.8492021815265733 -0.528067850650377 0
    outer loop
      vertex 18.70535137968407 30.983295154340606 0
      vertex 18.7606406460551 30.894382781509243 5
      vertex 18.70535137968407 30.983295154340606 5
    endloop
  endfacet
  facet normal -0.812846684591619 -0.582477696867797 0
    outer loop
      vertex 18.644365344465974 31.068401067923197 0
      vertex 18.70535137968407 30.983295154340606 5
      vertex 18.644365344465974 31.068401067923197 5
    endloop
  endfacet
  facet normal -0.8819212643483544 -0.47139673682599903 0
    outer loop
      vertex 18.7606406460551 30.894382781509243 0
      vertex 18.8099963864523 30.802044685859645 5
      vertex 18.7606406460551 30.894382781509243 5
    endloop
  endfacet
  facet normal -0.9108638249211752 -0.4127070298043956 0
    outer loop
      vertex 18.8099963864523 30.802044685859645 0
      vertex 18.85320725201806 30.706676273293386 5
      vertex 18.8099963864523 30.802044685859645 5
    endloop
  endfacet
  facet normal -0.7730104533627469 -0.6343932841636334 0
    outer loop
      vertex 18.577943691966365 31.149336085669354 0
      vertex 18.644365344465974 31.068401067923197 5
      vertex 18.577943691966365 31.149336085669354 5
    endloop
  endfacet
  facet normal 0.7730104533627469 0.6343932841636334 -5.229111772821686e-19
    outer loop
      vertex -18.577943691966365 29.03942947734913 0
      vertex -18.644365344465974 29.120364495095288 0
      vertex -18.644365344465974 29.120364495095288 5
    endloop
  endfacet
  facet normal 0.8492021815265733 0.528067850650377 -1.0052654472535037e-19
    outer loop
      vertex -18.70535137968407 29.20547040867788 0
      vertex -18.7606406460551 29.294382781509242 0
      vertex -18.7606406460551 29.294382781509242 5
    endloop
  endfacet
  facet normal 0.9108638249211752 0.4127070298043956 2.4179862206665407e-19
    outer loop
      vertex -18.8099963864523 29.38672087715884 0
      vertex -18.85320725201806 29.4820892897251 0
      vertex -18.85320725201806 29.4820892897251 5
    endloop
  endfacet
  facet normal 0.8819212643483544 0.47139673682599903 -5.614655619745098e-19
    outer loop
      vertex -18.7606406460551 29.294382781509242 0
      vertex -18.8099963864523 29.38672087715884 0
      vertex -18.8099963864523 29.38672087715884 5
    endloop
  endfacet
  facet normal 0.812846684591619 0.582477696867797 2.370211377546735e-19
    outer loop
      vertex -18.644365344465974 29.120364495095288 0
      vertex -18.70535137968407 29.20547040867788 0
      vertex -18.70535137968407 29.20547040867788 5
    endloop
  endfacet
  facet normal 0.5824776968677907 0.8128466845916235 0
    outer loop
      vertex -18.34901828641395 28.825017437043265 0
      vertex -18.34901828641395 28.825017437043265 5
      vertex -18.263912372831363 28.76403140182517 0
    endloop
  endfacet
  facet normal 0.528067850650377 0.8492021815265733 0
    outer loop
      vertex -18.263912372831363 28.76403140182517 0
      vertex -18.263912372831363 28.76403140182517 5
      vertex -18.175 28.70874213545414 0
    endloop
  endfacet
  facet normal 0.47139673682599903 0.8819212643483544 0
    outer loop
      vertex -18.175 28.70874213545414 0
      vertex -18.175 28.70874213545414 5
      vertex -18.082661904350402 28.65938639505694 0
    endloop
  endfacet
  facet normal 0.4127070298043956 0.9108638249211752 0
    outer loop
      vertex -18.082661904350402 28.65938639505694 0
      vertex -18.082661904350402 28.65938639505694 5
      vertex -17.987293491784143 28.616175529491183 0
    endloop
  endfacet
  facet normal 0.35225004792122155 0.9359059267573303 0
    outer loop
      vertex -17.987293491784143 28.616175529491183 0
      vertex -17.987293491784143 28.616175529491183 5
      vertex -17.88930314448506 28.579294574317075 0
    endloop
  endfacet
  facet normal 0.6835923020228682 0.7298640726978383 -1.4143609593366894e-19
    outer loop
      vertex -18.42995330416011 28.891439089542878 0
      vertex -18.506370849898477 28.963011931610765 0
      vertex -18.506370849898477 28.963011931610765 5
    endloop
  endfacet
  facet normal 0.7298640726978383 0.6835923020228682 -1.4143609593366894e-19
    outer loop
      vertex -18.506370849898477 28.963011931610765 0
      vertex -18.577943691966365 29.03942947734913 0
      vertex -18.577943691966365 29.03942947734913 5
    endloop
  endfacet
  facet normal 0.634393284163637 0.7730104533627439 0
    outer loop
      vertex -18.42995330416011 28.891439089542878 0
      vertex -18.42995330416011 28.891439089542878 5
      vertex -18.34901828641395 28.825017437043265 0
    endloop
  endfacet
  facet normal 0.9569403357322024 0.29028467725448404 -2.913384736687111e-19
    outer loop
      vertex -18.890088207192168 29.580079637024184 0
      vertex -18.92048132206251 29.68027230934521 0
      vertex -18.92048132206251 29.68027230934521 5
    endloop
  endfacet
  facet normal 0.9738769792773325 0.22707626303437772 2.900681485804892e-19
    outer loop
      vertex -18.92048132206251 29.68027230934521 0
      vertex -18.94425644864517 29.782238266283436 0
      vertex -18.94425644864517 29.782238266283436 5
    endloop
  endfacet
  facet normal 0.9866433320848795 0.16289547339458546 -8.611969602204896e-20
    outer loop
      vertex -18.94425644864517 29.782238266283436 0
      vertex -18.961311778198098 29.88554087395716 0
      vertex -18.961311778198098 29.88554087395716 5
    endloop
  endfacet
  facet normal 0.9951847266721978 0.09801714032955129 -2.2212933015947856e-20
    outer loop
      vertex -18.961311778198098 29.88554087395716 0
      vertex -18.971574277181766 29.989737774741013 0
      vertex -18.971574277181766 29.989737774741013 5
    endloop
  endfacet
  facet normal 0.9994645874763654 0.032719082821786365 2.5934643032774505e-20
    outer loop
      vertex -18.971574277181766 29.989737774741013 0
      vertex -18.975 30.094382781509243 0
      vertex -18.975 30.094382781509243 5
    endloop
  endfacet
  facet normal 0.9359059267573303 0.35225004792122155 2.4311945454629123e-20
    outer loop
      vertex -18.85320725201806 29.4820892897251 0
      vertex -18.890088207192168 29.580079637024184 0
      vertex -18.890088207192168 29.580079637024184 5
    endloop
  endfacet
  facet normal 0.9994645874763654 -0.032719082821786365 -2.5934643032774505e-20
    outer loop
      vertex -18.975 30.094382781509243 0
      vertex -18.971574277181766 30.199027788277473 0
      vertex -18.971574277181766 30.199027788277473 5
    endloop
  endfacet
  facet normal 0.9951847266721978 -0.09801714032955129 2.2212933015947856e-20
    outer loop
      vertex -18.971574277181766 30.199027788277473 0
      vertex -18.961311778198098 30.303224689061324 0
      vertex -18.961311778198098 30.303224689061324 5
    endloop
  endfacet
  facet normal 0.9866433320848795 -0.16289547339458546 8.611969602204896e-20
    outer loop
      vertex -18.961311778198098 30.303224689061324 0
      vertex -18.94425644864517 30.40652729673505 0
      vertex -18.94425644864517 30.40652729673505 5
    endloop
  endfacet
  facet normal 0.9738769792773325 -0.22707626303437772 -2.900681485804892e-19
    outer loop
      vertex -18.94425644864517 30.40652729673505 0
      vertex -18.92048132206251 30.508493253673276 0
      vertex -18.92048132206251 30.508493253673276 5
    endloop
  endfacet
  facet normal 0.9569403357322024 -0.29028467725448404 2.913384736687111e-19
    outer loop
      vertex -18.92048132206251 30.508493253673276 0
      vertex -18.890088207192168 30.6086859259943 0
      vertex -18.890088207192168 30.6086859259943 5
    endloop
  endfacet
  facet normal 0.9359059267573303 -0.35225004792122155 -2.4311945454629123e-20
    outer loop
      vertex -18.890088207192168 30.6086859259943 0
      vertex -18.85320725201806 30.706676273293386 0
      vertex -18.85320725201806 30.706676273293386 5
    endloop
  endfacet
  facet normal 0.29028467725448404 0.9569403357322024 0
    outer loop
      vertex -17.88930314448506 28.579294574317075 0
      vertex -17.88930314448506 28.579294574317075 5
      vertex -17.789110472164033 28.548901459446732 0
    endloop
  endfacet
  facet normal 0.22707626303437772 0.9738769792773325 0
    outer loop
      vertex -17.789110472164033 28.548901459446732 0
      vertex -17.789110472164033 28.548901459446732 5
      vertex -17.687144515225807 28.525126332864073 0
    endloop
  endfacet
  facet normal 0.16289547339458546 0.9866433320848795 0
    outer loop
      vertex -17.687144515225807 28.525126332864073 0
      vertex -17.687144515225807 28.525126332864073 5
      vertex -17.58384190755208 28.508071003311144 0
    endloop
  endfacet
  facet normal 0.09801714032955129 0.9951847266721978 0
    outer loop
      vertex -17.58384190755208 28.508071003311144 0
      vertex -17.58384190755208 28.508071003311144 5
      vertex -17.47964500676823 28.497808504327477 0
    endloop
  endfacet
  facet normal 0.032719082821786365 0.9994645874763654 0
    outer loop
      vertex -17.47964500676823 28.497808504327477 0
      vertex -17.47964500676823 28.497808504327477 5
      vertex -17.375 28.49438278150924 0
    endloop
  endfacet
  facet normal -0.032719082821786365 0.9994645874763654 0
    outer loop
      vertex -17.375 28.49438278150924 0
      vertex -17.375 28.49438278150924 5
      vertex -17.27035499323177 28.497808504327477 0
    endloop
  endfacet
  facet normal -0.09801714032955129 0.9951847266721978 0
    outer loop
      vertex -17.27035499323177 28.497808504327477 0
      vertex -17.27035499323177 28.497808504327477 5
      vertex -17.16615809244792 28.508071003311144 0
    endloop
  endfacet
  facet normal -0.16289547339458546 0.9866433320848795 0
    outer loop
      vertex -17.16615809244792 28.508071003311144 0
      vertex -17.16615809244792 28.508071003311144 5
      vertex -17.062855484774193 28.525126332864073 0
    endloop
  endfacet
  facet normal -0.22707626303437772 0.9738769792773325 0
    outer loop
      vertex -17.062855484774193 28.525126332864073 0
      vertex -17.062855484774193 28.525126332864073 5
      vertex -16.960889527835967 28.548901459446732 0
    endloop
  endfacet
  facet normal -0.29028467725448404 0.9569403357322024 0
    outer loop
      vertex -16.960889527835967 28.548901459446732 0
      vertex -16.960889527835967 28.548901459446732 5
      vertex -16.86069685551494 28.579294574317075 0
    endloop
  endfacet
  facet normal -0.35225004792122155 0.9359059267573303 0
    outer loop
      vertex -16.86069685551494 28.579294574317075 0
      vertex -16.86069685551494 28.579294574317075 5
      vertex -16.762706508215857 28.616175529491183 0
    endloop
  endfacet
  facet normal -0.4127070298043956 0.9108638249211752 0
    outer loop
      vertex -16.762706508215857 28.616175529491183 0
      vertex -16.762706508215857 28.616175529491183 5
      vertex -16.667338095649598 28.65938639505694 0
    endloop
  endfacet
  facet normal -0.47139673682599903 0.8819212643483544 0
    outer loop
      vertex -16.667338095649598 28.65938639505694 0
      vertex -16.667338095649598 28.65938639505694 5
      vertex -16.575 28.70874213545414 0
    endloop
  endfacet
  facet normal -0.528067850650377 0.8492021815265733 0
    outer loop
      vertex -16.575 28.70874213545414 0
      vertex -16.575 28.70874213545414 5
      vertex -16.486087627168637 28.76403140182517 0
    endloop
  endfacet
  facet normal -0.5824776968677907 0.8128466845916235 0
    outer loop
      vertex -16.486087627168637 28.76403140182517 0
      vertex -16.486087627168637 28.76403140182517 5
      vertex -16.40098171358605 28.825017437043265 0
    endloop
  endfacet
  facet normal -0.634393284163637 0.7730104533627439 0
    outer loop
      vertex -16.40098171358605 28.825017437043265 0
      vertex -16.40098171358605 28.825017437043265 5
      vertex -16.32004669583989 28.891439089542878 0
    endloop
  endfacet
  facet normal -0.6835923020228682 0.7298640726978383 0
    outer loop
      vertex -16.32004669583989 28.891439089542878 0
      vertex -16.32004669583989 28.891439089542878 5
      vertex -16.243629150101523 28.963011931610765 0
    endloop
  endfacet
  facet normal -0.7298640726978383 0.6835923020228682 0
    outer loop
      vertex -16.243629150101523 28.963011931610765 0
      vertex -16.243629150101523 28.963011931610765 5
      vertex -16.172056308033635 29.03942947734913 0
    endloop
  endfacet
  facet normal -0.7730104533627469 0.6343932841636334 5.229111772821686e-19
    outer loop
      vertex -16.105634655534026 29.120364495095288 0
      vertex -16.172056308033635 29.03942947734913 0
      vertex -16.172056308033635 29.03942947734913 5
    endloop
  endfacet
  facet normal -0.812846684591619 0.582477696867797 -2.370211377546735e-19
    outer loop
      vertex -16.04464862031593 29.20547040867788 0
      vertex -16.105634655534026 29.120364495095288 0
      vertex -16.105634655534026 29.120364495095288 5
    endloop
  endfacet
  facet normal -0.8492021815265733 0.528067850650377 1.0052654472535037e-19
    outer loop
      vertex -15.989359353944899 29.294382781509242 0
      vertex -16.04464862031593 29.20547040867788 0
      vertex -16.04464862031593 29.20547040867788 5
    endloop
  endfacet
  facet normal -0.8819212643483544 0.47139673682599903 5.614655619745098e-19
    outer loop
      vertex -15.940003613547699 29.38672087715884 0
      vertex -15.989359353944899 29.294382781509242 0
      vertex -15.989359353944899 29.294382781509242 5
    endloop
  endfacet
  facet normal -0.9108638249211752 0.4127070298043956 -2.4179862206665407e-19
    outer loop
      vertex -15.89679274798194 29.4820892897251 0
      vertex -15.940003613547699 29.38672087715884 0
      vertex -15.940003613547699 29.38672087715884 5
    endloop
  endfacet
  facet normal -0.9359059267573248 0.35225004792123643 2.809287953439709e-19
    outer loop
      vertex -15.85991179280783 29.580079637024184 0
      vertex -15.89679274798194 29.4820892897251 0
      vertex -15.89679274798194 29.4820892897251 5
    endloop
  endfacet
  facet normal -0.9569403357322117 0.29028467725445295 -3.53478071687265e-19
    outer loop
      vertex -15.829518677937491 29.68027230934521 0
      vertex -15.85991179280783 29.580079637024184 0
      vertex -15.85991179280783 29.580079637024184 5
    endloop
  endfacet
  facet normal -0.9738769792773325 0.22707626303437772 -2.900681485804892e-19
    outer loop
      vertex -15.805743551354832 29.782238266283436 0
      vertex -15.829518677937491 29.68027230934521 0
      vertex -15.829518677937491 29.68027230934521 5
    endloop
  endfacet
  facet normal -0.9866433320848795 0.16289547339458546 8.611969602204896e-20
    outer loop
      vertex -15.788688221801904 29.88554087395716 0
      vertex -15.805743551354832 29.782238266283436 0
      vertex -15.805743551354832 29.782238266283436 5
    endloop
  endfacet
  facet normal -0.9951847266721962 0.0980171403295681 -1.5133584377122654e-19
    outer loop
      vertex -15.778425722818234 29.989737774741013 0
      vertex -15.788688221801904 29.88554087395716 0
      vertex -15.788688221801904 29.88554087395716 5
    endloop
  endfacet
  facet normal -0.9994645874763659 0.03271908282176942 -2.6719752890336e-20
    outer loop
      vertex -15.775 30.094382781509243 0
      vertex -15.778425722818234 29.989737774741013 0
      vertex -15.778425722818234 29.989737774741013 5
    endloop
  endfacet
  facet normal -0.9994645874763659 -0.03271908282176942 2.6719752890336e-20
    outer loop
      vertex -15.778425722818234 30.199027788277473 0
      vertex -15.775 30.094382781509243 0
      vertex -15.775 30.094382781509243 5
    endloop
  endfacet
  facet normal -0.9951847266721962 -0.0980171403295681 1.5133584377122654e-19
    outer loop
      vertex -15.788688221801904 30.303224689061324 0
      vertex -15.778425722818234 30.199027788277473 0
      vertex -15.778425722818234 30.199027788277473 5
    endloop
  endfacet
  facet normal -0.9866433320848795 -0.16289547339458546 -8.611969602204896e-20
    outer loop
      vertex -15.805743551354832 30.40652729673505 0
      vertex -15.788688221801904 30.303224689061324 0
      vertex -15.788688221801904 30.303224689061324 5
    endloop
  endfacet
  facet normal -0.9359059267573248 -0.35225004792123643 -2.809287953439709e-19
    outer loop
      vertex -15.89679274798194 30.706676273293386 0
      vertex -15.85991179280783 30.6086859259943 0
      vertex -15.85991179280783 30.6086859259943 5
    endloop
  endfacet
  facet normal -0.9108638249211752 -0.4127070298043956 2.4179862206665407e-19
    outer loop
      vertex -15.940003613547699 30.802044685859645 0
      vertex -15.89679274798194 30.706676273293386 0
      vertex -15.89679274798194 30.706676273293386 5
    endloop
  endfacet
  facet normal -0.9738769792773325 -0.22707626303437772 2.900681485804892e-19
    outer loop
      vertex -15.829518677937491 30.508493253673276 0
      vertex -15.805743551354832 30.40652729673505 0
      vertex -15.805743551354832 30.40652729673505 5
    endloop
  endfacet
  facet normal -0.9569403357322117 -0.29028467725445295 3.53478071687265e-19
    outer loop
      vertex -15.85991179280783 30.6086859259943 0
      vertex -15.829518677937491 30.508493253673276 0
      vertex -15.829518677937491 30.508493253673276 5
    endloop
  endfacet
  facet normal 0.9108638249211752 -0.4127070298043956 -2.4179862206665407e-19
    outer loop
      vertex -18.85320725201806 30.706676273293386 0
      vertex -18.8099963864523 30.802044685859645 0
      vertex -18.8099963864523 30.802044685859645 5
    endloop
  endfacet
  facet normal 0.8819212643483544 -0.47139673682599903 5.614655619745098e-19
    outer loop
      vertex -18.8099963864523 30.802044685859645 0
      vertex -18.7606406460551 30.894382781509243 0
      vertex -18.7606406460551 30.894382781509243 5
    endloop
  endfacet
  facet normal 0.8492021815265733 -0.528067850650377 1.0052654472535037e-19
    outer loop
      vertex -18.7606406460551 30.894382781509243 0
      vertex -18.70535137968407 30.983295154340606 0
      vertex -18.70535137968407 30.983295154340606 5
    endloop
  endfacet
  facet normal 0.812846684591619 -0.582477696867797 -2.370211377546735e-19
    outer loop
      vertex -18.70535137968407 30.983295154340606 0
      vertex -18.644365344465974 31.068401067923197 0
      vertex -18.644365344465974 31.068401067923197 5
    endloop
  endfacet
  facet normal 0.7730104533627469 -0.6343932841636334 5.229111772821686e-19
    outer loop
      vertex -18.644365344465974 31.068401067923197 0
      vertex -18.577943691966365 31.149336085669354 0
      vertex -18.577943691966365 31.149336085669354 5
    endloop
  endfacet
  facet normal 0.7298640726978383 -0.6835923020228682 1.4143609593366894e-19
    outer loop
      vertex -18.577943691966365 31.149336085669354 0
      vertex -18.506370849898477 31.22575363140772 0
      vertex -18.506370849898477 31.22575363140772 5
    endloop
  endfacet
  facet normal 0.6835923020228682 -0.7298640726978383 0
    outer loop
      vertex -18.42995330416011 31.297326473475607 0
      vertex -18.42995330416011 31.297326473475607 5
      vertex -18.506370849898477 31.22575363140772 0
    endloop
  endfacet
  facet normal 0.634393284163637 -0.7730104533627439 0
    outer loop
      vertex -18.34901828641395 31.36374812597522 0
      vertex -18.34901828641395 31.36374812597522 5
      vertex -18.42995330416011 31.297326473475607 0
    endloop
  endfacet
  facet normal 0.5824776968677907 -0.8128466845916235 0
    outer loop
      vertex -18.263912372831363 31.424734161193314 0
      vertex -18.263912372831363 31.424734161193314 5
      vertex -18.34901828641395 31.36374812597522 0
    endloop
  endfacet
  facet normal 0.528067850650377 -0.8492021815265733 0
    outer loop
      vertex -18.175 31.480023427564344 0
      vertex -18.175 31.480023427564344 5
      vertex -18.263912372831363 31.424734161193314 0
    endloop
  endfacet
  facet normal 0.47139673682599903 -0.8819212643483544 0
    outer loop
      vertex -18.082661904350402 31.529379167961544 0
      vertex -18.082661904350402 31.529379167961544 5
      vertex -18.175 31.480023427564344 0
    endloop
  endfacet
  facet normal 0.4127070298043956 -0.9108638249211752 0
    outer loop
      vertex -17.987293491784143 31.5725900335273 0
      vertex -17.987293491784143 31.5725900335273 5
      vertex -18.082661904350402 31.529379167961544 0
    endloop
  endfacet
  facet normal 0.35225004792122155 -0.9359059267573303 0
    outer loop
      vertex -17.88930314448506 31.60947098870141 0
      vertex -17.88930314448506 31.60947098870141 5
      vertex -17.987293491784143 31.5725900335273 0
    endloop
  endfacet
  facet normal 0.29028467725448404 -0.9569403357322024 0
    outer loop
      vertex -17.789110472164033 31.639864103571753 0
      vertex -17.789110472164033 31.639864103571753 5
      vertex -17.88930314448506 31.60947098870141 0
    endloop
  endfacet
  facet normal 0.22707626303437772 -0.9738769792773325 0
    outer loop
      vertex -17.687144515225807 31.663639230154413 0
      vertex -17.687144515225807 31.663639230154413 5
      vertex -17.789110472164033 31.639864103571753 0
    endloop
  endfacet
  facet normal 0.16289547339458546 -0.9866433320848795 0
    outer loop
      vertex -17.58384190755208 31.68069455970734 0
      vertex -17.58384190755208 31.68069455970734 5
      vertex -17.687144515225807 31.663639230154413 0
    endloop
  endfacet
  facet normal 0.09801714032955129 -0.9951847266721978 0
    outer loop
      vertex -17.47964500676823 31.69095705869101 0
      vertex -17.47964500676823 31.69095705869101 5
      vertex -17.58384190755208 31.68069455970734 0
    endloop
  endfacet
  facet normal 0.032719082821786365 -0.9994645874763654 0
    outer loop
      vertex -17.375 31.694382781509244 0
      vertex -17.375 31.694382781509244 5
      vertex -17.47964500676823 31.69095705869101 0
    endloop
  endfacet
  facet normal -0.032719082821786365 -0.9994645874763654 0
    outer loop
      vertex -17.27035499323177 31.69095705869101 0
      vertex -17.27035499323177 31.69095705869101 5
      vertex -17.375 31.694382781509244 0
    endloop
  endfacet
  facet normal -0.09801714032955129 -0.9951847266721978 0
    outer loop
      vertex -17.16615809244792 31.68069455970734 0
      vertex -17.16615809244792 31.68069455970734 5
      vertex -17.27035499323177 31.69095705869101 0
    endloop
  endfacet
  facet normal -0.16289547339458546 -0.9866433320848795 0
    outer loop
      vertex -17.062855484774193 31.663639230154413 0
      vertex -17.062855484774193 31.663639230154413 5
      vertex -17.16615809244792 31.68069455970734 0
    endloop
  endfacet
  facet normal -0.22707626303437772 -0.9738769792773325 0
    outer loop
      vertex -16.960889527835967 31.639864103571753 0
      vertex -16.960889527835967 31.639864103571753 5
      vertex -17.062855484774193 31.663639230154413 0
    endloop
  endfacet
  facet normal -0.29028467725448404 -0.9569403357322024 0
    outer loop
      vertex -16.86069685551494 31.60947098870141 0
      vertex -16.86069685551494 31.60947098870141 5
      vertex -16.960889527835967 31.639864103571753 0
    endloop
  endfacet
  facet normal -0.4127070298043956 -0.9108638249211752 0
    outer loop
      vertex -16.667338095649598 31.529379167961544 0
      vertex -16.667338095649598 31.529379167961544 5
      vertex -16.762706508215857 31.5725900335273 0
    endloop
  endfacet
  facet normal -0.35225004792122155 -0.9359059267573303 0
    outer loop
      vertex -16.762706508215857 31.5725900335273 0
      vertex -16.762706508215857 31.5725900335273 5
      vertex -16.86069685551494 31.60947098870141 0
    endloop
  endfacet
  facet normal -0.5824776968677907 -0.8128466845916235 0
    outer loop
      vertex -16.40098171358605 31.36374812597522 0
      vertex -16.40098171358605 31.36374812597522 5
      vertex -16.486087627168637 31.424734161193314 0
    endloop
  endfacet
  facet normal -0.634393284163637 -0.7730104533627439 0
    outer loop
      vertex -16.32004669583989 31.297326473475607 0
      vertex -16.32004669583989 31.297326473475607 5
      vertex -16.40098171358605 31.36374812597522 0
    endloop
  endfacet
  facet normal -0.812846684591619 -0.582477696867797 2.370211377546735e-19
    outer loop
      vertex -16.105634655534026 31.068401067923197 0
      vertex -16.04464862031593 30.983295154340606 0
      vertex -16.04464862031593 30.983295154340606 5
    endloop
  endfacet
  facet normal -0.7298640726978383 -0.6835923020228682 -1.4143609593366894e-19
    outer loop
      vertex -16.243629150101523 31.22575363140772 0
      vertex -16.172056308033635 31.149336085669354 0
      vertex -16.172056308033635 31.149336085669354 5
    endloop
  endfacet
  facet normal -0.6835923020228682 -0.7298640726978383 -1.4143609593366894e-19
    outer loop
      vertex -16.32004669583989 31.297326473475607 0
      vertex -16.243629150101523 31.22575363140772 0
      vertex -16.243629150101523 31.22575363140772 5
    endloop
  endfacet
  facet normal -0.7730104533627469 -0.6343932841636334 -5.229111772821686e-19
    outer loop
      vertex -16.172056308033635 31.149336085669354 0
      vertex -16.105634655534026 31.068401067923197 0
      vertex -16.105634655534026 31.068401067923197 5
    endloop
  endfacet
  facet normal -0.47139673682599903 -0.8819212643483544 0
    outer loop
      vertex -16.575 31.480023427564344 0
      vertex -16.575 31.480023427564344 5
      vertex -16.667338095649598 31.529379167961544 0
    endloop
  endfacet
  facet normal -0.528067850650377 -0.8492021815265733 0
    outer loop
      vertex -16.486087627168637 31.424734161193314 0
      vertex -16.486087627168637 31.424734161193314 5
      vertex -16.575 31.480023427564344 0
    endloop
  endfacet
  facet normal -0.8819212643483544 -0.47139673682599903 -5.614655619745098e-19
    outer loop
      vertex -15.989359353944899 30.894382781509243 0
      vertex -15.940003613547699 30.802044685859645 0
      vertex -15.940003613547699 30.802044685859645 5
    endloop
  endfacet
  facet normal -0.8492021815265733 -0.528067850650377 -1.0052654472535037e-19
    outer loop
      vertex -16.04464862031593 30.983295154340606 0
      vertex -15.989359353944899 30.894382781509243 0
      vertex -15.989359353944899 30.894382781509243 5
    endloop
  endfacet
  facet normal 0.7730104533627469 0.6343932841636334 0
    outer loop
      vertex -18.577943691966365 29.03942947734913 0
      vertex -18.644365344465974 29.120364495095288 5
      vertex -18.577943691966365 29.03942947734913 5
    endloop
  endfacet
  facet normal 0.9108638249211752 0.4127070298043956 0
    outer loop
      vertex -18.8099963864523 29.38672087715884 0
      vertex -18.85320725201806 29.4820892897251 5
      vertex -18.8099963864523 29.38672087715884 5
    endloop
  endfacet
  facet normal 0.8819212643483544 0.47139673682599903 0
    outer loop
      vertex -18.7606406460551 29.294382781509242 0
      vertex -18.8099963864523 29.38672087715884 5
      vertex -18.7606406460551 29.294382781509242 5
    endloop
  endfacet
  facet normal 0.812846684591619 0.582477696867797 0
    outer loop
      vertex -18.644365344465974 29.120364495095288 0
      vertex -18.70535137968407 29.20547040867788 5
      vertex -18.644365344465974 29.120364495095288 5
    endloop
  endfacet
  facet normal 0.8492021815265733 0.528067850650377 0
    outer loop
      vertex -18.70535137968407 29.20547040867788 0
      vertex -18.7606406460551 29.294382781509242 5
      vertex -18.70535137968407 29.20547040867788 5
    endloop
  endfacet
  facet normal 0.5824776968677907 0.8128466845916235 0
    outer loop
      vertex -18.263912372831363 28.76403140182517 0
      vertex -18.34901828641395 28.825017437043265 5
      vertex -18.263912372831363 28.76403140182517 5
    endloop
  endfacet
  facet normal 0.528067850650377 0.8492021815265733 0
    outer loop
      vertex -18.175 28.70874213545414 0
      vertex -18.263912372831363 28.76403140182517 5
      vertex -18.175 28.70874213545414 5
    endloop
  endfacet
  facet normal 0.47139673682599903 0.8819212643483544 0
    outer loop
      vertex -18.082661904350402 28.65938639505694 0
      vertex -18.175 28.70874213545414 5
      vertex -18.082661904350402 28.65938639505694 5
    endloop
  endfacet
  facet normal 0.4127070298043956 0.9108638249211752 0
    outer loop
      vertex -17.987293491784143 28.616175529491183 0
      vertex -18.082661904350402 28.65938639505694 5
      vertex -17.987293491784143 28.616175529491183 5
    endloop
  endfacet
  facet normal 0.6835923020228682 0.7298640726978383 0
    outer loop
      vertex -18.42995330416011 28.891439089542878 0
      vertex -18.506370849898477 28.963011931610765 5
      vertex -18.42995330416011 28.891439089542878 5
    endloop
  endfacet
  facet normal 0.7298640726978383 0.6835923020228682 0
    outer loop
      vertex -18.506370849898477 28.963011931610765 0
      vertex -18.577943691966365 29.03942947734913 5
      vertex -18.506370849898477 28.963011931610765 5
    endloop
  endfacet
  facet normal 0.634393284163637 0.7730104533627439 0
    outer loop
      vertex -18.34901828641395 28.825017437043265 0
      vertex -18.42995330416011 28.891439089542878 5
      vertex -18.34901828641395 28.825017437043265 5
    endloop
  endfacet
  facet normal 0.9569403357322024 0.29028467725448404 0
    outer loop
      vertex -18.890088207192168 29.580079637024184 0
      vertex -18.92048132206251 29.68027230934521 5
      vertex -18.890088207192168 29.580079637024184 5
    endloop
  endfacet
  facet normal 0.9738769792773325 0.22707626303437772 0
    outer loop
      vertex -18.92048132206251 29.68027230934521 0
      vertex -18.94425644864517 29.782238266283436 5
      vertex -18.92048132206251 29.68027230934521 5
    endloop
  endfacet
  facet normal 0.9866433320848795 0.16289547339458546 0
    outer loop
      vertex -18.94425644864517 29.782238266283436 0
      vertex -18.961311778198098 29.88554087395716 5
      vertex -18.94425644864517 29.782238266283436 5
    endloop
  endfacet
  facet normal 0.9951847266721978 0.09801714032955129 0
    outer loop
      vertex -18.961311778198098 29.88554087395716 0
      vertex -18.971574277181766 29.989737774741013 5
      vertex -18.961311778198098 29.88554087395716 5
    endloop
  endfacet
  facet normal 0.9994645874763654 0.032719082821786365 0
    outer loop
      vertex -18.971574277181766 29.989737774741013 0
      vertex -18.975 30.094382781509243 5
      vertex -18.971574277181766 29.989737774741013 5
    endloop
  endfacet
  facet normal 0.9359059267573303 0.35225004792122155 0
    outer loop
      vertex -18.85320725201806 29.4820892897251 0
      vertex -18.890088207192168 29.580079637024184 5
      vertex -18.85320725201806 29.4820892897251 5
    endloop
  endfacet
  facet normal 0.9994645874763654 -0.032719082821786365 0
    outer loop
      vertex -18.975 30.094382781509243 0
      vertex -18.971574277181766 30.199027788277473 5
      vertex -18.975 30.094382781509243 5
    endloop
  endfacet
  facet normal 0.9951847266721978 -0.09801714032955129 0
    outer loop
      vertex -18.971574277181766 30.199027788277473 0
      vertex -18.961311778198098 30.303224689061324 5
      vertex -18.971574277181766 30.199027788277473 5
    endloop
  endfacet
  facet normal 0.9866433320848795 -0.16289547339458546 0
    outer loop
      vertex -18.961311778198098 30.303224689061324 0
      vertex -18.94425644864517 30.40652729673505 5
      vertex -18.961311778198098 30.303224689061324 5
    endloop
  endfacet
  facet normal 0.9738769792773325 -0.22707626303437772 0
    outer loop
      vertex -18.94425644864517 30.40652729673505 0
      vertex -18.92048132206251 30.508493253673276 5
      vertex -18.94425644864517 30.40652729673505 5
    endloop
  endfacet
  facet normal 0.9569403357322024 -0.29028467725448404 0
    outer loop
      vertex -18.92048132206251 30.508493253673276 0
      vertex -18.890088207192168 30.6086859259943 5
      vertex -18.92048132206251 30.508493253673276 5
    endloop
  endfacet
  facet normal 0.9359059267573303 -0.35225004792122155 0
    outer loop
      vertex -18.890088207192168 30.6086859259943 0
      vertex -18.85320725201806 30.706676273293386 5
      vertex -18.890088207192168 30.6086859259943 5
    endloop
  endfacet
  facet normal 0.9108638249211752 -0.4127070298043956 0
    outer loop
      vertex -18.85320725201806 30.706676273293386 0
      vertex -18.8099963864523 30.802044685859645 5
      vertex -18.85320725201806 30.706676273293386 5
    endloop
  endfacet
  facet normal 0.35225004792122155 0.9359059267573303 0
    outer loop
      vertex -17.88930314448506 28.579294574317075 0
      vertex -17.987293491784143 28.616175529491183 5
      vertex -17.88930314448506 28.579294574317075 5
    endloop
  endfacet
  facet normal 0.29028467725448404 0.9569403357322024 0
    outer loop
      vertex -17.789110472164033 28.548901459446732 0
      vertex -17.88930314448506 28.579294574317075 5
      vertex -17.789110472164033 28.548901459446732 5
    endloop
  endfacet
  facet normal 0.22707626303437772 0.9738769792773325 0
    outer loop
      vertex -17.687144515225807 28.525126332864073 0
      vertex -17.789110472164033 28.548901459446732 5
      vertex -17.687144515225807 28.525126332864073 5
    endloop
  endfacet
  facet normal 0.16289547339458546 0.9866433320848795 0
    outer loop
      vertex -17.58384190755208 28.508071003311144 0
      vertex -17.687144515225807 28.525126332864073 5
      vertex -17.58384190755208 28.508071003311144 5
    endloop
  endfacet
  facet normal 0.09801714032955129 0.9951847266721978 0
    outer loop
      vertex -17.47964500676823 28.497808504327477 0
      vertex -17.58384190755208 28.508071003311144 5
      vertex -17.47964500676823 28.497808504327477 5
    endloop
  endfacet
  facet normal 0.032719082821786365 0.9994645874763654 0
    outer loop
      vertex -17.375 28.49438278150924 0
      vertex -17.47964500676823 28.497808504327477 5
      vertex -17.375 28.49438278150924 5
    endloop
  endfacet
  facet normal -0.032719082821786365 0.9994645874763654 0
    outer loop
      vertex -17.27035499323177 28.497808504327477 0
      vertex -17.375 28.49438278150924 5
      vertex -17.27035499323177 28.497808504327477 5
    endloop
  endfacet
  facet normal -0.09801714032955129 0.9951847266721978 0
    outer loop
      vertex -17.16615809244792 28.508071003311144 0
      vertex -17.27035499323177 28.497808504327477 5
      vertex -17.16615809244792 28.508071003311144 5
    endloop
  endfacet
  facet normal -0.16289547339458546 0.9866433320848795 0
    outer loop
      vertex -17.062855484774193 28.525126332864073 0
      vertex -17.16615809244792 28.508071003311144 5
      vertex -17.062855484774193 28.525126332864073 5
    endloop
  endfacet
  facet normal -0.22707626303437772 0.9738769792773325 0
    outer loop
      vertex -16.960889527835967 28.548901459446732 0
      vertex -17.062855484774193 28.525126332864073 5
      vertex -16.960889527835967 28.548901459446732 5
    endloop
  endfacet
  facet normal -0.29028467725448404 0.9569403357322024 0
    outer loop
      vertex -16.86069685551494 28.579294574317075 0
      vertex -16.960889527835967 28.548901459446732 5
      vertex -16.86069685551494 28.579294574317075 5
    endloop
  endfacet
  facet normal -0.35225004792122155 0.9359059267573303 0
    outer loop
      vertex -16.762706508215857 28.616175529491183 0
      vertex -16.86069685551494 28.579294574317075 5
      vertex -16.762706508215857 28.616175529491183 5
    endloop
  endfacet
  facet normal -0.4127070298043956 0.9108638249211752 0
    outer loop
      vertex -16.667338095649598 28.65938639505694 0
      vertex -16.762706508215857 28.616175529491183 5
      vertex -16.667338095649598 28.65938639505694 5
    endloop
  endfacet
  facet normal -0.47139673682599903 0.8819212643483544 0
    outer loop
      vertex -16.575 28.70874213545414 0
      vertex -16.667338095649598 28.65938639505694 5
      vertex -16.575 28.70874213545414 5
    endloop
  endfacet
  facet normal -0.528067850650377 0.8492021815265733 0
    outer loop
      vertex -16.486087627168637 28.76403140182517 0
      vertex -16.575 28.70874213545414 5
      vertex -16.486087627168637 28.76403140182517 5
    endloop
  endfacet
  facet normal -0.5824776968677907 0.8128466845916235 0
    outer loop
      vertex -16.40098171358605 28.825017437043265 0
      vertex -16.486087627168637 28.76403140182517 5
      vertex -16.40098171358605 28.825017437043265 5
    endloop
  endfacet
  facet normal -0.634393284163637 0.7730104533627439 0
    outer loop
      vertex -16.32004669583989 28.891439089542878 0
      vertex -16.40098171358605 28.825017437043265 5
      vertex -16.32004669583989 28.891439089542878 5
    endloop
  endfacet
  facet normal -0.6835923020228682 0.7298640726978383 0
    outer loop
      vertex -16.243629150101523 28.963011931610765 0
      vertex -16.32004669583989 28.891439089542878 5
      vertex -16.243629150101523 28.963011931610765 5
    endloop
  endfacet
  facet normal -0.7298640726978383 0.6835923020228682 0
    outer loop
      vertex -16.172056308033635 29.03942947734913 0
      vertex -16.243629150101523 28.963011931610765 5
      vertex -16.172056308033635 29.03942947734913 5
    endloop
  endfacet
  facet normal -0.7730104533627469 0.6343932841636334 0
    outer loop
      vertex -16.105634655534026 29.120364495095288 0
      vertex -16.172056308033635 29.03942947734913 5
      vertex -16.105634655534026 29.120364495095288 5
    endloop
  endfacet
  facet normal -0.812846684591619 0.582477696867797 0
    outer loop
      vertex -16.04464862031593 29.20547040867788 0
      vertex -16.105634655534026 29.120364495095288 5
      vertex -16.04464862031593 29.20547040867788 5
    endloop
  endfacet
  facet normal -0.8492021815265733 0.528067850650377 0
    outer loop
      vertex -15.989359353944899 29.294382781509242 0
      vertex -16.04464862031593 29.20547040867788 5
      vertex -15.989359353944899 29.294382781509242 5
    endloop
  endfacet
  facet normal -0.8819212643483544 0.47139673682599903 0
    outer loop
      vertex -15.940003613547699 29.38672087715884 0
      vertex -15.989359353944899 29.294382781509242 5
      vertex -15.940003613547699 29.38672087715884 5
    endloop
  endfacet
  facet normal -0.9108638249211752 0.4127070298043956 0
    outer loop
      vertex -15.89679274798194 29.4820892897251 0
      vertex -15.940003613547699 29.38672087715884 5
      vertex -15.89679274798194 29.4820892897251 5
    endloop
  endfacet
  facet normal -0.9359059267573248 0.35225004792123643 0
    outer loop
      vertex -15.85991179280783 29.580079637024184 0
      vertex -15.89679274798194 29.4820892897251 5
      vertex -15.85991179280783 29.580079637024184 5
    endloop
  endfacet
  facet normal -0.9569403357322117 0.29028467725445295 0
    outer loop
      vertex -15.829518677937491 29.68027230934521 0
      vertex -15.85991179280783 29.580079637024184 5
      vertex -15.829518677937491 29.68027230934521 5
    endloop
  endfacet
  facet normal -0.9738769792773325 0.22707626303437772 0
    outer loop
      vertex -15.805743551354832 29.782238266283436 0
      vertex -15.829518677937491 29.68027230934521 5
      vertex -15.805743551354832 29.782238266283436 5
    endloop
  endfacet
  facet normal -0.9866433320848795 0.16289547339458546 0
    outer loop
      vertex -15.788688221801904 29.88554087395716 0
      vertex -15.805743551354832 29.782238266283436 5
      vertex -15.788688221801904 29.88554087395716 5
    endloop
  endfacet
  facet normal -0.9951847266721962 0.0980171403295681 0
    outer loop
      vertex -15.778425722818234 29.989737774741013 0
      vertex -15.788688221801904 29.88554087395716 5
      vertex -15.778425722818234 29.989737774741013 5
    endloop
  endfacet
  facet normal -0.9994645874763659 0.03271908282176942 0
    outer loop
      vertex -15.775 30.094382781509243 0
      vertex -15.778425722818234 29.989737774741013 5
      vertex -15.775 30.094382781509243 5
    endloop
  endfacet
  facet normal -0.9994645874763659 -0.03271908282176942 0
    outer loop
      vertex -15.778425722818234 30.199027788277473 0
      vertex -15.775 30.094382781509243 5
      vertex -15.778425722818234 30.199027788277473 5
    endloop
  endfacet
  facet normal -0.9951847266721962 -0.0980171403295681 0
    outer loop
      vertex -15.788688221801904 30.303224689061324 0
      vertex -15.778425722818234 30.199027788277473 5
      vertex -15.788688221801904 30.303224689061324 5
    endloop
  endfacet
  facet normal -0.9866433320848795 -0.16289547339458546 0
    outer loop
      vertex -15.805743551354832 30.40652729673505 0
      vertex -15.788688221801904 30.303224689061324 5
      vertex -15.805743551354832 30.40652729673505 5
    endloop
  endfacet
  facet normal -0.9359059267573248 -0.35225004792123643 0
    outer loop
      vertex -15.89679274798194 30.706676273293386 0
      vertex -15.85991179280783 30.6086859259943 5
      vertex -15.89679274798194 30.706676273293386 5
    endloop
  endfacet
  facet normal -0.9738769792773325 -0.22707626303437772 0
    outer loop
      vertex -15.829518677937491 30.508493253673276 0
      vertex -15.805743551354832 30.40652729673505 5
      vertex -15.829518677937491 30.508493253673276 5
    endloop
  endfacet
  facet normal -0.9569403357322117 -0.29028467725445295 0
    outer loop
      vertex -15.85991179280783 30.6086859259943 0
      vertex -15.829518677937491 30.508493253673276 5
      vertex -15.85991179280783 30.6086859259943 5
    endloop
  endfacet
  facet normal 0.8819212643483544 -0.47139673682599903 0
    outer loop
      vertex -18.8099963864523 30.802044685859645 0
      vertex -18.7606406460551 30.894382781509243 5
      vertex -18.8099963864523 30.802044685859645 5
    endloop
  endfacet
  facet normal 0.8492021815265733 -0.528067850650377 0
    outer loop
      vertex -18.7606406460551 30.894382781509243 0
      vertex -18.70535137968407 30.983295154340606 5
      vertex -18.7606406460551 30.894382781509243 5
    endloop
  endfacet
  facet normal 0.812846684591619 -0.582477696867797 0
    outer loop
      vertex -18.70535137968407 30.983295154340606 0
      vertex -18.644365344465974 31.068401067923197 5
      vertex -18.70535137968407 30.983295154340606 5
    endloop
  endfacet
  facet normal 0.7730104533627469 -0.6343932841636334 0
    outer loop
      vertex -18.644365344465974 31.068401067923197 0
      vertex -18.577943691966365 31.149336085669354 5
      vertex -18.644365344465974 31.068401067923197 5
    endloop
  endfacet
  facet normal 0.7298640726978383 -0.6835923020228682 0
    outer loop
      vertex -18.577943691966365 31.149336085669354 0
      vertex -18.506370849898477 31.22575363140772 5
      vertex -18.577943691966365 31.149336085669354 5
    endloop
  endfacet
  facet normal 0.6835923020228682 -0.7298640726978383 0
    outer loop
      vertex -18.506370849898477 31.22575363140772 0
      vertex -18.42995330416011 31.297326473475607 5
      vertex -18.506370849898477 31.22575363140772 5
    endloop
  endfacet
  facet normal 0.634393284163637 -0.7730104533627439 0
    outer loop
      vertex -18.42995330416011 31.297326473475607 0
      vertex -18.34901828641395 31.36374812597522 5
      vertex -18.42995330416011 31.297326473475607 5
    endloop
  endfacet
  facet normal 0.5824776968677907 -0.8128466845916235 0
    outer loop
      vertex -18.34901828641395 31.36374812597522 0
      vertex -18.263912372831363 31.424734161193314 5
      vertex -18.34901828641395 31.36374812597522 5
    endloop
  endfacet
  facet normal 0.528067850650377 -0.8492021815265733 0
    outer loop
      vertex -18.263912372831363 31.424734161193314 0
      vertex -18.175 31.480023427564344 5
      vertex -18.263912372831363 31.424734161193314 5
    endloop
  endfacet
  facet normal 0.47139673682599903 -0.8819212643483544 0
    outer loop
      vertex -18.175 31.480023427564344 0
      vertex -18.082661904350402 31.529379167961544 5
      vertex -18.175 31.480023427564344 5
    endloop
  endfacet
  facet normal 0.4127070298043956 -0.9108638249211752 0
    outer loop
      vertex -18.082661904350402 31.529379167961544 0
      vertex -17.987293491784143 31.5725900335273 5
      vertex -18.082661904350402 31.529379167961544 5
    endloop
  endfacet
  facet normal 0.35225004792122155 -0.9359059267573303 0
    outer loop
      vertex -17.987293491784143 31.5725900335273 0
      vertex -17.88930314448506 31.60947098870141 5
      vertex -17.987293491784143 31.5725900335273 5
    endloop
  endfacet
  facet normal 0.29028467725448404 -0.9569403357322024 0
    outer loop
      vertex -17.88930314448506 31.60947098870141 0
      vertex -17.789110472164033 31.639864103571753 5
      vertex -17.88930314448506 31.60947098870141 5
    endloop
  endfacet
  facet normal 0.22707626303437772 -0.9738769792773325 0
    outer loop
      vertex -17.789110472164033 31.639864103571753 0
      vertex -17.687144515225807 31.663639230154413 5
      vertex -17.789110472164033 31.639864103571753 5
    endloop
  endfacet
  facet normal 0.16289547339458546 -0.9866433320848795 0
    outer loop
      vertex -17.687144515225807 31.663639230154413 0
      vertex -17.58384190755208 31.68069455970734 5
      vertex -17.687144515225807 31.663639230154413 5
    endloop
  endfacet
  facet normal 0.09801714032955129 -0.9951847266721978 0
    outer loop
      vertex -17.58384190755208 31.68069455970734 0
      vertex -17.47964500676823 31.69095705869101 5
      vertex -17.58384190755208 31.68069455970734 5
    endloop
  endfacet
  facet normal 0.032719082821786365 -0.9994645874763654 0
    outer loop
      vertex -17.47964500676823 31.69095705869101 0
      vertex -17.375 31.694382781509244 5
      vertex -17.47964500676823 31.69095705869101 5
    endloop
  endfacet
  facet normal -0.032719082821786365 -0.9994645874763654 0
    outer loop
      vertex -17.375 31.694382781509244 0
      vertex -17.27035499323177 31.69095705869101 5
      vertex -17.375 31.694382781509244 5
    endloop
  endfacet
  facet normal -0.09801714032955129 -0.9951847266721978 0
    outer loop
      vertex -17.27035499323177 31.69095705869101 0
      vertex -17.16615809244792 31.68069455970734 5
      vertex -17.27035499323177 31.69095705869101 5
    endloop
  endfacet
  facet normal -0.16289547339458546 -0.9866433320848795 0
    outer loop
      vertex -17.16615809244792 31.68069455970734 0
      vertex -17.062855484774193 31.663639230154413 5
      vertex -17.16615809244792 31.68069455970734 5
    endloop
  endfacet
  facet normal -0.22707626303437772 -0.9738769792773325 0
    outer loop
      vertex -17.062855484774193 31.663639230154413 0
      vertex -16.960889527835967 31.639864103571753 5
      vertex -17.062855484774193 31.663639230154413 5
    endloop
  endfacet
  facet normal -0.29028467725448404 -0.9569403357322024 0
    outer loop
      vertex -16.960889527835967 31.639864103571753 0
      vertex -16.86069685551494 31.60947098870141 5
      vertex -16.960889527835967 31.639864103571753 5
    endloop
  endfacet
  facet normal -0.35225004792122155 -0.9359059267573303 0
    outer loop
      vertex -16.86069685551494 31.60947098870141 0
      vertex -16.762706508215857 31.5725900335273 5
      vertex -16.86069685551494 31.60947098870141 5
    endloop
  endfacet
  facet normal -0.4127070298043956 -0.9108638249211752 0
    outer loop
      vertex -16.762706508215857 31.5725900335273 0
      vertex -16.667338095649598 31.529379167961544 5
      vertex -16.762706508215857 31.5725900335273 5
    endloop
  endfacet
  facet normal -0.634393284163637 -0.7730104533627439 0
    outer loop
      vertex -16.40098171358605 31.36374812597522 0
      vertex -16.32004669583989 31.297326473475607 5
      vertex -16.40098171358605 31.36374812597522 5
    endloop
  endfacet
  facet normal -0.8492021815265733 -0.528067850650377 0
    outer loop
      vertex -16.04464862031593 30.983295154340606 0
      vertex -15.989359353944899 30.894382781509243 5
      vertex -16.04464862031593 30.983295154340606 5
    endloop
  endfacet
  facet normal -0.812846684591619 -0.582477696867797 0
    outer loop
      vertex -16.105634655534026 31.068401067923197 0
      vertex -16.04464862031593 30.983295154340606 5
      vertex -16.105634655534026 31.068401067923197 5
    endloop
  endfacet
  facet normal -0.7298640726978383 -0.6835923020228682 0
    outer loop
      vertex -16.243629150101523 31.22575363140772 0
      vertex -16.172056308033635 31.149336085669354 5
      vertex -16.243629150101523 31.22575363140772 5
    endloop
  endfacet
  facet normal -0.6835923020228682 -0.7298640726978383 0
    outer loop
      vertex -16.32004669583989 31.297326473475607 0
      vertex -16.243629150101523 31.22575363140772 5
      vertex -16.32004669583989 31.297326473475607 5
    endloop
  endfacet
  facet normal -0.7730104533627469 -0.6343932841636334 0
    outer loop
      vertex -16.172056308033635 31.149336085669354 0
      vertex -16.105634655534026 31.068401067923197 5
      vertex -16.172056308033635 31.149336085669354 5
    endloop
  endfacet
  facet normal -0.47139673682599903 -0.8819212643483544 0
    outer loop
      vertex -16.667338095649598 31.529379167961544 0
      vertex -16.575 31.480023427564344 5
      vertex -16.667338095649598 31.529379167961544 5
    endloop
  endfacet
  facet normal -0.528067850650377 -0.8492021815265733 0
    outer loop
      vertex -16.575 31.480023427564344 0
      vertex -16.486087627168637 31.424734161193314 5
      vertex -16.575 31.480023427564344 5
    endloop
  endfacet
  facet normal -0.5824776968677907 -0.8128466845916235 0
    outer loop
      vertex -16.486087627168637 31.424734161193314 0
      vertex -16.40098171358605 31.36374812597522 5
      vertex -16.486087627168637 31.424734161193314 5
    endloop
  endfacet
  facet normal -0.8819212643483544 -0.47139673682599903 0
    outer loop
      vertex -15.989359353944899 30.894382781509243 0
      vertex -15.940003613547699 30.802044685859645 5
      vertex -15.989359353944899 30.894382781509243 5
    endloop
  endfacet
  facet normal -0.9108638249211752 -0.4127070298043956 0
    outer loop
      vertex -15.940003613547699 30.802044685859645 0
      vertex -15.89679274798194 30.706676273293386 5
      vertex -15.940003613547699 30.802044685859645 5
    endloop
  endfacet
  facet normal 0.8492021815265733 0.528067850650377 -1.0052654472535037e-19
    outer loop
      vertex 16.04464862031593 -30.983295154340606 0
      vertex 15.989359353944899 -30.894382781509243 0
      vertex 15.989359353944899 -30.894382781509243 5
    endloop
  endfacet
  facet normal 0.8819212643483544 0.47139673682599903 -5.614655619745098e-19
    outer loop
      vertex 15.989359353944899 -30.894382781509243 0
      vertex 15.940003613547699 -30.802044685859645 0
      vertex 15.940003613547699 -30.802044685859645 5
    endloop
  endfacet
  facet normal 0.528067850650377 0.8492021815265733 0
    outer loop
      vertex 16.486087627168637 -31.424734161193314 0
      vertex 16.486087627168637 -31.424734161193314 5
      vertex 16.575 -31.480023427564344 0
    endloop
  endfacet
  facet normal 0.47139673682599903 0.8819212643483544 0
    outer loop
      vertex 16.575 -31.480023427564344 0
      vertex 16.575 -31.480023427564344 5
      vertex 16.667338095649598 -31.529379167961544 0
    endloop
  endfacet
  facet normal 0.7730104533627469 0.6343932841636334 -5.229111772821686e-19
    outer loop
      vertex 16.172056308033635 -31.149336085669354 0
      vertex 16.105634655534026 -31.068401067923197 0
      vertex 16.105634655534026 -31.068401067923197 5
    endloop
  endfacet
  facet normal 0.6835923020228682 0.7298640726978383 0
    outer loop
      vertex 16.243629150101523 -31.22575363140772 0
      vertex 16.243629150101523 -31.22575363140772 5
      vertex 16.32004669583989 -31.297326473475607 0
    endloop
  endfacet
  facet normal 0.7298640726978383 0.6835923020228682 -1.4143609593366894e-19
    outer loop
      vertex 16.243629150101523 -31.22575363140772 0
      vertex 16.172056308033635 -31.149336085669354 0
      vertex 16.172056308033635 -31.149336085669354 5
    endloop
  endfacet
  facet normal 0.812846684591619 0.582477696867797 2.370211377546735e-19
    outer loop
      vertex 16.105634655534026 -31.068401067923197 0
      vertex 16.04464862031593 -30.983295154340606 0
      vertex 16.04464862031593 -30.983295154340606 5
    endloop
  endfacet
  facet normal 0.634393284163637 0.7730104533627439 0
    outer loop
      vertex 16.32004669583989 -31.297326473475607 0
      vertex 16.32004669583989 -31.297326473475607 5
      vertex 16.40098171358605 -31.36374812597522 0
    endloop
  endfacet
  facet normal 0.5824776968677907 0.8128466845916235 0
    outer loop
      vertex 16.40098171358605 -31.36374812597522 0
      vertex 16.40098171358605 -31.36374812597522 5
      vertex 16.486087627168637 -31.424734161193314 0
    endloop
  endfacet
  facet normal 0.35225004792122155 0.9359059267573303 0
    outer loop
      vertex 16.762706508215857 -31.5725900335273 0
      vertex 16.762706508215857 -31.5725900335273 5
      vertex 16.86069685551494 -31.60947098870141 0
    endloop
  endfacet
  facet normal 0.4127070298043956 0.9108638249211752 0
    outer loop
      vertex 16.667338095649598 -31.529379167961544 0
      vertex 16.667338095649598 -31.529379167961544 5
      vertex 16.762706508215857 -31.5725900335273 0
    endloop
  endfacet
  facet normal 0.29028467725448404 0.9569403357322024 0
    outer loop
      vertex 16.86069685551494 -31.60947098870141 0
      vertex 16.86069685551494 -31.60947098870141 5
      vertex 16.960889527835967 -31.639864103571753 0
    endloop
  endfacet
  facet normal 0.22707626303437772 0.9738769792773325 0
    outer loop
      vertex 16.960889527835967 -31.639864103571753 0
      vertex 16.960889527835967 -31.639864103571753 5
      vertex 17.062855484774193 -31.663639230154413 0
    endloop
  endfacet
  facet normal 0.16289547339458546 0.9866433320848795 0
    outer loop
      vertex 17.062855484774193 -31.663639230154413 0
      vertex 17.062855484774193 -31.663639230154413 5
      vertex 17.16615809244792 -31.68069455970734 0
    endloop
  endfacet
  facet normal 0.09801714032955129 0.9951847266721978 0
    outer loop
      vertex 17.16615809244792 -31.68069455970734 0
      vertex 17.16615809244792 -31.68069455970734 5
      vertex 17.27035499323177 -31.69095705869101 0
    endloop
  endfacet
  facet normal 0.032719082821786365 0.9994645874763654 0
    outer loop
      vertex 17.27035499323177 -31.69095705869101 0
      vertex 17.27035499323177 -31.69095705869101 5
      vertex 17.375 -31.694382781509244 0
    endloop
  endfacet
  facet normal -0.032719082821786365 0.9994645874763654 0
    outer loop
      vertex 17.375 -31.694382781509244 0
      vertex 17.375 -31.694382781509244 5
      vertex 17.47964500676823 -31.69095705869101 0
    endloop
  endfacet
  facet normal -0.09801714032955129 0.9951847266721978 0
    outer loop
      vertex 17.47964500676823 -31.69095705869101 0
      vertex 17.47964500676823 -31.69095705869101 5
      vertex 17.58384190755208 -31.68069455970734 0
    endloop
  endfacet
  facet normal -0.16289547339458546 0.9866433320848795 0
    outer loop
      vertex 17.58384190755208 -31.68069455970734 0
      vertex 17.58384190755208 -31.68069455970734 5
      vertex 17.687144515225807 -31.663639230154413 0
    endloop
  endfacet
  facet normal -0.22707626303437772 0.9738769792773325 0
    outer loop
      vertex 17.687144515225807 -31.663639230154413 0
      vertex 17.687144515225807 -31.663639230154413 5
      vertex 17.789110472164033 -31.639864103571753 0
    endloop
  endfacet
  facet normal -0.29028467725448404 0.9569403357322024 0
    outer loop
      vertex 17.789110472164033 -31.639864103571753 0
      vertex 17.789110472164033 -31.639864103571753 5
      vertex 17.88930314448506 -31.60947098870141 0
    endloop
  endfacet
  facet normal -0.35225004792122155 0.9359059267573303 0
    outer loop
      vertex 17.88930314448506 -31.60947098870141 0
      vertex 17.88930314448506 -31.60947098870141 5
      vertex 17.987293491784143 -31.5725900335273 0
    endloop
  endfacet
  facet normal -0.4127070298043956 0.9108638249211752 0
    outer loop
      vertex 17.987293491784143 -31.5725900335273 0
      vertex 17.987293491784143 -31.5725900335273 5
      vertex 18.082661904350402 -31.529379167961544 0
    endloop
  endfacet
  facet normal -0.47139673682599903 0.8819212643483544 0
    outer loop
      vertex 18.082661904350402 -31.529379167961544 0
      vertex 18.082661904350402 -31.529379167961544 5
      vertex 18.175 -31.480023427564344 0
    endloop
  endfacet
  facet normal -0.528067850650377 0.8492021815265733 0
    outer loop
      vertex 18.175 -31.480023427564344 5
      vertex 18.263912372831363 -31.424734161193314 0
      vertex 18.175 -31.480023427564344 0
    endloop
  endfacet
  facet normal -0.5824776968677907 0.8128466845916235 0
    outer loop
      vertex 18.263912372831363 -31.424734161193314 5
      vertex 18.34901828641395 -31.36374812597522 0
      vertex 18.263912372831363 -31.424734161193314 0
    endloop
  endfacet
  facet normal -0.634393284163637 0.7730104533627439 0
    outer loop
      vertex 18.34901828641395 -31.36374812597522 0
      vertex 18.34901828641395 -31.36374812597522 5
      vertex 18.42995330416011 -31.297326473475607 0
    endloop
  endfacet
  facet normal -0.6835923020228682 0.7298640726978383 0
    outer loop
      vertex 18.42995330416011 -31.297326473475607 0
      vertex 18.42995330416011 -31.297326473475607 5
      vertex 18.506370849898477 -31.22575363140772 0
    endloop
  endfacet
  facet normal -0.7298640726978383 0.6835923020228682 0
    outer loop
      vertex 18.506370849898477 -31.22575363140772 0
      vertex 18.506370849898477 -31.22575363140772 5
      vertex 18.577943691966365 -31.149336085669354 0
    endloop
  endfacet
  facet normal -0.7730104533627469 0.6343932841636334 5.229111772821686e-19
    outer loop
      vertex 18.644365344465974 -31.068401067923197 0
      vertex 18.577943691966365 -31.149336085669354 0
      vertex 18.577943691966365 -31.149336085669354 5
    endloop
  endfacet
  facet normal -0.812846684591619 0.582477696867797 -2.370211377546735e-19
    outer loop
      vertex 18.70535137968407 -30.983295154340606 0
      vertex 18.644365344465974 -31.068401067923197 0
      vertex 18.644365344465974 -31.068401067923197 5
    endloop
  endfacet
  facet normal -0.8492021815265733 0.528067850650377 1.0052654472535037e-19
    outer loop
      vertex 18.7606406460551 -30.894382781509243 0
      vertex 18.70535137968407 -30.983295154340606 0
      vertex 18.70535137968407 -30.983295154340606 5
    endloop
  endfacet
  facet normal -0.8819212643483544 0.47139673682599903 5.614655619745098e-19
    outer loop
      vertex 18.8099963864523 -30.802044685859645 0
      vertex 18.7606406460551 -30.894382781509243 0
      vertex 18.7606406460551 -30.894382781509243 5
    endloop
  endfacet
  facet normal -0.9108638249211752 0.4127070298043956 -2.4179862206665407e-19
    outer loop
      vertex 18.85320725201806 -30.706676273293386 0
      vertex 18.8099963864523 -30.802044685859645 0
      vertex 18.8099963864523 -30.802044685859645 5
    endloop
  endfacet
  facet normal 0.9569403357322117 0.29028467725445295 0
    outer loop
      vertex 15.829518677937491 -30.508493253673276 5
      vertex 15.85991179280783 -30.6086859259943 0
      vertex 15.829518677937491 -30.508493253673276 0
    endloop
  endfacet
  facet normal 0.9738769792773325 0.22707626303437772 0
    outer loop
      vertex 15.805743551354832 -30.40652729673505 5
      vertex 15.829518677937491 -30.508493253673276 0
      vertex 15.805743551354832 -30.40652729673505 0
    endloop
  endfacet
  facet normal 0.9108638249211752 0.4127070298043956 2.4179862206665407e-19
    outer loop
      vertex 15.940003613547699 -30.802044685859645 0
      vertex 15.89679274798194 -30.706676273293386 0
      vertex 15.89679274798194 -30.706676273293386 5
    endloop
  endfacet
  facet normal 0.9359059267573248 0.35225004792123643 0
    outer loop
      vertex 15.85991179280783 -30.6086859259943 5
      vertex 15.89679274798194 -30.706676273293386 0
      vertex 15.85991179280783 -30.6086859259943 0
    endloop
  endfacet
  facet normal 0.9866433320848795 0.16289547339458546 0
    outer loop
      vertex 15.788688221801904 -30.303224689061324 5
      vertex 15.805743551354832 -30.40652729673505 0
      vertex 15.788688221801904 -30.303224689061324 0
    endloop
  endfacet
  facet normal 0.9951847266721962 0.0980171403295681 0
    outer loop
      vertex 15.778425722818234 -30.199027788277473 5
      vertex 15.788688221801904 -30.303224689061324 0
      vertex 15.778425722818234 -30.199027788277473 0
    endloop
  endfacet
  facet normal 0.9994645874763659 0.03271908282176942 0
    outer loop
      vertex 15.775 -30.094382781509243 5
      vertex 15.778425722818234 -30.199027788277473 0
      vertex 15.775 -30.094382781509243 0
    endloop
  endfacet
  facet normal 0.9994645874763659 -0.03271908282176942 0
    outer loop
      vertex 15.778425722818234 -29.989737774741013 5
      vertex 15.775 -30.094382781509243 0
      vertex 15.778425722818234 -29.989737774741013 0
    endloop
  endfacet
  facet normal 0.9951847266721962 -0.0980171403295681 0
    outer loop
      vertex 15.788688221801904 -29.88554087395716 5
      vertex 15.778425722818234 -29.989737774741013 0
      vertex 15.788688221801904 -29.88554087395716 0
    endloop
  endfacet
  facet normal 0.9866433320848795 -0.16289547339458546 0
    outer loop
      vertex 15.805743551354832 -29.782238266283436 5
      vertex 15.788688221801904 -29.88554087395716 0
      vertex 15.805743551354832 -29.782238266283436 0
    endloop
  endfacet
  facet normal 0.9738769792773325 -0.22707626303437772 0
    outer loop
      vertex 15.829518677937491 -29.68027230934521 5
      vertex 15.805743551354832 -29.782238266283436 0
      vertex 15.829518677937491 -29.68027230934521 0
    endloop
  endfacet
  facet normal 0.9569403357322117 -0.29028467725445295 0
    outer loop
      vertex 15.85991179280783 -29.580079637024184 5
      vertex 15.829518677937491 -29.68027230934521 0
      vertex 15.85991179280783 -29.580079637024184 0
    endloop
  endfacet
  facet normal 0.9359059267573248 -0.35225004792123643 0
    outer loop
      vertex 15.89679274798194 -29.4820892897251 5
      vertex 15.85991179280783 -29.580079637024184 0
      vertex 15.89679274798194 -29.4820892897251 0
    endloop
  endfacet
  facet normal 0.9108638249211752 -0.4127070298043956 0
    outer loop
      vertex 15.940003613547699 -29.38672087715884 5
      vertex 15.89679274798194 -29.4820892897251 0
      vertex 15.940003613547699 -29.38672087715884 0
    endloop
  endfacet
  facet normal 0.8819212643483544 -0.47139673682599903 5.614655619745098e-19
    outer loop
      vertex 15.940003613547699 -29.38672087715884 0
      vertex 15.989359353944899 -29.294382781509242 0
      vertex 15.989359353944899 -29.294382781509242 5
    endloop
  endfacet
  facet normal 0.8492021815265733 -0.528067850650377 1.0052654472535037e-19
    outer loop
      vertex 15.989359353944899 -29.294382781509242 0
      vertex 16.04464862031593 -29.20547040867788 0
      vertex 16.04464862031593 -29.20547040867788 5
    endloop
  endfacet
  facet normal 0.812846684591619 -0.582477696867797 -2.370211377546735e-19
    outer loop
      vertex 16.04464862031593 -29.20547040867788 0
      vertex 16.105634655534026 -29.120364495095288 0
      vertex 16.105634655534026 -29.120364495095288 5
    endloop
  endfacet
  facet normal 0.7730104533627469 -0.6343932841636334 5.229111772821686e-19
    outer loop
      vertex 16.105634655534026 -29.120364495095288 0
      vertex 16.172056308033635 -29.03942947734913 0
      vertex 16.172056308033635 -29.03942947734913 5
    endloop
  endfacet
  facet normal 0.7298640726978383 -0.6835923020228682 1.4143609593366894e-19
    outer loop
      vertex 16.172056308033635 -29.03942947734913 0
      vertex 16.243629150101523 -28.963011931610765 0
      vertex 16.243629150101523 -28.963011931610765 5
    endloop
  endfacet
  facet normal 0.6835923020228682 -0.7298640726978383 0
    outer loop
      vertex 16.32004669583989 -28.891439089542878 0
      vertex 16.32004669583989 -28.891439089542878 5
      vertex 16.243629150101523 -28.963011931610765 0
    endloop
  endfacet
  facet normal 0.634393284163637 -0.7730104533627439 0
    outer loop
      vertex 16.40098171358605 -28.825017437043265 0
      vertex 16.40098171358605 -28.825017437043265 5
      vertex 16.32004669583989 -28.891439089542878 0
    endloop
  endfacet
  facet normal 0.5824776968677907 -0.8128466845916235 0
    outer loop
      vertex 16.486087627168637 -28.76403140182517 0
      vertex 16.486087627168637 -28.76403140182517 5
      vertex 16.40098171358605 -28.825017437043265 0
    endloop
  endfacet
  facet normal 0.528067850650377 -0.8492021815265733 0
    outer loop
      vertex 16.575 -28.70874213545414 0
      vertex 16.575 -28.70874213545414 5
      vertex 16.486087627168637 -28.76403140182517 0
    endloop
  endfacet
  facet normal 0.47139673682599903 -0.8819212643483544 0
    outer loop
      vertex 16.667338095649598 -28.65938639505694 0
      vertex 16.667338095649598 -28.65938639505694 5
      vertex 16.575 -28.70874213545414 0
    endloop
  endfacet
  facet normal 0.4127070298043956 -0.9108638249211752 0
    outer loop
      vertex 16.762706508215857 -28.616175529491183 0
      vertex 16.762706508215857 -28.616175529491183 5
      vertex 16.667338095649598 -28.65938639505694 0
    endloop
  endfacet
  facet normal 0.35225004792122155 -0.9359059267573303 0
    outer loop
      vertex 16.86069685551494 -28.579294574317075 0
      vertex 16.86069685551494 -28.579294574317075 5
      vertex 16.762706508215857 -28.616175529491183 0
    endloop
  endfacet
  facet normal 0.29028467725448404 -0.9569403357322024 0
    outer loop
      vertex 16.960889527835967 -28.548901459446732 0
      vertex 16.960889527835967 -28.548901459446732 5
      vertex 16.86069685551494 -28.579294574317075 0
    endloop
  endfacet
  facet normal 0.22707626303437772 -0.9738769792773325 0
    outer loop
      vertex 17.062855484774193 -28.525126332864073 0
      vertex 17.062855484774193 -28.525126332864073 5
      vertex 16.960889527835967 -28.548901459446732 0
    endloop
  endfacet
  facet normal 0.16289547339458546 -0.9866433320848795 0
    outer loop
      vertex 17.16615809244792 -28.508071003311144 0
      vertex 17.16615809244792 -28.508071003311144 5
      vertex 17.062855484774193 -28.525126332864073 0
    endloop
  endfacet
  facet normal 0.09801714032955129 -0.9951847266721978 0
    outer loop
      vertex 17.27035499323177 -28.497808504327477 0
      vertex 17.27035499323177 -28.497808504327477 5
      vertex 17.16615809244792 -28.508071003311144 0
    endloop
  endfacet
  facet normal 0.032719082821786365 -0.9994645874763654 0
    outer loop
      vertex 17.375 -28.49438278150924 0
      vertex 17.375 -28.49438278150924 5
      vertex 17.27035499323177 -28.497808504327477 0
    endloop
  endfacet
  facet normal -0.032719082821786365 -0.9994645874763654 0
    outer loop
      vertex 17.47964500676823 -28.497808504327477 0
      vertex 17.47964500676823 -28.497808504327477 5
      vertex 17.375 -28.49438278150924 0
    endloop
  endfacet
  facet normal -0.09801714032955129 -0.9951847266721978 0
    outer loop
      vertex 17.58384190755208 -28.508071003311144 0
      vertex 17.58384190755208 -28.508071003311144 5
      vertex 17.47964500676823 -28.497808504327477 0
    endloop
  endfacet
  facet normal -0.16289547339458546 -0.9866433320848795 0
    outer loop
      vertex 17.687144515225807 -28.525126332864073 0
      vertex 17.687144515225807 -28.525126332864073 5
      vertex 17.58384190755208 -28.508071003311144 0
    endloop
  endfacet
  facet normal -0.22707626303437772 -0.9738769792773325 0
    outer loop
      vertex 17.789110472164033 -28.548901459446732 0
      vertex 17.789110472164033 -28.548901459446732 5
      vertex 17.687144515225807 -28.525126332864073 0
    endloop
  endfacet
  facet normal -0.29028467725448404 -0.9569403357322024 0
    outer loop
      vertex 17.88930314448506 -28.579294574317075 0
      vertex 17.88930314448506 -28.579294574317075 5
      vertex 17.789110472164033 -28.548901459446732 0
    endloop
  endfacet
  facet normal -0.9359059267573303 0.35225004792122155 -2.4311945454629123e-20
    outer loop
      vertex 18.890088207192168 -30.6086859259943 0
      vertex 18.85320725201806 -30.706676273293386 0
      vertex 18.85320725201806 -30.706676273293386 5
    endloop
  endfacet
  facet normal -0.9569403357322024 0.29028467725448404 2.913384736687111e-19
    outer loop
      vertex 18.92048132206251 -30.508493253673276 0
      vertex 18.890088207192168 -30.6086859259943 0
      vertex 18.890088207192168 -30.6086859259943 5
    endloop
  endfacet
  facet normal -0.9738769792773325 0.22707626303437772 -2.900681485804892e-19
    outer loop
      vertex 18.94425644864517 -30.40652729673505 0
      vertex 18.92048132206251 -30.508493253673276 0
      vertex 18.92048132206251 -30.508493253673276 5
    endloop
  endfacet
  facet normal -0.9866433320848795 0.16289547339458546 8.611969602204896e-20
    outer loop
      vertex 18.961311778198098 -30.303224689061324 0
      vertex 18.94425644864517 -30.40652729673505 0
      vertex 18.94425644864517 -30.40652729673505 5
    endloop
  endfacet
  facet normal -0.9951847266721978 0.09801714032955129 2.2212933015947856e-20
    outer loop
      vertex 18.971574277181766 -30.199027788277473 0
      vertex 18.961311778198098 -30.303224689061324 0
      vertex 18.961311778198098 -30.303224689061324 5
    endloop
  endfacet
  facet normal -0.9994645874763654 0.032719082821786365 -2.5934643032774505e-20
    outer loop
      vertex 18.975 -30.094382781509243 0
      vertex 18.971574277181766 -30.199027788277473 0
      vertex 18.971574277181766 -30.199027788277473 5
    endloop
  endfacet
  facet normal -0.9359059267573303 -0.35225004792122155 2.4311945454629123e-20
    outer loop
      vertex 18.85320725201806 -29.4820892897251 0
      vertex 18.890088207192168 -29.580079637024184 0
      vertex 18.890088207192168 -29.580079637024184 5
    endloop
  endfacet
  facet normal -0.9994645874763654 -0.032719082821786365 2.5934643032774505e-20
    outer loop
      vertex 18.971574277181766 -29.989737774741013 0
      vertex 18.975 -30.094382781509243 0
      vertex 18.975 -30.094382781509243 5
    endloop
  endfacet
  facet normal -0.9951847266721978 -0.09801714032955129 -2.2212933015947856e-20
    outer loop
      vertex 18.961311778198098 -29.88554087395716 0
      vertex 18.971574277181766 -29.989737774741013 0
      vertex 18.971574277181766 -29.989737774741013 5
    endloop
  endfacet
  facet normal -0.9866433320848795 -0.16289547339458546 -8.611969602204896e-20
    outer loop
      vertex 18.94425644864517 -29.782238266283436 0
      vertex 18.961311778198098 -29.88554087395716 0
      vertex 18.961311778198098 -29.88554087395716 5
    endloop
  endfacet
  facet normal -0.9738769792773325 -0.22707626303437772 2.900681485804892e-19
    outer loop
      vertex 18.92048132206251 -29.68027230934521 0
      vertex 18.94425644864517 -29.782238266283436 0
      vertex 18.94425644864517 -29.782238266283436 5
    endloop
  endfacet
  facet normal -0.9569403357322024 -0.29028467725448404 -2.913384736687111e-19
    outer loop
      vertex 18.890088207192168 -29.580079637024184 0
      vertex 18.92048132206251 -29.68027230934521 0
      vertex 18.92048132206251 -29.68027230934521 5
    endloop
  endfacet
  facet normal -0.634393284163637 -0.7730104533627439 0
    outer loop
      vertex 18.42995330416011 -28.891439089542878 0
      vertex 18.42995330416011 -28.891439089542878 5
      vertex 18.34901828641395 -28.825017437043265 0
    endloop
  endfacet
  facet normal -0.7298640726978383 -0.6835923020228682 -1.4143609593366894e-19
    outer loop
      vertex 18.506370849898477 -28.963011931610765 0
      vertex 18.577943691966365 -29.03942947734913 0
      vertex 18.577943691966365 -29.03942947734913 5
    endloop
  endfacet
  facet normal -0.6835923020228682 -0.7298640726978383 0
    outer loop
      vertex 18.506370849898477 -28.963011931610765 0
      vertex 18.506370849898477 -28.963011931610765 5
      vertex 18.42995330416011 -28.891439089542878 0
    endloop
  endfacet
  facet normal -0.35225004792122155 -0.9359059267573303 0
    outer loop
      vertex 17.987293491784143 -28.616175529491183 0
      vertex 17.987293491784143 -28.616175529491183 5
      vertex 17.88930314448506 -28.579294574317075 0
    endloop
  endfacet
  facet normal -0.4127070298043956 -0.9108638249211752 0
    outer loop
      vertex 18.082661904350402 -28.65938639505694 0
      vertex 18.082661904350402 -28.65938639505694 5
      vertex 17.987293491784143 -28.616175529491183 0
    endloop
  endfacet
  facet normal -0.47139673682599903 -0.8819212643483544 0
    outer loop
      vertex 18.175 -28.70874213545414 5
      vertex 18.082661904350402 -28.65938639505694 0
      vertex 18.175 -28.70874213545414 0
    endloop
  endfacet
  facet normal -0.528067850650377 -0.8492021815265733 0
    outer loop
      vertex 18.263912372831363 -28.76403140182517 5
      vertex 18.175 -28.70874213545414 0
      vertex 18.263912372831363 -28.76403140182517 0
    endloop
  endfacet
  facet normal -0.5824776968677907 -0.8128466845916235 0
    outer loop
      vertex 18.34901828641395 -28.825017437043265 5
      vertex 18.263912372831363 -28.76403140182517 0
      vertex 18.34901828641395 -28.825017437043265 0
    endloop
  endfacet
  facet normal -0.812846684591619 -0.582477696867797 2.370211377546735e-19
    outer loop
      vertex 18.644365344465974 -29.120364495095288 0
      vertex 18.70535137968407 -29.20547040867788 0
      vertex 18.70535137968407 -29.20547040867788 5
    endloop
  endfacet
  facet normal -0.8819212643483544 -0.47139673682599903 -5.614655619745098e-19
    outer loop
      vertex 18.7606406460551 -29.294382781509242 0
      vertex 18.8099963864523 -29.38672087715884 0
      vertex 18.8099963864523 -29.38672087715884 5
    endloop
  endfacet
  facet normal -0.9108638249211752 -0.4127070298043956 2.4179862206665407e-19
    outer loop
      vertex 18.8099963864523 -29.38672087715884 0
      vertex 18.85320725201806 -29.4820892897251 0
      vertex 18.85320725201806 -29.4820892897251 5
    endloop
  endfacet
  facet normal -0.8492021815265733 -0.528067850650377 -1.0052654472535037e-19
    outer loop
      vertex 18.70535137968407 -29.20547040867788 0
      vertex 18.7606406460551 -29.294382781509242 0
      vertex 18.7606406460551 -29.294382781509242 5
    endloop
  endfacet
  facet normal -0.7730104533627469 -0.6343932841636334 -5.229111772821686e-19
    outer loop
      vertex 18.577943691966365 -29.03942947734913 0
      vertex 18.644365344465974 -29.120364495095288 0
      vertex 18.644365344465974 -29.120364495095288 5
    endloop
  endfacet
  facet normal 0.9108638249211752 0.4127070298043956 0
    outer loop
      vertex 15.940003613547699 -30.802044685859645 0
      vertex 15.89679274798194 -30.706676273293386 5
      vertex 15.940003613547699 -30.802044685859645 5
    endloop
  endfacet
  facet normal 0.8819212643483544 0.47139673682599903 0
    outer loop
      vertex 15.989359353944899 -30.894382781509243 0
      vertex 15.940003613547699 -30.802044685859645 5
      vertex 15.989359353944899 -30.894382781509243 5
    endloop
  endfacet
  facet normal 0.5824776968677907 0.8128466845916235 0
    outer loop
      vertex 16.486087627168637 -31.424734161193314 0
      vertex 16.40098171358605 -31.36374812597522 5
      vertex 16.486087627168637 -31.424734161193314 5
    endloop
  endfacet
  facet normal 0.528067850650377 0.8492021815265733 0
    outer loop
      vertex 16.575 -31.480023427564344 0
      vertex 16.486087627168637 -31.424734161193314 5
      vertex 16.575 -31.480023427564344 5
    endloop
  endfacet
  facet normal 0.47139673682599903 0.8819212643483544 0
    outer loop
      vertex 16.667338095649598 -31.529379167961544 0
      vertex 16.575 -31.480023427564344 5
      vertex 16.667338095649598 -31.529379167961544 5
    endloop
  endfacet
  facet normal 0.7730104533627469 0.6343932841636334 0
    outer loop
      vertex 16.172056308033635 -31.149336085669354 0
      vertex 16.105634655534026 -31.068401067923197 5
      vertex 16.172056308033635 -31.149336085669354 5
    endloop
  endfacet
  facet normal 0.6835923020228682 0.7298640726978383 0
    outer loop
      vertex 16.32004669583989 -31.297326473475607 0
      vertex 16.243629150101523 -31.22575363140772 5
      vertex 16.32004669583989 -31.297326473475607 5
    endloop
  endfacet
  facet normal 0.7298640726978383 0.6835923020228682 0
    outer loop
      vertex 16.243629150101523 -31.22575363140772 0
      vertex 16.172056308033635 -31.149336085669354 5
      vertex 16.243629150101523 -31.22575363140772 5
    endloop
  endfacet
  facet normal 0.812846684591619 0.582477696867797 0
    outer loop
      vertex 16.105634655534026 -31.068401067923197 0
      vertex 16.04464862031593 -30.983295154340606 5
      vertex 16.105634655534026 -31.068401067923197 5
    endloop
  endfacet
  facet normal 0.8492021815265733 0.528067850650377 0
    outer loop
      vertex 16.04464862031593 -30.983295154340606 0
      vertex 15.989359353944899 -30.894382781509243 5
      vertex 16.04464862031593 -30.983295154340606 5
    endloop
  endfacet
  facet normal 0.634393284163637 0.7730104533627439 0
    outer loop
      vertex 16.40098171358605 -31.36374812597522 0
      vertex 16.32004669583989 -31.297326473475607 5
      vertex 16.40098171358605 -31.36374812597522 5
    endloop
  endfacet
  facet normal 0.4127070298043956 0.9108638249211752 0
    outer loop
      vertex 16.762706508215857 -31.5725900335273 0
      vertex 16.667338095649598 -31.529379167961544 5
      vertex 16.762706508215857 -31.5725900335273 5
    endloop
  endfacet
  facet normal 0.35225004792122155 0.9359059267573303 0
    outer loop
      vertex 16.86069685551494 -31.60947098870141 0
      vertex 16.762706508215857 -31.5725900335273 5
      vertex 16.86069685551494 -31.60947098870141 5
    endloop
  endfacet
  facet normal 0.29028467725448404 0.9569403357322024 0
    outer loop
      vertex 16.960889527835967 -31.639864103571753 0
      vertex 16.86069685551494 -31.60947098870141 5
      vertex 16.960889527835967 -31.639864103571753 5
    endloop
  endfacet
  facet normal 0.22707626303437772 0.9738769792773325 0
    outer loop
      vertex 17.062855484774193 -31.663639230154413 0
      vertex 16.960889527835967 -31.639864103571753 5
      vertex 17.062855484774193 -31.663639230154413 5
    endloop
  endfacet
  facet normal 0.16289547339458546 0.9866433320848795 0
    outer loop
      vertex 17.16615809244792 -31.68069455970734 0
      vertex 17.062855484774193 -31.663639230154413 5
      vertex 17.16615809244792 -31.68069455970734 5
    endloop
  endfacet
  facet normal 0.09801714032955129 0.9951847266721978 0
    outer loop
      vertex 17.27035499323177 -31.69095705869101 0
      vertex 17.16615809244792 -31.68069455970734 5
      vertex 17.27035499323177 -31.69095705869101 5
    endloop
  endfacet
  facet normal 0.032719082821786365 0.9994645874763654 0
    outer loop
      vertex 17.375 -31.694382781509244 0
      vertex 17.27035499323177 -31.69095705869101 5
      vertex 17.375 -31.694382781509244 5
    endloop
  endfacet
  facet normal -0.032719082821786365 0.9994645874763654 0
    outer loop
      vertex 17.47964500676823 -31.69095705869101 0
      vertex 17.375 -31.694382781509244 5
      vertex 17.47964500676823 -31.69095705869101 5
    endloop
  endfacet
  facet normal -0.09801714032955129 0.9951847266721978 0
    outer loop
      vertex 17.58384190755208 -31.68069455970734 0
      vertex 17.47964500676823 -31.69095705869101 5
      vertex 17.58384190755208 -31.68069455970734 5
    endloop
  endfacet
  facet normal -0.16289547339458546 0.9866433320848795 0
    outer loop
      vertex 17.687144515225807 -31.663639230154413 0
      vertex 17.58384190755208 -31.68069455970734 5
      vertex 17.687144515225807 -31.663639230154413 5
    endloop
  endfacet
  facet normal -0.22707626303437772 0.9738769792773325 0
    outer loop
      vertex 17.789110472164033 -31.639864103571753 0
      vertex 17.687144515225807 -31.663639230154413 5
      vertex 17.789110472164033 -31.639864103571753 5
    endloop
  endfacet
  facet normal -0.29028467725448404 0.9569403357322024 0
    outer loop
      vertex 17.88930314448506 -31.60947098870141 0
      vertex 17.789110472164033 -31.639864103571753 5
      vertex 17.88930314448506 -31.60947098870141 5
    endloop
  endfacet
  facet normal -0.35225004792122155 0.9359059267573303 0
    outer loop
      vertex 17.987293491784143 -31.5725900335273 0
      vertex 17.88930314448506 -31.60947098870141 5
      vertex 17.987293491784143 -31.5725900335273 5
    endloop
  endfacet
  facet normal -0.4127070298043956 0.9108638249211752 0
    outer loop
      vertex 18.082661904350402 -31.529379167961544 0
      vertex 17.987293491784143 -31.5725900335273 5
      vertex 18.082661904350402 -31.529379167961544 5
    endloop
  endfacet
  facet normal -0.47139673682599903 0.8819212643483544 0
    outer loop
      vertex 18.175 -31.480023427564344 5
      vertex 18.175 -31.480023427564344 0
      vertex 18.082661904350402 -31.529379167961544 5
    endloop
  endfacet
  facet normal -0.528067850650377 0.8492021815265733 0
    outer loop
      vertex 18.263912372831363 -31.424734161193314 5
      vertex 18.263912372831363 -31.424734161193314 0
      vertex 18.175 -31.480023427564344 5
    endloop
  endfacet
  facet normal -0.5824776968677907 0.8128466845916235 0
    outer loop
      vertex 18.34901828641395 -31.36374812597522 0
      vertex 18.263912372831363 -31.424734161193314 5
      vertex 18.34901828641395 -31.36374812597522 5
    endloop
  endfacet
  facet normal -0.634393284163637 0.7730104533627439 0
    outer loop
      vertex 18.42995330416011 -31.297326473475607 0
      vertex 18.34901828641395 -31.36374812597522 5
      vertex 18.42995330416011 -31.297326473475607 5
    endloop
  endfacet
  facet normal -0.6835923020228682 0.7298640726978383 0
    outer loop
      vertex 18.506370849898477 -31.22575363140772 0
      vertex 18.42995330416011 -31.297326473475607 5
      vertex 18.506370849898477 -31.22575363140772 5
    endloop
  endfacet
  facet normal -0.7298640726978383 0.6835923020228682 0
    outer loop
      vertex 18.577943691966365 -31.149336085669354 0
      vertex 18.506370849898477 -31.22575363140772 5
      vertex 18.577943691966365 -31.149336085669354 5
    endloop
  endfacet
  facet normal -0.7730104533627469 0.6343932841636334 0
    outer loop
      vertex 18.644365344465974 -31.068401067923197 0
      vertex 18.577943691966365 -31.149336085669354 5
      vertex 18.644365344465974 -31.068401067923197 5
    endloop
  endfacet
  facet normal -0.812846684591619 0.582477696867797 0
    outer loop
      vertex 18.70535137968407 -30.983295154340606 0
      vertex 18.644365344465974 -31.068401067923197 5
      vertex 18.70535137968407 -30.983295154340606 5
    endloop
  endfacet
  facet normal -0.8492021815265733 0.528067850650377 0
    outer loop
      vertex 18.7606406460551 -30.894382781509243 0
      vertex 18.70535137968407 -30.983295154340606 5
      vertex 18.7606406460551 -30.894382781509243 5
    endloop
  endfacet
  facet normal -0.8819212643483544 0.47139673682599903 0
    outer loop
      vertex 18.8099963864523 -30.802044685859645 0
      vertex 18.7606406460551 -30.894382781509243 5
      vertex 18.8099963864523 -30.802044685859645 5
    endloop
  endfacet
  facet normal 0.9569403357322117 0.29028467725445295 3.53478071687265e-19
    outer loop
      vertex 15.829518677937491 -30.508493253673276 5
      vertex 15.85991179280783 -30.6086859259943 5
      vertex 15.85991179280783 -30.6086859259943 0
    endloop
  endfacet
  facet normal 0.9738769792773325 0.22707626303437772 2.900681485804892e-19
    outer loop
      vertex 15.805743551354832 -30.40652729673505 5
      vertex 15.829518677937491 -30.508493253673276 5
      vertex 15.829518677937491 -30.508493253673276 0
    endloop
  endfacet
  facet normal 0.9359059267573248 0.35225004792123643 -2.809287953439709e-19
    outer loop
      vertex 15.85991179280783 -30.6086859259943 5
      vertex 15.89679274798194 -30.706676273293386 5
      vertex 15.89679274798194 -30.706676273293386 0
    endloop
  endfacet
  facet normal 0.9866433320848795 0.16289547339458546 -8.611969602204896e-20
    outer loop
      vertex 15.788688221801904 -30.303224689061324 5
      vertex 15.805743551354832 -30.40652729673505 5
      vertex 15.805743551354832 -30.40652729673505 0
    endloop
  endfacet
  facet normal 0.9951847266721962 0.0980171403295681 1.5133584377122654e-19
    outer loop
      vertex 15.778425722818234 -30.199027788277473 5
      vertex 15.788688221801904 -30.303224689061324 5
      vertex 15.788688221801904 -30.303224689061324 0
    endloop
  endfacet
  facet normal 0.9994645874763659 0.03271908282176942 2.6719752890336e-20
    outer loop
      vertex 15.775 -30.094382781509243 5
      vertex 15.778425722818234 -30.199027788277473 5
      vertex 15.778425722818234 -30.199027788277473 0
    endloop
  endfacet
  facet normal 0.9994645874763659 -0.03271908282176942 -2.6719752890336e-20
    outer loop
      vertex 15.778425722818234 -29.989737774741013 5
      vertex 15.775 -30.094382781509243 5
      vertex 15.775 -30.094382781509243 0
    endloop
  endfacet
  facet normal 0.9951847266721962 -0.0980171403295681 -1.5133584377122654e-19
    outer loop
      vertex 15.788688221801904 -29.88554087395716 5
      vertex 15.778425722818234 -29.989737774741013 5
      vertex 15.778425722818234 -29.989737774741013 0
    endloop
  endfacet
  facet normal 0.9866433320848795 -0.16289547339458546 8.611969602204896e-20
    outer loop
      vertex 15.805743551354832 -29.782238266283436 5
      vertex 15.788688221801904 -29.88554087395716 5
      vertex 15.788688221801904 -29.88554087395716 0
    endloop
  endfacet
  facet normal 0.9738769792773325 -0.22707626303437772 -2.900681485804892e-19
    outer loop
      vertex 15.829518677937491 -29.68027230934521 5
      vertex 15.805743551354832 -29.782238266283436 5
      vertex 15.805743551354832 -29.782238266283436 0
    endloop
  endfacet
  facet normal 0.9569403357322117 -0.29028467725445295 -3.53478071687265e-19
    outer loop
      vertex 15.85991179280783 -29.580079637024184 5
      vertex 15.829518677937491 -29.68027230934521 5
      vertex 15.829518677937491 -29.68027230934521 0
    endloop
  endfacet
  facet normal 0.9359059267573248 -0.35225004792123643 2.809287953439709e-19
    outer loop
      vertex 15.89679274798194 -29.4820892897251 5
      vertex 15.85991179280783 -29.580079637024184 5
      vertex 15.85991179280783 -29.580079637024184 0
    endloop
  endfacet
  facet normal 0.9108638249211752 -0.4127070298043956 -2.4179862206665407e-19
    outer loop
      vertex 15.940003613547699 -29.38672087715884 5
      vertex 15.89679274798194 -29.4820892897251 5
      vertex 15.89679274798194 -29.4820892897251 0
    endloop
  endfacet
  facet normal 0.8819212643483544 -0.47139673682599903 5.614655619745098e-19
    outer loop
      vertex 15.989359353944899 -29.294382781509242 5
      vertex 15.940003613547699 -29.38672087715884 5
      vertex 15.940003613547699 -29.38672087715884 0
    endloop
  endfacet
  facet normal 0.8492021815265733 -0.528067850650377 0
    outer loop
      vertex 15.989359353944899 -29.294382781509242 0
      vertex 16.04464862031593 -29.20547040867788 5
      vertex 15.989359353944899 -29.294382781509242 5
    endloop
  endfacet
  facet normal 0.812846684591619 -0.582477696867797 0
    outer loop
      vertex 16.04464862031593 -29.20547040867788 0
      vertex 16.105634655534026 -29.120364495095288 5
      vertex 16.04464862031593 -29.20547040867788 5
    endloop
  endfacet
  facet normal 0.7730104533627469 -0.6343932841636334 0
    outer loop
      vertex 16.105634655534026 -29.120364495095288 0
      vertex 16.172056308033635 -29.03942947734913 5
      vertex 16.105634655534026 -29.120364495095288 5
    endloop
  endfacet
  facet normal 0.7298640726978383 -0.6835923020228682 0
    outer loop
      vertex 16.172056308033635 -29.03942947734913 0
      vertex 16.243629150101523 -28.963011931610765 5
      vertex 16.172056308033635 -29.03942947734913 5
    endloop
  endfacet
  facet normal 0.6835923020228682 -0.7298640726978383 0
    outer loop
      vertex 16.243629150101523 -28.963011931610765 0
      vertex 16.32004669583989 -28.891439089542878 5
      vertex 16.243629150101523 -28.963011931610765 5
    endloop
  endfacet
  facet normal 0.634393284163637 -0.7730104533627439 0
    outer loop
      vertex 16.32004669583989 -28.891439089542878 0
      vertex 16.40098171358605 -28.825017437043265 5
      vertex 16.32004669583989 -28.891439089542878 5
    endloop
  endfacet
  facet normal 0.5824776968677907 -0.8128466845916235 0
    outer loop
      vertex 16.40098171358605 -28.825017437043265 0
      vertex 16.486087627168637 -28.76403140182517 5
      vertex 16.40098171358605 -28.825017437043265 5
    endloop
  endfacet
  facet normal 0.528067850650377 -0.8492021815265733 0
    outer loop
      vertex 16.486087627168637 -28.76403140182517 0
      vertex 16.575 -28.70874213545414 5
      vertex 16.486087627168637 -28.76403140182517 5
    endloop
  endfacet
  facet normal 0.47139673682599903 -0.8819212643483544 0
    outer loop
      vertex 16.575 -28.70874213545414 0
      vertex 16.667338095649598 -28.65938639505694 5
      vertex 16.575 -28.70874213545414 5
    endloop
  endfacet
  facet normal 0.4127070298043956 -0.9108638249211752 0
    outer loop
      vertex 16.667338095649598 -28.65938639505694 0
      vertex 16.762706508215857 -28.616175529491183 5
      vertex 16.667338095649598 -28.65938639505694 5
    endloop
  endfacet
  facet normal 0.35225004792122155 -0.9359059267573303 0
    outer loop
      vertex 16.762706508215857 -28.616175529491183 0
      vertex 16.86069685551494 -28.579294574317075 5
      vertex 16.762706508215857 -28.616175529491183 5
    endloop
  endfacet
  facet normal 0.29028467725448404 -0.9569403357322024 0
    outer loop
      vertex 16.86069685551494 -28.579294574317075 0
      vertex 16.960889527835967 -28.548901459446732 5
      vertex 16.86069685551494 -28.579294574317075 5
    endloop
  endfacet
  facet normal 0.22707626303437772 -0.9738769792773325 0
    outer loop
      vertex 16.960889527835967 -28.548901459446732 0
      vertex 17.062855484774193 -28.525126332864073 5
      vertex 16.960889527835967 -28.548901459446732 5
    endloop
  endfacet
  facet normal 0.16289547339458546 -0.9866433320848795 0
    outer loop
      vertex 17.062855484774193 -28.525126332864073 0
      vertex 17.16615809244792 -28.508071003311144 5
      vertex 17.062855484774193 -28.525126332864073 5
    endloop
  endfacet
  facet normal 0.09801714032955129 -0.9951847266721978 0
    outer loop
      vertex 17.16615809244792 -28.508071003311144 0
      vertex 17.27035499323177 -28.497808504327477 5
      vertex 17.16615809244792 -28.508071003311144 5
    endloop
  endfacet
  facet normal 0.032719082821786365 -0.9994645874763654 0
    outer loop
      vertex 17.27035499323177 -28.497808504327477 0
      vertex 17.375 -28.49438278150924 5
      vertex 17.27035499323177 -28.497808504327477 5
    endloop
  endfacet
  facet normal -0.032719082821786365 -0.9994645874763654 0
    outer loop
      vertex 17.375 -28.49438278150924 0
      vertex 17.47964500676823 -28.497808504327477 5
      vertex 17.375 -28.49438278150924 5
    endloop
  endfacet
  facet normal -0.09801714032955129 -0.9951847266721978 0
    outer loop
      vertex 17.47964500676823 -28.497808504327477 0
      vertex 17.58384190755208 -28.508071003311144 5
      vertex 17.47964500676823 -28.497808504327477 5
    endloop
  endfacet
  facet normal -0.16289547339458546 -0.9866433320848795 0
    outer loop
      vertex 17.58384190755208 -28.508071003311144 0
      vertex 17.687144515225807 -28.525126332864073 5
      vertex 17.58384190755208 -28.508071003311144 5
    endloop
  endfacet
  facet normal -0.22707626303437772 -0.9738769792773325 0
    outer loop
      vertex 17.687144515225807 -28.525126332864073 0
      vertex 17.789110472164033 -28.548901459446732 5
      vertex 17.687144515225807 -28.525126332864073 5
    endloop
  endfacet
  facet normal -0.29028467725448404 -0.9569403357322024 0
    outer loop
      vertex 17.789110472164033 -28.548901459446732 0
      vertex 17.88930314448506 -28.579294574317075 5
      vertex 17.789110472164033 -28.548901459446732 5
    endloop
  endfacet
  facet normal -0.35225004792122155 -0.9359059267573303 0
    outer loop
      vertex 17.88930314448506 -28.579294574317075 0
      vertex 17.987293491784143 -28.616175529491183 5
      vertex 17.88930314448506 -28.579294574317075 5
    endloop
  endfacet
  facet normal -0.9108638249211752 0.4127070298043956 0
    outer loop
      vertex 18.85320725201806 -30.706676273293386 0
      vertex 18.8099963864523 -30.802044685859645 5
      vertex 18.85320725201806 -30.706676273293386 5
    endloop
  endfacet
  facet normal -0.9359059267573303 0.35225004792122155 0
    outer loop
      vertex 18.890088207192168 -30.6086859259943 0
      vertex 18.85320725201806 -30.706676273293386 5
      vertex 18.890088207192168 -30.6086859259943 5
    endloop
  endfacet
  facet normal -0.9569403357322024 0.29028467725448404 0
    outer loop
      vertex 18.92048132206251 -30.508493253673276 0
      vertex 18.890088207192168 -30.6086859259943 5
      vertex 18.92048132206251 -30.508493253673276 5
    endloop
  endfacet
  facet normal -0.9738769792773325 0.22707626303437772 0
    outer loop
      vertex 18.94425644864517 -30.40652729673505 0
      vertex 18.92048132206251 -30.508493253673276 5
      vertex 18.94425644864517 -30.40652729673505 5
    endloop
  endfacet
  facet normal -0.9866433320848795 0.16289547339458546 0
    outer loop
      vertex 18.961311778198098 -30.303224689061324 0
      vertex 18.94425644864517 -30.40652729673505 5
      vertex 18.961311778198098 -30.303224689061324 5
    endloop
  endfacet
  facet normal -0.9951847266721978 0.09801714032955129 0
    outer loop
      vertex 18.971574277181766 -30.199027788277473 0
      vertex 18.961311778198098 -30.303224689061324 5
      vertex 18.971574277181766 -30.199027788277473 5
    endloop
  endfacet
  facet normal -0.9994645874763654 0.032719082821786365 0
    outer loop
      vertex 18.975 -30.094382781509243 0
      vertex 18.971574277181766 -30.199027788277473 5
      vertex 18.975 -30.094382781509243 5
    endloop
  endfacet
  facet normal -0.9359059267573303 -0.35225004792122155 0
    outer loop
      vertex 18.85320725201806 -29.4820892897251 0
      vertex 18.890088207192168 -29.580079637024184 5
      vertex 18.85320725201806 -29.4820892897251 5
    endloop
  endfacet
  facet normal -0.9994645874763654 -0.032719082821786365 0
    outer loop
      vertex 18.971574277181766 -29.989737774741013 0
      vertex 18.975 -30.094382781509243 5
      vertex 18.971574277181766 -29.989737774741013 5
    endloop
  endfacet
  facet normal -0.9951847266721978 -0.09801714032955129 0
    outer loop
      vertex 18.961311778198098 -29.88554087395716 0
      vertex 18.971574277181766 -29.989737774741013 5
      vertex 18.961311778198098 -29.88554087395716 5
    endloop
  endfacet
  facet normal -0.9866433320848795 -0.16289547339458546 0
    outer loop
      vertex 18.94425644864517 -29.782238266283436 0
      vertex 18.961311778198098 -29.88554087395716 5
      vertex 18.94425644864517 -29.782238266283436 5
    endloop
  endfacet
  facet normal -0.9738769792773325 -0.22707626303437772 0
    outer loop
      vertex 18.92048132206251 -29.68027230934521 0
      vertex 18.94425644864517 -29.782238266283436 5
      vertex 18.92048132206251 -29.68027230934521 5
    endloop
  endfacet
  facet normal -0.9569403357322024 -0.29028467725448404 0
    outer loop
      vertex 18.890088207192168 -29.580079637024184 0
      vertex 18.92048132206251 -29.68027230934521 5
      vertex 18.890088207192168 -29.580079637024184 5
    endloop
  endfacet
  facet normal -0.634393284163637 -0.7730104533627439 0
    outer loop
      vertex 18.34901828641395 -28.825017437043265 5
      vertex 18.34901828641395 -28.825017437043265 0
      vertex 18.42995330416011 -28.891439089542878 5
    endloop
  endfacet
  facet normal -0.7298640726978383 -0.6835923020228682 0
    outer loop
      vertex 18.506370849898477 -28.963011931610765 0
      vertex 18.577943691966365 -29.03942947734913 5
      vertex 18.506370849898477 -28.963011931610765 5
    endloop
  endfacet
  facet normal -0.6835923020228682 -0.7298640726978383 0
    outer loop
      vertex 18.42995330416011 -28.891439089542878 0
      vertex 18.506370849898477 -28.963011931610765 5
      vertex 18.42995330416011 -28.891439089542878 5
    endloop
  endfacet
  facet normal -0.4127070298043956 -0.9108638249211752 0
    outer loop
      vertex 17.987293491784143 -28.616175529491183 0
      vertex 18.082661904350402 -28.65938639505694 5
      vertex 17.987293491784143 -28.616175529491183 5
    endloop
  endfacet
  facet normal -0.47139673682599903 -0.8819212643483544 0
    outer loop
      vertex 18.082661904350402 -28.65938639505694 0
      vertex 18.175 -28.70874213545414 5
      vertex 18.082661904350402 -28.65938639505694 5
    endloop
  endfacet
  facet normal -0.528067850650377 -0.8492021815265733 0
    outer loop
      vertex 18.175 -28.70874213545414 5
      vertex 18.175 -28.70874213545414 0
      vertex 18.263912372831363 -28.76403140182517 5
    endloop
  endfacet
  facet normal -0.5824776968677907 -0.8128466845916235 0
    outer loop
      vertex 18.263912372831363 -28.76403140182517 5
      vertex 18.263912372831363 -28.76403140182517 0
      vertex 18.34901828641395 -28.825017437043265 5
    endloop
  endfacet
  facet normal -0.8492021815265733 -0.528067850650377 0
    outer loop
      vertex 18.70535137968407 -29.20547040867788 0
      vertex 18.7606406460551 -29.294382781509242 5
      vertex 18.70535137968407 -29.20547040867788 5
    endloop
  endfacet
  facet normal -0.812846684591619 -0.582477696867797 0
    outer loop
      vertex 18.644365344465974 -29.120364495095288 0
      vertex 18.70535137968407 -29.20547040867788 5
      vertex 18.644365344465974 -29.120364495095288 5
    endloop
  endfacet
  facet normal -0.8819212643483544 -0.47139673682599903 0
    outer loop
      vertex 18.7606406460551 -29.294382781509242 0
      vertex 18.8099963864523 -29.38672087715884 5
      vertex 18.7606406460551 -29.294382781509242 5
    endloop
  endfacet
  facet normal -0.9108638249211752 -0.4127070298043956 0
    outer loop
      vertex 18.8099963864523 -29.38672087715884 0
      vertex 18.85320725201806 -29.4820892897251 5
      vertex 18.8099963864523 -29.38672087715884 5
    endloop
  endfacet
  facet normal -0.7730104533627469 -0.6343932841636334 0
    outer loop
      vertex 18.577943691966365 -29.03942947734913 0
      vertex 18.644365344465974 -29.120364495095288 5
      vertex 18.577943691966365 -29.03942947734913 5
    endloop
  endfacet
  facet normal 0.7730104533627469 0.6343932841636334 -5.229111772821686e-19
    outer loop
      vertex -18.577943691966365 -31.149336085669354 0
      vertex -18.644365344465974 -31.068401067923197 0
      vertex -18.644365344465974 -31.068401067923197 5
    endloop
  endfacet
  facet normal 0.8492021815265733 0.528067850650377 -1.0052654472535037e-19
    outer loop
      vertex -18.70535137968407 -30.983295154340606 0
      vertex -18.7606406460551 -30.894382781509243 0
      vertex -18.7606406460551 -30.894382781509243 5
    endloop
  endfacet
  facet normal 0.8819212643483544 0.47139673682599903 -5.614655619745098e-19
    outer loop
      vertex -18.7606406460551 -30.894382781509243 0
      vertex -18.8099963864523 -30.802044685859645 0
      vertex -18.8099963864523 -30.802044685859645 5
    endloop
  endfacet
  facet normal 0.812846684591619 0.582477696867797 2.370211377546735e-19
    outer loop
      vertex -18.644365344465974 -31.068401067923197 0
      vertex -18.70535137968407 -30.983295154340606 0
      vertex -18.70535137968407 -30.983295154340606 5
    endloop
  endfacet
  facet normal 0.528067850650377 0.8492021815265733 0
    outer loop
      vertex -18.263912372831363 -31.424734161193314 0
      vertex -18.263912372831363 -31.424734161193314 5
      vertex -18.175 -31.480023427564344 0
    endloop
  endfacet
  facet normal 0.47139673682599903 0.8819212643483544 0
    outer loop
      vertex -18.175 -31.480023427564344 0
      vertex -18.175 -31.480023427564344 5
      vertex -18.082661904350402 -31.529379167961544 0
    endloop
  endfacet
  facet normal 0.35225004792122155 0.9359059267573303 0
    outer loop
      vertex -17.987293491784143 -31.5725900335273 5
      vertex -17.88930314448506 -31.60947098870141 0
      vertex -17.987293491784143 -31.5725900335273 0
    endloop
  endfacet
  facet normal 0.4127070298043956 0.9108638249211752 0
    outer loop
      vertex -18.082661904350402 -31.529379167961544 5
      vertex -17.987293491784143 -31.5725900335273 0
      vertex -18.082661904350402 -31.529379167961544 0
    endloop
  endfacet
  facet normal 0.6835923020228682 0.7298640726978383 0
    outer loop
      vertex -18.506370849898477 -31.22575363140772 0
      vertex -18.506370849898477 -31.22575363140772 5
      vertex -18.42995330416011 -31.297326473475607 0
    endloop
  endfacet
  facet normal 0.7298640726978383 0.6835923020228682 -1.4143609593366894e-19
    outer loop
      vertex -18.506370849898477 -31.22575363140772 0
      vertex -18.577943691966365 -31.149336085669354 0
      vertex -18.577943691966365 -31.149336085669354 5
    endloop
  endfacet
  facet normal 0.634393284163637 0.7730104533627439 0
    outer loop
      vertex -18.42995330416011 -31.297326473475607 0
      vertex -18.42995330416011 -31.297326473475607 5
      vertex -18.34901828641395 -31.36374812597522 0
    endloop
  endfacet
  facet normal 0.5824776968677907 0.8128466845916235 0
    outer loop
      vertex -18.34901828641395 -31.36374812597522 0
      vertex -18.34901828641395 -31.36374812597522 5
      vertex -18.263912372831363 -31.424734161193314 0
    endloop
  endfacet
  facet normal 0.29028467725448404 0.9569403357322024 0
    outer loop
      vertex -17.88930314448506 -31.60947098870141 0
      vertex -17.88930314448506 -31.60947098870141 5
      vertex -17.789110472164033 -31.639864103571753 0
    endloop
  endfacet
  facet normal 0.22707626303437772 0.9738769792773325 0
    outer loop
      vertex -17.789110472164033 -31.639864103571753 0
      vertex -17.789110472164033 -31.639864103571753 5
      vertex -17.687144515225807 -31.663639230154413 0
    endloop
  endfacet
  facet normal 0.16289547339458546 0.9866433320848795 0
    outer loop
      vertex -17.687144515225807 -31.663639230154413 0
      vertex -17.687144515225807 -31.663639230154413 5
      vertex -17.58384190755208 -31.68069455970734 0
    endloop
  endfacet
  facet normal 0.09801714032955129 0.9951847266721978 0
    outer loop
      vertex -17.58384190755208 -31.68069455970734 0
      vertex -17.58384190755208 -31.68069455970734 5
      vertex -17.47964500676823 -31.69095705869101 0
    endloop
  endfacet
  facet normal 0.032719082821786365 0.9994645874763654 0
    outer loop
      vertex -17.47964500676823 -31.69095705869101 0
      vertex -17.47964500676823 -31.69095705869101 5
      vertex -17.375 -31.694382781509244 0
    endloop
  endfacet
  facet normal -0.032719082821786365 0.9994645874763654 0
    outer loop
      vertex -17.375 -31.694382781509244 0
      vertex -17.375 -31.694382781509244 5
      vertex -17.27035499323177 -31.69095705869101 0
    endloop
  endfacet
  facet normal -0.09801714032955129 0.9951847266721978 0
    outer loop
      vertex -17.27035499323177 -31.69095705869101 0
      vertex -17.27035499323177 -31.69095705869101 5
      vertex -17.16615809244792 -31.68069455970734 0
    endloop
  endfacet
  facet normal -0.16289547339458546 0.9866433320848795 0
    outer loop
      vertex -17.16615809244792 -31.68069455970734 0
      vertex -17.16615809244792 -31.68069455970734 5
      vertex -17.062855484774193 -31.663639230154413 0
    endloop
  endfacet
  facet normal -0.22707626303437772 0.9738769792773325 0
    outer loop
      vertex -17.062855484774193 -31.663639230154413 0
      vertex -17.062855484774193 -31.663639230154413 5
      vertex -16.960889527835967 -31.639864103571753 0
    endloop
  endfacet
  facet normal -0.29028467725448404 0.9569403357322024 0
    outer loop
      vertex -16.960889527835967 -31.639864103571753 0
      vertex -16.960889527835967 -31.639864103571753 5
      vertex -16.86069685551494 -31.60947098870141 0
    endloop
  endfacet
  facet normal -0.35225004792122155 0.9359059267573303 0
    outer loop
      vertex -16.86069685551494 -31.60947098870141 0
      vertex -16.86069685551494 -31.60947098870141 5
      vertex -16.762706508215857 -31.5725900335273 0
    endloop
  endfacet
  facet normal -0.4127070298043956 0.9108638249211752 0
    outer loop
      vertex -16.762706508215857 -31.5725900335273 0
      vertex -16.762706508215857 -31.5725900335273 5
      vertex -16.667338095649598 -31.529379167961544 0
    endloop
  endfacet
  facet normal -0.47139673682599903 0.8819212643483544 0
    outer loop
      vertex -16.667338095649598 -31.529379167961544 0
      vertex -16.667338095649598 -31.529379167961544 5
      vertex -16.575 -31.480023427564344 0
    endloop
  endfacet
  facet normal -0.528067850650377 0.8492021815265733 0
    outer loop
      vertex -16.575 -31.480023427564344 0
      vertex -16.575 -31.480023427564344 5
      vertex -16.486087627168637 -31.424734161193314 0
    endloop
  endfacet
  facet normal -0.5824776968677907 0.8128466845916235 0
    outer loop
      vertex -16.486087627168637 -31.424734161193314 0
      vertex -16.486087627168637 -31.424734161193314 5
      vertex -16.40098171358605 -31.36374812597522 0
    endloop
  endfacet
  facet normal -0.634393284163637 0.7730104533627439 0
    outer loop
      vertex -16.40098171358605 -31.36374812597522 0
      vertex -16.40098171358605 -31.36374812597522 5
      vertex -16.32004669583989 -31.297326473475607 0
    endloop
  endfacet
  facet normal -0.6835923020228682 0.7298640726978383 0
    outer loop
      vertex -16.32004669583989 -31.297326473475607 0
      vertex -16.32004669583989 -31.297326473475607 5
      vertex -16.243629150101523 -31.22575363140772 0
    endloop
  endfacet
  facet normal -0.7298640726978383 0.6835923020228682 0
    outer loop
      vertex -16.243629150101523 -31.22575363140772 0
      vertex -16.243629150101523 -31.22575363140772 5
      vertex -16.172056308033635 -31.149336085669354 0
    endloop
  endfacet
  facet normal -0.7730104533627469 0.6343932841636334 5.229111772821686e-19
    outer loop
      vertex -16.105634655534026 -31.068401067923197 0
      vertex -16.172056308033635 -31.149336085669354 0
      vertex -16.172056308033635 -31.149336085669354 5
    endloop
  endfacet
  facet normal -0.812846684591619 0.582477696867797 -2.370211377546735e-19
    outer loop
      vertex -16.04464862031593 -30.983295154340606 0
      vertex -16.105634655534026 -31.068401067923197 0
      vertex -16.105634655534026 -31.068401067923197 5
    endloop
  endfacet
  facet normal -0.8492021815265733 0.528067850650377 1.0052654472535037e-19
    outer loop
      vertex -15.989359353944899 -30.894382781509243 0
      vertex -16.04464862031593 -30.983295154340606 0
      vertex -16.04464862031593 -30.983295154340606 5
    endloop
  endfacet
  facet normal -0.8819212643483544 0.47139673682599903 5.614655619745098e-19
    outer loop
      vertex -15.940003613547699 -30.802044685859645 0
      vertex -15.989359353944899 -30.894382781509243 0
      vertex -15.989359353944899 -30.894382781509243 5
    endloop
  endfacet
  facet normal -0.9108638249211752 0.4127070298043956 -2.4179862206665407e-19
    outer loop
      vertex -15.89679274798194 -30.706676273293386 0
      vertex -15.940003613547699 -30.802044685859645 0
      vertex -15.940003613547699 -30.802044685859645 5
    endloop
  endfacet
  facet normal 0.9569403357322024 0.29028467725448404 -2.913384736687111e-19
    outer loop
      vertex -18.890088207192168 -30.6086859259943 0
      vertex -18.92048132206251 -30.508493253673276 0
      vertex -18.92048132206251 -30.508493253673276 5
    endloop
  endfacet
  facet normal 0.9738769792773325 0.22707626303437772 2.900681485804892e-19
    outer loop
      vertex -18.92048132206251 -30.508493253673276 0
      vertex -18.94425644864517 -30.40652729673505 0
      vertex -18.94425644864517 -30.40652729673505 5
    endloop
  endfacet
  facet normal 0.9866433320848795 0.16289547339458546 -8.611969602204896e-20
    outer loop
      vertex -18.94425644864517 -30.40652729673505 0
      vertex -18.961311778198098 -30.303224689061324 0
      vertex -18.961311778198098 -30.303224689061324 5
    endloop
  endfacet
  facet normal 0.9951847266721978 0.09801714032955129 -2.2212933015947856e-20
    outer loop
      vertex -18.961311778198098 -30.303224689061324 0
      vertex -18.971574277181766 -30.199027788277473 0
      vertex -18.971574277181766 -30.199027788277473 5
    endloop
  endfacet
  facet normal 0.9994645874763654 0.032719082821786365 2.5934643032774505e-20
    outer loop
      vertex -18.971574277181766 -30.199027788277473 0
      vertex -18.975 -30.094382781509243 0
      vertex -18.975 -30.094382781509243 5
    endloop
  endfacet
  facet normal 0.9108638249211752 0.4127070298043956 2.4179862206665407e-19
    outer loop
      vertex -18.8099963864523 -30.802044685859645 0
      vertex -18.85320725201806 -30.706676273293386 0
      vertex -18.85320725201806 -30.706676273293386 5
    endloop
  endfacet
  facet normal 0.9359059267573303 0.35225004792122155 2.4311945454629123e-20
    outer loop
      vertex -18.85320725201806 -30.706676273293386 0
      vertex -18.890088207192168 -30.6086859259943 0
      vertex -18.890088207192168 -30.6086859259943 5
    endloop
  endfacet
  facet normal 0.9994645874763654 -0.032719082821786365 -2.5934643032774505e-20
    outer loop
      vertex -18.975 -30.094382781509243 0
      vertex -18.971574277181766 -29.989737774741013 0
      vertex -18.971574277181766 -29.989737774741013 5
    endloop
  endfacet
  facet normal 0.9951847266721978 -0.09801714032955129 2.2212933015947856e-20
    outer loop
      vertex -18.971574277181766 -29.989737774741013 0
      vertex -18.961311778198098 -29.88554087395716 0
      vertex -18.961311778198098 -29.88554087395716 5
    endloop
  endfacet
  facet normal 0.9866433320848795 -0.16289547339458546 8.611969602204896e-20
    outer loop
      vertex -18.961311778198098 -29.88554087395716 0
      vertex -18.94425644864517 -29.782238266283436 0
      vertex -18.94425644864517 -29.782238266283436 5
    endloop
  endfacet
  facet normal 0.9738769792773325 -0.22707626303437772 -2.900681485804892e-19
    outer loop
      vertex -18.94425644864517 -29.782238266283436 0
      vertex -18.92048132206251 -29.68027230934521 0
      vertex -18.92048132206251 -29.68027230934521 5
    endloop
  endfacet
  facet normal 0.9569403357322024 -0.29028467725448404 2.913384736687111e-19
    outer loop
      vertex -18.92048132206251 -29.68027230934521 0
      vertex -18.890088207192168 -29.580079637024184 0
      vertex -18.890088207192168 -29.580079637024184 5
    endloop
  endfacet
  facet normal 0.9359059267573303 -0.35225004792122155 -2.4311945454629123e-20
    outer loop
      vertex -18.890088207192168 -29.580079637024184 0
      vertex -18.85320725201806 -29.4820892897251 0
      vertex -18.85320725201806 -29.4820892897251 5
    endloop
  endfacet
  facet normal 0.9108638249211752 -0.4127070298043956 -2.4179862206665407e-19
    outer loop
      vertex -18.85320725201806 -29.4820892897251 0
      vertex -18.8099963864523 -29.38672087715884 0
      vertex -18.8099963864523 -29.38672087715884 5
    endloop
  endfacet
  facet normal 0.8819212643483544 -0.47139673682599903 5.614655619745098e-19
    outer loop
      vertex -18.8099963864523 -29.38672087715884 0
      vertex -18.7606406460551 -29.294382781509242 0
      vertex -18.7606406460551 -29.294382781509242 5
    endloop
  endfacet
  facet normal 0.8492021815265733 -0.528067850650377 1.0052654472535037e-19
    outer loop
      vertex -18.7606406460551 -29.294382781509242 0
      vertex -18.70535137968407 -29.20547040867788 0
      vertex -18.70535137968407 -29.20547040867788 5
    endloop
  endfacet
  facet normal 0.812846684591619 -0.582477696867797 -2.370211377546735e-19
    outer loop
      vertex -18.70535137968407 -29.20547040867788 0
      vertex -18.644365344465974 -29.120364495095288 0
      vertex -18.644365344465974 -29.120364495095288 5
    endloop
  endfacet
  facet normal 0.7730104533627469 -0.6343932841636334 5.229111772821686e-19
    outer loop
      vertex -18.644365344465974 -29.120364495095288 0
      vertex -18.577943691966365 -29.03942947734913 0
      vertex -18.577943691966365 -29.03942947734913 5
    endloop
  endfacet
  facet normal 0.7298640726978383 -0.6835923020228682 1.4143609593366894e-19
    outer loop
      vertex -18.577943691966365 -29.03942947734913 0
      vertex -18.506370849898477 -28.963011931610765 0
      vertex -18.506370849898477 -28.963011931610765 5
    endloop
  endfacet
  facet normal 0.6835923020228682 -0.7298640726978383 0
    outer loop
      vertex -18.42995330416011 -28.891439089542878 0
      vertex -18.42995330416011 -28.891439089542878 5
      vertex -18.506370849898477 -28.963011931610765 0
    endloop
  endfacet
  facet normal 0.634393284163637 -0.7730104533627439 0
    outer loop
      vertex -18.34901828641395 -28.825017437043265 0
      vertex -18.34901828641395 -28.825017437043265 5
      vertex -18.42995330416011 -28.891439089542878 0
    endloop
  endfacet
  facet normal 0.5824776968677907 -0.8128466845916235 0
    outer loop
      vertex -18.263912372831363 -28.76403140182517 0
      vertex -18.263912372831363 -28.76403140182517 5
      vertex -18.34901828641395 -28.825017437043265 0
    endloop
  endfacet
  facet normal 0.528067850650377 -0.8492021815265733 0
    outer loop
      vertex -18.175 -28.70874213545414 0
      vertex -18.175 -28.70874213545414 5
      vertex -18.263912372831363 -28.76403140182517 0
    endloop
  endfacet
  facet normal 0.47139673682599903 -0.8819212643483544 0
    outer loop
      vertex -18.082661904350402 -28.65938639505694 5
      vertex -18.175 -28.70874213545414 0
      vertex -18.082661904350402 -28.65938639505694 0
    endloop
  endfacet
  facet normal 0.4127070298043956 -0.9108638249211752 0
    outer loop
      vertex -17.987293491784143 -28.616175529491183 5
      vertex -18.082661904350402 -28.65938639505694 0
      vertex -17.987293491784143 -28.616175529491183 0
    endloop
  endfacet
  facet normal 0.35225004792122155 -0.9359059267573303 0
    outer loop
      vertex -17.88930314448506 -28.579294574317075 5
      vertex -17.987293491784143 -28.616175529491183 0
      vertex -17.88930314448506 -28.579294574317075 0
    endloop
  endfacet
  facet normal 0.29028467725448404 -0.9569403357322024 0
    outer loop
      vertex -17.789110472164033 -28.548901459446732 0
      vertex -17.789110472164033 -28.548901459446732 5
      vertex -17.88930314448506 -28.579294574317075 0
    endloop
  endfacet
  facet normal 0.22707626303437772 -0.9738769792773325 0
    outer loop
      vertex -17.687144515225807 -28.525126332864073 0
      vertex -17.687144515225807 -28.525126332864073 5
      vertex -17.789110472164033 -28.548901459446732 0
    endloop
  endfacet
  facet normal 0.16289547339458546 -0.9866433320848795 0
    outer loop
      vertex -17.58384190755208 -28.508071003311144 0
      vertex -17.58384190755208 -28.508071003311144 5
      vertex -17.687144515225807 -28.525126332864073 0
    endloop
  endfacet
  facet normal 0.09801714032955129 -0.9951847266721978 0
    outer loop
      vertex -17.47964500676823 -28.497808504327477 0
      vertex -17.47964500676823 -28.497808504327477 5
      vertex -17.58384190755208 -28.508071003311144 0
    endloop
  endfacet
  facet normal 0.032719082821786365 -0.9994645874763654 0
    outer loop
      vertex -17.375 -28.49438278150924 0
      vertex -17.375 -28.49438278150924 5
      vertex -17.47964500676823 -28.497808504327477 0
    endloop
  endfacet
  facet normal -0.032719082821786365 -0.9994645874763654 0
    outer loop
      vertex -17.27035499323177 -28.497808504327477 0
      vertex -17.27035499323177 -28.497808504327477 5
      vertex -17.375 -28.49438278150924 0
    endloop
  endfacet
  facet normal -0.16289547339458546 -0.9866433320848795 0
    outer loop
      vertex -17.062855484774193 -28.525126332864073 0
      vertex -17.062855484774193 -28.525126332864073 5
      vertex -17.16615809244792 -28.508071003311144 0
    endloop
  endfacet
  facet normal -0.22707626303437772 -0.9738769792773325 0
    outer loop
      vertex -16.960889527835967 -28.548901459446732 0
      vertex -16.960889527835967 -28.548901459446732 5
      vertex -17.062855484774193 -28.525126332864073 0
    endloop
  endfacet
  facet normal -0.09801714032955129 -0.9951847266721978 0
    outer loop
      vertex -17.16615809244792 -28.508071003311144 0
      vertex -17.16615809244792 -28.508071003311144 5
      vertex -17.27035499323177 -28.497808504327477 0
    endloop
  endfacet
  facet normal -0.29028467725448404 -0.9569403357322024 0
    outer loop
      vertex -16.86069685551494 -28.579294574317075 0
      vertex -16.86069685551494 -28.579294574317075 5
      vertex -16.960889527835967 -28.548901459446732 0
    endloop
  endfacet
  facet normal -0.35225004792122155 -0.9359059267573303 0
    outer loop
      vertex -16.762706508215857 -28.616175529491183 0
      vertex -16.762706508215857 -28.616175529491183 5
      vertex -16.86069685551494 -28.579294574317075 0
    endloop
  endfacet
  facet normal -0.4127070298043956 -0.9108638249211752 0
    outer loop
      vertex -16.667338095649598 -28.65938639505694 0
      vertex -16.667338095649598 -28.65938639505694 5
      vertex -16.762706508215857 -28.616175529491183 0
    endloop
  endfacet
  facet normal -0.9359059267573248 0.35225004792123643 2.809287953439709e-19
    outer loop
      vertex -15.85991179280783 -30.6086859259943 0
      vertex -15.89679274798194 -30.706676273293386 0
      vertex -15.89679274798194 -30.706676273293386 5
    endloop
  endfacet
  facet normal -0.9569403357322117 0.29028467725445295 -3.53478071687265e-19
    outer loop
      vertex -15.829518677937491 -30.508493253673276 0
      vertex -15.85991179280783 -30.6086859259943 0
      vertex -15.85991179280783 -30.6086859259943 5
    endloop
  endfacet
  facet normal -0.9738769792773325 0.22707626303437772 -2.900681485804892e-19
    outer loop
      vertex -15.805743551354832 -30.40652729673505 0
      vertex -15.829518677937491 -30.508493253673276 0
      vertex -15.829518677937491 -30.508493253673276 5
    endloop
  endfacet
  facet normal -0.9866433320848795 0.16289547339458546 8.611969602204896e-20
    outer loop
      vertex -15.788688221801904 -30.303224689061324 0
      vertex -15.805743551354832 -30.40652729673505 0
      vertex -15.805743551354832 -30.40652729673505 5
    endloop
  endfacet
  facet normal -0.9951847266721962 0.0980171403295681 -1.5133584377122654e-19
    outer loop
      vertex -15.778425722818234 -30.199027788277473 0
      vertex -15.788688221801904 -30.303224689061324 0
      vertex -15.788688221801904 -30.303224689061324 5
    endloop
  endfacet
  facet normal -0.9994645874763659 0.03271908282176942 -2.6719752890336e-20
    outer loop
      vertex -15.775 -30.094382781509243 0
      vertex -15.778425722818234 -30.199027788277473 0
      vertex -15.778425722818234 -30.199027788277473 5
    endloop
  endfacet
  facet normal -0.9994645874763659 -0.03271908282176942 2.6719752890336e-20
    outer loop
      vertex -15.778425722818234 -29.989737774741013 0
      vertex -15.775 -30.094382781509243 0
      vertex -15.775 -30.094382781509243 5
    endloop
  endfacet
  facet normal -0.9951847266721962 -0.0980171403295681 1.5133584377122654e-19
    outer loop
      vertex -15.788688221801904 -29.88554087395716 0
      vertex -15.778425722818234 -29.989737774741013 0
      vertex -15.778425722818234 -29.989737774741013 5
    endloop
  endfacet
  facet normal -0.9866433320848795 -0.16289547339458546 -8.611969602204896e-20
    outer loop
      vertex -15.805743551354832 -29.782238266283436 0
      vertex -15.788688221801904 -29.88554087395716 0
      vertex -15.788688221801904 -29.88554087395716 5
    endloop
  endfacet
  facet normal -0.9359059267573248 -0.35225004792123643 -2.809287953439709e-19
    outer loop
      vertex -15.89679274798194 -29.4820892897251 0
      vertex -15.85991179280783 -29.580079637024184 0
      vertex -15.85991179280783 -29.580079637024184 5
    endloop
  endfacet
  facet normal -0.9738769792773325 -0.22707626303437772 2.900681485804892e-19
    outer loop
      vertex -15.829518677937491 -29.68027230934521 0
      vertex -15.805743551354832 -29.782238266283436 0
      vertex -15.805743551354832 -29.782238266283436 5
    endloop
  endfacet
  facet normal -0.9569403357322117 -0.29028467725445295 3.53478071687265e-19
    outer loop
      vertex -15.85991179280783 -29.580079637024184 0
      vertex -15.829518677937491 -29.68027230934521 0
      vertex -15.829518677937491 -29.68027230934521 5
    endloop
  endfacet
  facet normal -0.634393284163637 -0.7730104533627439 0
    outer loop
      vertex -16.32004669583989 -28.891439089542878 0
      vertex -16.32004669583989 -28.891439089542878 5
      vertex -16.40098171358605 -28.825017437043265 0
    endloop
  endfacet
  facet normal -0.812846684591619 -0.582477696867797 2.370211377546735e-19
    outer loop
      vertex -16.105634655534026 -29.120364495095288 0
      vertex -16.04464862031593 -29.20547040867788 0
      vertex -16.04464862031593 -29.20547040867788 5
    endloop
  endfacet
  facet normal -0.7298640726978383 -0.6835923020228682 -1.4143609593366894e-19
    outer loop
      vertex -16.243629150101523 -28.963011931610765 0
      vertex -16.172056308033635 -29.03942947734913 0
      vertex -16.172056308033635 -29.03942947734913 5
    endloop
  endfacet
  facet normal -0.6835923020228682 -0.7298640726978383 0
    outer loop
      vertex -16.243629150101523 -28.963011931610765 0
      vertex -16.243629150101523 -28.963011931610765 5
      vertex -16.32004669583989 -28.891439089542878 0
    endloop
  endfacet
  facet normal -0.7730104533627469 -0.6343932841636334 -5.229111772821686e-19
    outer loop
      vertex -16.172056308033635 -29.03942947734913 0
      vertex -16.105634655534026 -29.120364495095288 0
      vertex -16.105634655534026 -29.120364495095288 5
    endloop
  endfacet
  facet normal -0.47139673682599903 -0.8819212643483544 0
    outer loop
      vertex -16.575 -28.70874213545414 0
      vertex -16.575 -28.70874213545414 5
      vertex -16.667338095649598 -28.65938639505694 0
    endloop
  endfacet
  facet normal -0.528067850650377 -0.8492021815265733 0
    outer loop
      vertex -16.486087627168637 -28.76403140182517 0
      vertex -16.486087627168637 -28.76403140182517 5
      vertex -16.575 -28.70874213545414 0
    endloop
  endfacet
  facet normal -0.5824776968677907 -0.8128466845916235 0
    outer loop
      vertex -16.40098171358605 -28.825017437043265 0
      vertex -16.40098171358605 -28.825017437043265 5
      vertex -16.486087627168637 -28.76403140182517 0
    endloop
  endfacet
  facet normal -0.8819212643483544 -0.47139673682599903 -5.614655619745098e-19
    outer loop
      vertex -15.989359353944899 -29.294382781509242 0
      vertex -15.940003613547699 -29.38672087715884 0
      vertex -15.940003613547699 -29.38672087715884 5
    endloop
  endfacet
  facet normal -0.9108638249211752 -0.4127070298043956 2.4179862206665407e-19
    outer loop
      vertex -15.940003613547699 -29.38672087715884 0
      vertex -15.89679274798194 -29.4820892897251 0
      vertex -15.89679274798194 -29.4820892897251 5
    endloop
  endfacet
  facet normal -0.8492021815265733 -0.528067850650377 -1.0052654472535037e-19
    outer loop
      vertex -16.04464862031593 -29.20547040867788 0
      vertex -15.989359353944899 -29.294382781509242 0
      vertex -15.989359353944899 -29.294382781509242 5
    endloop
  endfacet
  facet normal 0.7730104533627469 0.6343932841636334 0
    outer loop
      vertex -18.577943691966365 -31.149336085669354 0
      vertex -18.644365344465974 -31.068401067923197 5
      vertex -18.577943691966365 -31.149336085669354 5
    endloop
  endfacet
  facet normal 0.9108638249211752 0.4127070298043956 0
    outer loop
      vertex -18.8099963864523 -30.802044685859645 0
      vertex -18.85320725201806 -30.706676273293386 5
      vertex -18.8099963864523 -30.802044685859645 5
    endloop
  endfacet
  facet normal 0.8819212643483544 0.47139673682599903 0
    outer loop
      vertex -18.7606406460551 -30.894382781509243 0
      vertex -18.8099963864523 -30.802044685859645 5
      vertex -18.7606406460551 -30.894382781509243 5
    endloop
  endfacet
  facet normal 0.812846684591619 0.582477696867797 0
    outer loop
      vertex -18.644365344465974 -31.068401067923197 0
      vertex -18.70535137968407 -30.983295154340606 5
      vertex -18.644365344465974 -31.068401067923197 5
    endloop
  endfacet
  facet normal 0.8492021815265733 0.528067850650377 0
    outer loop
      vertex -18.70535137968407 -30.983295154340606 0
      vertex -18.7606406460551 -30.894382781509243 5
      vertex -18.70535137968407 -30.983295154340606 5
    endloop
  endfacet
  facet normal 0.5824776968677907 0.8128466845916235 0
    outer loop
      vertex -18.263912372831363 -31.424734161193314 0
      vertex -18.34901828641395 -31.36374812597522 5
      vertex -18.263912372831363 -31.424734161193314 5
    endloop
  endfacet
  facet normal 0.528067850650377 0.8492021815265733 0
    outer loop
      vertex -18.175 -31.480023427564344 0
      vertex -18.263912372831363 -31.424734161193314 5
      vertex -18.175 -31.480023427564344 5
    endloop
  endfacet
  facet normal 0.47139673682599903 0.8819212643483544 0
    outer loop
      vertex -18.082661904350402 -31.529379167961544 5
      vertex -18.082661904350402 -31.529379167961544 0
      vertex -18.175 -31.480023427564344 5
    endloop
  endfacet
  facet normal 0.4127070298043956 0.9108638249211752 0
    outer loop
      vertex -17.987293491784143 -31.5725900335273 5
      vertex -17.987293491784143 -31.5725900335273 0
      vertex -18.082661904350402 -31.529379167961544 5
    endloop
  endfacet
  facet normal 0.6835923020228682 0.7298640726978383 0
    outer loop
      vertex -18.42995330416011 -31.297326473475607 0
      vertex -18.506370849898477 -31.22575363140772 5
      vertex -18.42995330416011 -31.297326473475607 5
    endloop
  endfacet
  facet normal 0.7298640726978383 0.6835923020228682 0
    outer loop
      vertex -18.506370849898477 -31.22575363140772 0
      vertex -18.577943691966365 -31.149336085669354 5
      vertex -18.506370849898477 -31.22575363140772 5
    endloop
  endfacet
  facet normal 0.634393284163637 0.7730104533627439 0
    outer loop
      vertex -18.34901828641395 -31.36374812597522 0
      vertex -18.42995330416011 -31.297326473475607 5
      vertex -18.34901828641395 -31.36374812597522 5
    endloop
  endfacet
  facet normal 0.35225004792122155 0.9359059267573303 0
    outer loop
      vertex -17.88930314448506 -31.60947098870141 0
      vertex -17.987293491784143 -31.5725900335273 5
      vertex -17.88930314448506 -31.60947098870141 5
    endloop
  endfacet
  facet normal 0.29028467725448404 0.9569403357322024 0
    outer loop
      vertex -17.789110472164033 -31.639864103571753 0
      vertex -17.88930314448506 -31.60947098870141 5
      vertex -17.789110472164033 -31.639864103571753 5
    endloop
  endfacet
  facet normal 0.22707626303437772 0.9738769792773325 0
    outer loop
      vertex -17.687144515225807 -31.663639230154413 0
      vertex -17.789110472164033 -31.639864103571753 5
      vertex -17.687144515225807 -31.663639230154413 5
    endloop
  endfacet
  facet normal 0.16289547339458546 0.9866433320848795 0
    outer loop
      vertex -17.58384190755208 -31.68069455970734 0
      vertex -17.687144515225807 -31.663639230154413 5
      vertex -17.58384190755208 -31.68069455970734 5
    endloop
  endfacet
  facet normal 0.09801714032955129 0.9951847266721978 0
    outer loop
      vertex -17.47964500676823 -31.69095705869101 0
      vertex -17.58384190755208 -31.68069455970734 5
      vertex -17.47964500676823 -31.69095705869101 5
    endloop
  endfacet
  facet normal 0.032719082821786365 0.9994645874763654 0
    outer loop
      vertex -17.375 -31.694382781509244 0
      vertex -17.47964500676823 -31.69095705869101 5
      vertex -17.375 -31.694382781509244 5
    endloop
  endfacet
  facet normal -0.032719082821786365 0.9994645874763654 0
    outer loop
      vertex -17.27035499323177 -31.69095705869101 0
      vertex -17.375 -31.694382781509244 5
      vertex -17.27035499323177 -31.69095705869101 5
    endloop
  endfacet
  facet normal -0.09801714032955129 0.9951847266721978 0
    outer loop
      vertex -17.16615809244792 -31.68069455970734 0
      vertex -17.27035499323177 -31.69095705869101 5
      vertex -17.16615809244792 -31.68069455970734 5
    endloop
  endfacet
  facet normal -0.16289547339458546 0.9866433320848795 0
    outer loop
      vertex -17.062855484774193 -31.663639230154413 0
      vertex -17.16615809244792 -31.68069455970734 5
      vertex -17.062855484774193 -31.663639230154413 5
    endloop
  endfacet
  facet normal -0.22707626303437772 0.9738769792773325 0
    outer loop
      vertex -16.960889527835967 -31.639864103571753 0
      vertex -17.062855484774193 -31.663639230154413 5
      vertex -16.960889527835967 -31.639864103571753 5
    endloop
  endfacet
  facet normal -0.29028467725448404 0.9569403357322024 0
    outer loop
      vertex -16.86069685551494 -31.60947098870141 0
      vertex -16.960889527835967 -31.639864103571753 5
      vertex -16.86069685551494 -31.60947098870141 5
    endloop
  endfacet
  facet normal -0.35225004792122155 0.9359059267573303 0
    outer loop
      vertex -16.762706508215857 -31.5725900335273 0
      vertex -16.86069685551494 -31.60947098870141 5
      vertex -16.762706508215857 -31.5725900335273 5
    endloop
  endfacet
  facet normal -0.4127070298043956 0.9108638249211752 0
    outer loop
      vertex -16.667338095649598 -31.529379167961544 0
      vertex -16.762706508215857 -31.5725900335273 5
      vertex -16.667338095649598 -31.529379167961544 5
    endloop
  endfacet
  facet normal -0.47139673682599903 0.8819212643483544 0
    outer loop
      vertex -16.575 -31.480023427564344 0
      vertex -16.667338095649598 -31.529379167961544 5
      vertex -16.575 -31.480023427564344 5
    endloop
  endfacet
  facet normal -0.528067850650377 0.8492021815265733 0
    outer loop
      vertex -16.486087627168637 -31.424734161193314 0
      vertex -16.575 -31.480023427564344 5
      vertex -16.486087627168637 -31.424734161193314 5
    endloop
  endfacet
  facet normal -0.5824776968677907 0.8128466845916235 0
    outer loop
      vertex -16.40098171358605 -31.36374812597522 0
      vertex -16.486087627168637 -31.424734161193314 5
      vertex -16.40098171358605 -31.36374812597522 5
    endloop
  endfacet
  facet normal -0.634393284163637 0.7730104533627439 0
    outer loop
      vertex -16.32004669583989 -31.297326473475607 0
      vertex -16.40098171358605 -31.36374812597522 5
      vertex -16.32004669583989 -31.297326473475607 5
    endloop
  endfacet
  facet normal -0.6835923020228682 0.7298640726978383 0
    outer loop
      vertex -16.243629150101523 -31.22575363140772 0
      vertex -16.32004669583989 -31.297326473475607 5
      vertex -16.243629150101523 -31.22575363140772 5
    endloop
  endfacet
  facet normal -0.7298640726978383 0.6835923020228682 0
    outer loop
      vertex -16.172056308033635 -31.149336085669354 0
      vertex -16.243629150101523 -31.22575363140772 5
      vertex -16.172056308033635 -31.149336085669354 5
    endloop
  endfacet
  facet normal -0.7730104533627469 0.6343932841636334 0
    outer loop
      vertex -16.105634655534026 -31.068401067923197 0
      vertex -16.172056308033635 -31.149336085669354 5
      vertex -16.105634655534026 -31.068401067923197 5
    endloop
  endfacet
  facet normal -0.812846684591619 0.582477696867797 0
    outer loop
      vertex -16.04464862031593 -30.983295154340606 0
      vertex -16.105634655534026 -31.068401067923197 5
      vertex -16.04464862031593 -30.983295154340606 5
    endloop
  endfacet
  facet normal -0.8492021815265733 0.528067850650377 0
    outer loop
      vertex -15.989359353944899 -30.894382781509243 0
      vertex -16.04464862031593 -30.983295154340606 5
      vertex -15.989359353944899 -30.894382781509243 5
    endloop
  endfacet
  facet normal -0.8819212643483544 0.47139673682599903 0
    outer loop
      vertex -15.940003613547699 -30.802044685859645 0
      vertex -15.989359353944899 -30.894382781509243 5
      vertex -15.940003613547699 -30.802044685859645 5
    endloop
  endfacet
  facet normal 0.9569403357322024 0.29028467725448404 0
    outer loop
      vertex -18.890088207192168 -30.6086859259943 0
      vertex -18.92048132206251 -30.508493253673276 5
      vertex -18.890088207192168 -30.6086859259943 5
    endloop
  endfacet
  facet normal 0.9738769792773325 0.22707626303437772 0
    outer loop
      vertex -18.92048132206251 -30.508493253673276 0
      vertex -18.94425644864517 -30.40652729673505 5
      vertex -18.92048132206251 -30.508493253673276 5
    endloop
  endfacet
  facet normal 0.9866433320848795 0.16289547339458546 0
    outer loop
      vertex -18.94425644864517 -30.40652729673505 0
      vertex -18.961311778198098 -30.303224689061324 5
      vertex -18.94425644864517 -30.40652729673505 5
    endloop
  endfacet
  facet normal 0.9951847266721978 0.09801714032955129 0
    outer loop
      vertex -18.961311778198098 -30.303224689061324 0
      vertex -18.971574277181766 -30.199027788277473 5
      vertex -18.961311778198098 -30.303224689061324 5
    endloop
  endfacet
  facet normal 0.9994645874763654 0.032719082821786365 0
    outer loop
      vertex -18.971574277181766 -30.199027788277473 0
      vertex -18.975 -30.094382781509243 5
      vertex -18.971574277181766 -30.199027788277473 5
    endloop
  endfacet
  facet normal 0.9359059267573303 0.35225004792122155 0
    outer loop
      vertex -18.85320725201806 -30.706676273293386 0
      vertex -18.890088207192168 -30.6086859259943 5
      vertex -18.85320725201806 -30.706676273293386 5
    endloop
  endfacet
  facet normal 0.9994645874763654 -0.032719082821786365 0
    outer loop
      vertex -18.975 -30.094382781509243 0
      vertex -18.971574277181766 -29.989737774741013 5
      vertex -18.975 -30.094382781509243 5
    endloop
  endfacet
  facet normal 0.9951847266721978 -0.09801714032955129 0
    outer loop
      vertex -18.971574277181766 -29.989737774741013 0
      vertex -18.961311778198098 -29.88554087395716 5
      vertex -18.971574277181766 -29.989737774741013 5
    endloop
  endfacet
  facet normal 0.9866433320848795 -0.16289547339458546 0
    outer loop
      vertex -18.961311778198098 -29.88554087395716 0
      vertex -18.94425644864517 -29.782238266283436 5
      vertex -18.961311778198098 -29.88554087395716 5
    endloop
  endfacet
  facet normal 0.9738769792773325 -0.22707626303437772 0
    outer loop
      vertex -18.94425644864517 -29.782238266283436 0
      vertex -18.92048132206251 -29.68027230934521 5
      vertex -18.94425644864517 -29.782238266283436 5
    endloop
  endfacet
  facet normal 0.9569403357322024 -0.29028467725448404 0
    outer loop
      vertex -18.92048132206251 -29.68027230934521 0
      vertex -18.890088207192168 -29.580079637024184 5
      vertex -18.92048132206251 -29.68027230934521 5
    endloop
  endfacet
  facet normal 0.9359059267573303 -0.35225004792122155 0
    outer loop
      vertex -18.890088207192168 -29.580079637024184 0
      vertex -18.85320725201806 -29.4820892897251 5
      vertex -18.890088207192168 -29.580079637024184 5
    endloop
  endfacet
  facet normal 0.9108638249211752 -0.4127070298043956 0
    outer loop
      vertex -18.85320725201806 -29.4820892897251 0
      vertex -18.8099963864523 -29.38672087715884 5
      vertex -18.85320725201806 -29.4820892897251 5
    endloop
  endfacet
  facet normal 0.8819212643483544 -0.47139673682599903 5.614655619745098e-19
    outer loop
      vertex -18.7606406460551 -29.294382781509242 5
      vertex -18.8099963864523 -29.38672087715884 5
      vertex -18.8099963864523 -29.38672087715884 0
    endloop
  endfacet
  facet normal 0.8492021815265733 -0.528067850650377 0
    outer loop
      vertex -18.7606406460551 -29.294382781509242 0
      vertex -18.70535137968407 -29.20547040867788 5
      vertex -18.7606406460551 -29.294382781509242 5
    endloop
  endfacet
  facet normal 0.812846684591619 -0.582477696867797 0
    outer loop
      vertex -18.70535137968407 -29.20547040867788 0
      vertex -18.644365344465974 -29.120364495095288 5
      vertex -18.70535137968407 -29.20547040867788 5
    endloop
  endfacet
  facet normal 0.7730104533627469 -0.6343932841636334 0
    outer loop
      vertex -18.644365344465974 -29.120364495095288 0
      vertex -18.577943691966365 -29.03942947734913 5
      vertex -18.644365344465974 -29.120364495095288 5
    endloop
  endfacet
  facet normal 0.7298640726978383 -0.6835923020228682 0
    outer loop
      vertex -18.577943691966365 -29.03942947734913 0
      vertex -18.506370849898477 -28.963011931610765 5
      vertex -18.577943691966365 -29.03942947734913 5
    endloop
  endfacet
  facet normal 0.6835923020228682 -0.7298640726978383 0
    outer loop
      vertex -18.506370849898477 -28.963011931610765 0
      vertex -18.42995330416011 -28.891439089542878 5
      vertex -18.506370849898477 -28.963011931610765 5
    endloop
  endfacet
  facet normal 0.634393284163637 -0.7730104533627439 0
    outer loop
      vertex -18.42995330416011 -28.891439089542878 0
      vertex -18.34901828641395 -28.825017437043265 5
      vertex -18.42995330416011 -28.891439089542878 5
    endloop
  endfacet
  facet normal 0.5824776968677907 -0.8128466845916235 0
    outer loop
      vertex -18.34901828641395 -28.825017437043265 0
      vertex -18.263912372831363 -28.76403140182517 5
      vertex -18.34901828641395 -28.825017437043265 5
    endloop
  endfacet
  facet normal 0.528067850650377 -0.8492021815265733 0
    outer loop
      vertex -18.263912372831363 -28.76403140182517 0
      vertex -18.175 -28.70874213545414 5
      vertex -18.263912372831363 -28.76403140182517 5
    endloop
  endfacet
  facet normal 0.47139673682599903 -0.8819212643483544 0
    outer loop
      vertex -18.175 -28.70874213545414 0
      vertex -18.082661904350402 -28.65938639505694 5
      vertex -18.175 -28.70874213545414 5
    endloop
  endfacet
  facet normal 0.4127070298043956 -0.9108638249211752 0
    outer loop
      vertex -18.082661904350402 -28.65938639505694 5
      vertex -18.082661904350402 -28.65938639505694 0
      vertex -17.987293491784143 -28.616175529491183 5
    endloop
  endfacet
  facet normal 0.35225004792122155 -0.9359059267573303 0
    outer loop
      vertex -17.987293491784143 -28.616175529491183 5
      vertex -17.987293491784143 -28.616175529491183 0
      vertex -17.88930314448506 -28.579294574317075 5
    endloop
  endfacet
  facet normal 0.29028467725448404 -0.9569403357322024 0
    outer loop
      vertex -17.88930314448506 -28.579294574317075 0
      vertex -17.789110472164033 -28.548901459446732 5
      vertex -17.88930314448506 -28.579294574317075 5
    endloop
  endfacet
  facet normal 0.22707626303437772 -0.9738769792773325 0
    outer loop
      vertex -17.789110472164033 -28.548901459446732 0
      vertex -17.687144515225807 -28.525126332864073 5
      vertex -17.789110472164033 -28.548901459446732 5
    endloop
  endfacet
  facet normal 0.16289547339458546 -0.9866433320848795 0
    outer loop
      vertex -17.687144515225807 -28.525126332864073 0
      vertex -17.58384190755208 -28.508071003311144 5
      vertex -17.687144515225807 -28.525126332864073 5
    endloop
  endfacet
  facet normal 0.09801714032955129 -0.9951847266721978 0
    outer loop
      vertex -17.58384190755208 -28.508071003311144 0
      vertex -17.47964500676823 -28.497808504327477 5
      vertex -17.58384190755208 -28.508071003311144 5
    endloop
  endfacet
  facet normal 0.032719082821786365 -0.9994645874763654 0
    outer loop
      vertex -17.47964500676823 -28.497808504327477 0
      vertex -17.375 -28.49438278150924 5
      vertex -17.47964500676823 -28.497808504327477 5
    endloop
  endfacet
  facet normal -0.032719082821786365 -0.9994645874763654 0
    outer loop
      vertex -17.375 -28.49438278150924 0
      vertex -17.27035499323177 -28.497808504327477 5
      vertex -17.375 -28.49438278150924 5
    endloop
  endfacet
  facet normal -0.16289547339458546 -0.9866433320848795 0
    outer loop
      vertex -17.16615809244792 -28.508071003311144 0
      vertex -17.062855484774193 -28.525126332864073 5
      vertex -17.16615809244792 -28.508071003311144 5
    endloop
  endfacet
  facet normal -0.22707626303437772 -0.9738769792773325 0
    outer loop
      vertex -17.062855484774193 -28.525126332864073 0
      vertex -16.960889527835967 -28.548901459446732 5
      vertex -17.062855484774193 -28.525126332864073 5
    endloop
  endfacet
  facet normal -0.09801714032955129 -0.9951847266721978 0
    outer loop
      vertex -17.27035499323177 -28.497808504327477 0
      vertex -17.16615809244792 -28.508071003311144 5
      vertex -17.27035499323177 -28.497808504327477 5
    endloop
  endfacet
  facet normal -0.29028467725448404 -0.9569403357322024 0
    outer loop
      vertex -16.960889527835967 -28.548901459446732 0
      vertex -16.86069685551494 -28.579294574317075 5
      vertex -16.960889527835967 -28.548901459446732 5
    endloop
  endfacet
  facet normal -0.35225004792122155 -0.9359059267573303 0
    outer loop
      vertex -16.86069685551494 -28.579294574317075 0
      vertex -16.762706508215857 -28.616175529491183 5
      vertex -16.86069685551494 -28.579294574317075 5
    endloop
  endfacet
  facet normal -0.4127070298043956 -0.9108638249211752 0
    outer loop
      vertex -16.762706508215857 -28.616175529491183 0
      vertex -16.667338095649598 -28.65938639505694 5
      vertex -16.762706508215857 -28.616175529491183 5
    endloop
  endfacet
  facet normal -0.9108638249211752 0.4127070298043956 0
    outer loop
      vertex -15.89679274798194 -30.706676273293386 0
      vertex -15.940003613547699 -30.802044685859645 5
      vertex -15.89679274798194 -30.706676273293386 5
    endloop
  endfacet
  facet normal -0.9359059267573248 0.35225004792123643 0
    outer loop
      vertex -15.85991179280783 -30.6086859259943 0
      vertex -15.89679274798194 -30.706676273293386 5
      vertex -15.85991179280783 -30.6086859259943 5
    endloop
  endfacet
  facet normal -0.9569403357322117 0.29028467725445295 0
    outer loop
      vertex -15.829518677937491 -30.508493253673276 0
      vertex -15.85991179280783 -30.6086859259943 5
      vertex -15.829518677937491 -30.508493253673276 5
    endloop
  endfacet
  facet normal -0.9738769792773325 0.22707626303437772 0
    outer loop
      vertex -15.805743551354832 -30.40652729673505 0
      vertex -15.829518677937491 -30.508493253673276 5
      vertex -15.805743551354832 -30.40652729673505 5
    endloop
  endfacet
  facet normal -0.9866433320848795 0.16289547339458546 0
    outer loop
      vertex -15.788688221801904 -30.303224689061324 0
      vertex -15.805743551354832 -30.40652729673505 5
      vertex -15.788688221801904 -30.303224689061324 5
    endloop
  endfacet
  facet normal -0.9951847266721962 0.0980171403295681 0
    outer loop
      vertex -15.778425722818234 -30.199027788277473 0
      vertex -15.788688221801904 -30.303224689061324 5
      vertex -15.778425722818234 -30.199027788277473 5
    endloop
  endfacet
  facet normal -0.9994645874763659 0.03271908282176942 -2.6719752890336e-20
    outer loop
      vertex -15.778425722818234 -30.199027788277473 5
      vertex -15.775 -30.094382781509243 5
      vertex -15.775 -30.094382781509243 0
    endloop
  endfacet
  facet normal -0.9994645874763659 -0.03271908282176942 0
    outer loop
      vertex -15.778425722818234 -29.989737774741013 0
      vertex -15.775 -30.094382781509243 5
      vertex -15.778425722818234 -29.989737774741013 5
    endloop
  endfacet
  facet normal -0.9951847266721962 -0.0980171403295681 0
    outer loop
      vertex -15.788688221801904 -29.88554087395716 0
      vertex -15.778425722818234 -29.989737774741013 5
      vertex -15.788688221801904 -29.88554087395716 5
    endloop
  endfacet
  facet normal -0.9866433320848795 -0.16289547339458546 0
    outer loop
      vertex -15.805743551354832 -29.782238266283436 0
      vertex -15.788688221801904 -29.88554087395716 5
      vertex -15.805743551354832 -29.782238266283436 5
    endloop
  endfacet
  facet normal -0.9359059267573248 -0.35225004792123643 0
    outer loop
      vertex -15.89679274798194 -29.4820892897251 0
      vertex -15.85991179280783 -29.580079637024184 5
      vertex -15.89679274798194 -29.4820892897251 5
    endloop
  endfacet
  facet normal -0.9738769792773325 -0.22707626303437772 0
    outer loop
      vertex -15.829518677937491 -29.68027230934521 0
      vertex -15.805743551354832 -29.782238266283436 5
      vertex -15.829518677937491 -29.68027230934521 5
    endloop
  endfacet
  facet normal -0.9569403357322117 -0.29028467725445295 0
    outer loop
      vertex -15.85991179280783 -29.580079637024184 0
      vertex -15.829518677937491 -29.68027230934521 5
      vertex -15.85991179280783 -29.580079637024184 5
    endloop
  endfacet
  facet normal -0.634393284163637 -0.7730104533627439 0
    outer loop
      vertex -16.40098171358605 -28.825017437043265 0
      vertex -16.32004669583989 -28.891439089542878 5
      vertex -16.40098171358605 -28.825017437043265 5
    endloop
  endfacet
  facet normal -0.8492021815265733 -0.528067850650377 0
    outer loop
      vertex -16.04464862031593 -29.20547040867788 0
      vertex -15.989359353944899 -29.294382781509242 5
      vertex -16.04464862031593 -29.20547040867788 5
    endloop
  endfacet
  facet normal -0.812846684591619 -0.582477696867797 0
    outer loop
      vertex -16.105634655534026 -29.120364495095288 0
      vertex -16.04464862031593 -29.20547040867788 5
      vertex -16.105634655534026 -29.120364495095288 5
    endloop
  endfacet
  facet normal -0.7298640726978383 -0.6835923020228682 0
    outer loop
      vertex -16.243629150101523 -28.963011931610765 0
      vertex -16.172056308033635 -29.03942947734913 5
      vertex -16.243629150101523 -28.963011931610765 5
    endloop
  endfacet
  facet normal -0.6835923020228682 -0.7298640726978383 0
    outer loop
      vertex -16.32004669583989 -28.891439089542878 0
      vertex -16.243629150101523 -28.963011931610765 5
      vertex -16.32004669583989 -28.891439089542878 5
    endloop
  endfacet
  facet normal -0.7730104533627469 -0.6343932841636334 0
    outer loop
      vertex -16.172056308033635 -29.03942947734913 0
      vertex -16.105634655534026 -29.120364495095288 5
      vertex -16.172056308033635 -29.03942947734913 5
    endloop
  endfacet
  facet normal -0.47139673682599903 -0.8819212643483544 0
    outer loop
      vertex -16.667338095649598 -28.65938639505694 0
      vertex -16.575 -28.70874213545414 5
      vertex -16.667338095649598 -28.65938639505694 5
    endloop
  endfacet
  facet normal -0.528067850650377 -0.8492021815265733 0
    outer loop
      vertex -16.575 -28.70874213545414 0
      vertex -16.486087627168637 -28.76403140182517 5
      vertex -16.575 -28.70874213545414 5
    endloop
  endfacet
  facet normal -0.5824776968677907 -0.8128466845916235 0
    outer loop
      vertex -16.486087627168637 -28.76403140182517 0
      vertex -16.40098171358605 -28.825017437043265 5
      vertex -16.486087627168637 -28.76403140182517 5
    endloop
  endfacet
  facet normal -0.8819212643483544 -0.47139673682599903 0
    outer loop
      vertex -15.989359353944899 -29.294382781509242 0
      vertex -15.940003613547699 -29.38672087715884 5
      vertex -15.989359353944899 -29.294382781509242 5
    endloop
  endfacet
  facet normal -0.9108638249211752 -0.4127070298043956 0
    outer loop
      vertex -15.940003613547699 -29.38672087715884 0
      vertex -15.89679274798194 -29.4820892897251 5
      vertex -15.940003613547699 -29.38672087715884 5
    endloop
  endfacet
  facet normal 0.9108638249211753 0.41270702980439566 0
    outer loop
      vertex 18.52179274798194 9.887706508215857 6
      vertex 18.5650036135477 9.792338095649598 0
      vertex 18.52179274798194 9.887706508215857 0
    endloop
  endfacet
  facet normal 0.9359059267573302 0.3522500479212215 2.0259954545524266e-20
    outer loop
      vertex 18.52179274798194 9.887706508215857 0
      vertex 18.484911792807832 9.985696855514941 0
      vertex 18.484911792807832 9.985696855514941 6
    endloop
  endfacet
  facet normal 0.9569403357322023 0.29028467725448404 -2.427820613905926e-19
    outer loop
      vertex 18.484911792807832 9.985696855514941 0
      vertex 18.45451867793749 10.085889527835967 0
      vertex 18.45451867793749 10.085889527835967 6
    endloop
  endfacet
  facet normal 0.9738769792773335 0.227076263034374 -2.2623456336696043e-20
    outer loop
      vertex 18.45451867793749 10.085889527835967 0
      vertex 18.43074355135483 10.187855484774195 0
      vertex 18.43074355135483 10.187855484774195 6
    endloop
  endfacet
  facet normal 0.8128466845916131 0.582477696867805 0
    outer loop
      vertex 18.66964862031593 9.611087627168637 6
      vertex 18.730634655534026 9.525981713586047 0
      vertex 18.66964862031593 9.611087627168637 0
    endloop
  endfacet
  facet normal 0.6835923020228775 0.7298640726978299 0
    outer loop
      vertex 18.868629150101523 9.368629150101524 6
      vertex 18.94504669583989 9.297056308033635 0
      vertex 18.868629150101523 9.368629150101524 0
    endloop
  endfacet
  facet normal 0.7298640726978384 0.6835923020228684 0
    outer loop
      vertex 18.797056308033635 9.44504669583989 6
      vertex 18.868629150101523 9.368629150101524 0
      vertex 18.797056308033635 9.44504669583989 0
    endloop
  endfacet
  facet normal 0.7730104533627468 0.6343932841636333 0
    outer loop
      vertex 18.730634655534026 9.525981713586047 6
      vertex 18.797056308033635 9.44504669583989 0
      vertex 18.730634655534026 9.525981713586047 0
    endloop
  endfacet
  facet normal 0.6343932841636268 0.7730104533627522 0
    outer loop
      vertex 18.94504669583989 9.297056308033635 6
      vertex 19.02598171358605 9.230634655534024 0
      vertex 18.94504669583989 9.297056308033635 0
    endloop
  endfacet
  facet normal 0.5824776968678131 0.8128466845916075 0
    outer loop
      vertex 19.02598171358605 9.230634655534024 6
      vertex 19.111087627168637 9.169648620315927 0
      vertex 19.02598171358605 9.230634655534024 0
    endloop
  endfacet
  facet normal 0.5280678506503647 0.8492021815265809 0
    outer loop
      vertex 19.111087627168637 9.169648620315927 6
      vertex 19.2 9.114359353944899 0
      vertex 19.111087627168637 9.169648620315927 0
    endloop
  endfacet
  facet normal 0.8492021815265732 0.5280678506503769 0
    outer loop
      vertex 18.6143593539449 9.7 6
      vertex 18.66964862031593 9.611087627168637 0
      vertex 18.6143593539449 9.7 0
    endloop
  endfacet
  facet normal 0.8819212643483543 0.47139673682599903 0
    outer loop
      vertex 18.5650036135477 9.792338095649598 6
      vertex 18.6143593539449 9.7 0
      vertex 18.5650036135477 9.792338095649598 0
    endloop
  endfacet
  facet normal 0.22707626303437775 0.9738769792773325 0
    outer loop
      vertex 19.585889527835967 8.954518677937491 6
      vertex 19.687855484774193 8.930743551354832 0
      vertex 19.585889527835967 8.954518677937491 0
    endloop
  endfacet
  facet normal 0.16289547339458546 0.9866433320848794 0
    outer loop
      vertex 19.687855484774193 8.930743551354832 0
      vertex 19.687855484774193 8.930743551354832 6
      vertex 19.79115809244792 8.913688221801904 0
    endloop
  endfacet
  facet normal 0.0980171403295681 0.995184726672196 0
    outer loop
      vertex 19.79115809244792 8.913688221801904 0
      vertex 19.79115809244792 8.913688221801904 6
      vertex 19.89535499323177 8.903425722818234 0
    endloop
  endfacet
  facet normal 0.03271908282176942 0.9994645874763659 0
    outer loop
      vertex 19.89535499323177 8.903425722818234 0
      vertex 19.89535499323177 8.903425722818234 6
      vertex 20 8.9 0
    endloop
  endfacet
  facet normal -0.03271908282176942 0.9994645874763659 0
    outer loop
      vertex 20 8.9 0
      vertex 20 8.9 6
      vertex 20.10464500676823 8.903425722818234 0
    endloop
  endfacet
  facet normal -0.0980171403295681 0.995184726672196 0
    outer loop
      vertex 20.10464500676823 8.903425722818234 0
      vertex 20.10464500676823 8.903425722818234 6
      vertex 20.20884190755208 8.913688221801904 0
    endloop
  endfacet
  facet normal -0.16289547339458546 0.9866433320848794 0
    outer loop
      vertex 20.20884190755208 8.913688221801904 0
      vertex 20.20884190755208 8.913688221801904 6
      vertex 20.312144515225807 8.930743551354832 0
    endloop
  endfacet
  facet normal -0.22707626303437775 0.9738769792773325 0
    outer loop
      vertex 20.312144515225807 8.930743551354832 0
      vertex 20.312144515225807 8.930743551354832 6
      vertex 20.414110472164033 8.954518677937491 0
    endloop
  endfacet
  facet normal -0.29028467725445295 0.9569403357322117 0
    outer loop
      vertex 20.414110472164033 8.954518677937491 0
      vertex 20.414110472164033 8.954518677937491 6
      vertex 20.51430314448506 8.98491179280783 0
    endloop
  endfacet
  facet normal 0.47139673682599903 0.8819212643483543 0
    outer loop
      vertex 19.2 9.114359353944899 6
      vertex 19.292338095649598 9.065003613547699 0
      vertex 19.2 9.114359353944899 0
    endloop
  endfacet
  facet normal 0.41270702980439566 0.9108638249211753 0
    outer loop
      vertex 19.292338095649598 9.065003613547699 6
      vertex 19.387706508215857 9.02179274798194 0
      vertex 19.292338095649598 9.065003613547699 0
    endloop
  endfacet
  facet normal 0.3522500479212364 0.9359059267573246 0
    outer loop
      vertex 19.387706508215857 9.02179274798194 6
      vertex 19.48569685551494 8.98491179280783 0
      vertex 19.387706508215857 9.02179274798194 0
    endloop
  endfacet
  facet normal 0.29028467725445295 0.9569403357322117 0
    outer loop
      vertex 19.48569685551494 8.98491179280783 6
      vertex 19.585889527835967 8.954518677937491 0
      vertex 19.48569685551494 8.98491179280783 0
    endloop
  endfacet
  facet normal 0.9951847266721981 0.09801714032954799 -6.710551153201461e-20
    outer loop
      vertex 18.413688221801902 10.291158092447917 0
      vertex 18.403425722818234 10.395354993231772 0
      vertex 18.403425722818234 10.395354993231772 6
    endloop
  endfacet
  facet normal 0.9994645874763652 0.03271908282178692 -4.275536379035276e-20
    outer loop
      vertex 18.403425722818234 10.395354993231772 0
      vertex 18.4 10.5 0
      vertex 18.4 10.5 6
    endloop
  endfacet
  facet normal 0.9994645874763652 -0.03271908282178692 4.275536379035276e-20
    outer loop
      vertex 18.4 10.5 0
      vertex 18.403425722818234 10.604645006768228 0
      vertex 18.403425722818234 10.604645006768228 6
    endloop
  endfacet
  facet normal 0.9866433320848786 0.16289547339459093 7.821833038869354e-20
    outer loop
      vertex 18.43074355135483 10.187855484774195 0
      vertex 18.413688221801902 10.291158092447917 0
      vertex 18.413688221801902 10.291158092447917 6
    endloop
  endfacet
  facet normal 0.9951847266721981 -0.09801714032954799 6.710551153201461e-20
    outer loop
      vertex 18.403425722818234 10.604645006768228 0
      vertex 18.413688221801902 10.708841907552083 0
      vertex 18.413688221801902 10.708841907552083 6
    endloop
  endfacet
  facet normal 0.9866433320848786 -0.16289547339459093 -7.821833038869354e-20
    outer loop
      vertex 18.413688221801902 10.708841907552083 0
      vertex 18.43074355135483 10.812144515225805 0
      vertex 18.43074355135483 10.812144515225805 6
    endloop
  endfacet
  facet normal 0.9738769792773335 -0.227076263034374 2.2623456336696043e-20
    outer loop
      vertex 18.43074355135483 10.812144515225805 0
      vertex 18.45451867793749 10.914110472164033 0
      vertex 18.45451867793749 10.914110472164033 6
    endloop
  endfacet
  facet normal 0.9569403357322023 -0.29028467725448404 2.427820613905926e-19
    outer loop
      vertex 18.45451867793749 10.914110472164033 0
      vertex 18.484911792807832 11.014303144485059 0
      vertex 18.484911792807832 11.014303144485059 6
    endloop
  endfacet
  facet normal 0.9359059267573302 -0.3522500479212215 -2.0259954545524266e-20
    outer loop
      vertex 18.484911792807832 11.014303144485059 0
      vertex 18.52179274798194 11.112293491784143 0
      vertex 18.52179274798194 11.112293491784143 6
    endloop
  endfacet
  facet normal 0.9108638249211753 -0.41270702980439566 -2.0149885172221178e-19
    outer loop
      vertex 18.52179274798194 11.112293491784143 0
      vertex 18.5650036135477 11.207661904350402 0
      vertex 18.5650036135477 11.207661904350402 6
    endloop
  endfacet
  facet normal 0.8819212643483543 -0.47139673682599903 4.678879683120915e-19
    outer loop
      vertex 18.5650036135477 11.207661904350402 0
      vertex 18.6143593539449 11.3 0
      vertex 18.6143593539449 11.3 6
    endloop
  endfacet
  facet normal 0.8492021815265732 -0.5280678506503769 8.377212060445863e-20
    outer loop
      vertex 18.6143593539449 11.3 0
      vertex 18.66964862031593 11.388912372831363 0
      vertex 18.66964862031593 11.388912372831363 6
    endloop
  endfacet
  facet normal 0.8128466845916131 -0.582477696867805 -5.861982205712528e-20
    outer loop
      vertex 18.66964862031593 11.388912372831363 0
      vertex 18.730634655534026 11.474018286413953 0
      vertex 18.730634655534026 11.474018286413953 6
    endloop
  endfacet
  facet normal 0.7730104533627468 -0.6343932841636333 4.357593144018071e-19
    outer loop
      vertex 18.730634655534026 11.474018286413953 0
      vertex 18.797056308033635 11.55495330416011 0
      vertex 18.797056308033635 11.55495330416011 6
    endloop
  endfacet
  facet normal 0.7298640726978384 -0.6835923020228684 1.1786341327805747e-19
    outer loop
      vertex 18.797056308033635 11.55495330416011 0
      vertex 18.868629150101523 11.631370849898476 0
      vertex 18.868629150101523 11.631370849898476 6
    endloop
  endfacet
  facet normal 0.6835923020228775 -0.7298640726978299 0
    outer loop
      vertex 18.94504669583989 11.702943691966365 0
      vertex 18.94504669583989 11.702943691966365 6
      vertex 18.868629150101523 11.631370849898476 0
    endloop
  endfacet
  facet normal 0.6343932841636268 -0.7730104533627522 0
    outer loop
      vertex 19.02598171358605 11.769365344465976 0
      vertex 19.02598171358605 11.769365344465976 6
      vertex 18.94504669583989 11.702943691966365 0
    endloop
  endfacet
  facet normal 0.5824776968678131 -0.8128466845916075 0
    outer loop
      vertex 19.111087627168637 11.830351379684073 0
      vertex 19.111087627168637 11.830351379684073 6
      vertex 19.02598171358605 11.769365344465976 0
    endloop
  endfacet
  facet normal 0.5280678506503647 -0.8492021815265809 0
    outer loop
      vertex 19.2 11.885640646055101 0
      vertex 19.2 11.885640646055101 6
      vertex 19.111087627168637 11.830351379684073 0
    endloop
  endfacet
  facet normal 0.47139673682599903 -0.8819212643483543 0
    outer loop
      vertex 19.292338095649598 11.934996386452301 0
      vertex 19.292338095649598 11.934996386452301 6
      vertex 19.2 11.885640646055101 0
    endloop
  endfacet
  facet normal 0.41270702980439566 -0.9108638249211753 0
    outer loop
      vertex 19.387706508215857 11.97820725201806 0
      vertex 19.387706508215857 11.97820725201806 6
      vertex 19.292338095649598 11.934996386452301 0
    endloop
  endfacet
  facet normal 0.3522500479212364 -0.9359059267573246 0
    outer loop
      vertex 19.48569685551494 12.01508820719217 0
      vertex 19.48569685551494 12.01508820719217 6
      vertex 19.387706508215857 11.97820725201806 0
    endloop
  endfacet
  facet normal 0.29028467725445295 -0.9569403357322117 0
    outer loop
      vertex 19.585889527835967 12.045481322062509 0
      vertex 19.585889527835967 12.045481322062509 6
      vertex 19.48569685551494 12.01508820719217 0
    endloop
  endfacet
  facet normal 0.22707626303437775 -0.9738769792773325 0
    outer loop
      vertex 19.687855484774193 12.069256448645168 0
      vertex 19.687855484774193 12.069256448645168 6
      vertex 19.585889527835967 12.045481322062509 0
    endloop
  endfacet
  facet normal 0.16289547339458546 -0.9866433320848794 0
    outer loop
      vertex 19.79115809244792 12.086311778198096 0
      vertex 19.79115809244792 12.086311778198096 6
      vertex 19.687855484774193 12.069256448645168 0
    endloop
  endfacet
  facet normal 0.0980171403295681 -0.995184726672196 0
    outer loop
      vertex 19.89535499323177 12.096574277181766 0
      vertex 19.89535499323177 12.096574277181766 6
      vertex 19.79115809244792 12.086311778198096 0
    endloop
  endfacet
  facet normal 0.03271908282176942 -0.9994645874763659 0
    outer loop
      vertex 20 12.1 0
      vertex 20 12.1 6
      vertex 19.89535499323177 12.096574277181766 0
    endloop
  endfacet
  facet normal -0.03271908282176942 -0.9994645874763659 0
    outer loop
      vertex 20.10464500676823 12.096574277181766 0
      vertex 20.10464500676823 12.096574277181766 6
      vertex 20 12.1 0
    endloop
  endfacet
  facet normal -0.0980171403295681 -0.995184726672196 0
    outer loop
      vertex 20.20884190755208 12.086311778198096 0
      vertex 20.20884190755208 12.086311778198096 6
      vertex 20.10464500676823 12.096574277181766 0
    endloop
  endfacet
  facet normal -0.16289547339458546 -0.9866433320848794 0
    outer loop
      vertex 20.312144515225807 12.069256448645168 0
      vertex 20.312144515225807 12.069256448645168 6
      vertex 20.20884190755208 12.086311778198096 0
    endloop
  endfacet
  facet normal -0.22707626303437775 -0.9738769792773325 0
    outer loop
      vertex 20.414110472164033 12.045481322062509 0
      vertex 20.414110472164033 12.045481322062509 6
      vertex 20.312144515225807 12.069256448645168 0
    endloop
  endfacet
  facet normal -0.29028467725445295 -0.9569403357322117 2.9456505973938754e-19
    outer loop
      vertex 20.414110472164033 12.045481322062509 0
      vertex 20.51430314448506 12.01508820719217 0
      vertex 20.51430314448506 12.01508820719217 6
    endloop
  endfacet
  facet normal -0.3522500479212364 0.9359059267573246 0
    outer loop
      vertex 20.51430314448506 8.98491179280783 6
      vertex 20.612293491784143 9.02179274798194 0
      vertex 20.51430314448506 8.98491179280783 0
    endloop
  endfacet
  facet normal -0.41270702980439566 0.9108638249211753 0
    outer loop
      vertex 20.612293491784143 9.02179274798194 6
      vertex 20.707661904350402 9.065003613547699 0
      vertex 20.612293491784143 9.02179274798194 0
    endloop
  endfacet
  facet normal -0.47139673682599903 0.8819212643483543 0
    outer loop
      vertex 20.707661904350402 9.065003613547699 6
      vertex 20.8 9.114359353944899 0
      vertex 20.707661904350402 9.065003613547699 0
    endloop
  endfacet
  facet normal -0.5280678506503647 0.8492021815265809 0
    outer loop
      vertex 20.8 9.114359353944899 6
      vertex 20.888912372831363 9.169648620315927 0
      vertex 20.8 9.114359353944899 0
    endloop
  endfacet
  facet normal -0.5824776968678131 0.8128466845916075 0
    outer loop
      vertex 20.888912372831363 9.169648620315927 6
      vertex 20.97401828641395 9.230634655534024 0
      vertex 20.888912372831363 9.169648620315927 0
    endloop
  endfacet
  facet normal -0.6343932841636268 0.7730104533627522 0
    outer loop
      vertex 20.97401828641395 9.230634655534024 6
      vertex 21.05495330416011 9.297056308033635 0
      vertex 20.97401828641395 9.230634655534024 0
    endloop
  endfacet
  facet normal -0.6835923020228775 0.7298640726978299 0
    outer loop
      vertex 21.05495330416011 9.297056308033635 6
      vertex 21.131370849898477 9.368629150101524 0
      vertex 21.05495330416011 9.297056308033635 0
    endloop
  endfacet
  facet normal -0.7298640726978384 0.6835923020228684 0
    outer loop
      vertex 21.131370849898477 9.368629150101524 0
      vertex 21.131370849898477 9.368629150101524 6
      vertex 21.202943691966365 9.44504669583989 0
    endloop
  endfacet
  facet normal -0.7730104533627468 0.6343932841636333 0
    outer loop
      vertex 21.202943691966365 9.44504669583989 6
      vertex 21.269365344465974 9.525981713586047 0
      vertex 21.202943691966365 9.44504669583989 0
    endloop
  endfacet
  facet normal -0.8128466845916131 0.582477696867805 0
    outer loop
      vertex 21.269365344465974 9.525981713586047 6
      vertex 21.33035137968407 9.611087627168637 0
      vertex 21.269365344465974 9.525981713586047 0
    endloop
  endfacet
  facet normal -0.8492021815265732 0.5280678506503769 0
    outer loop
      vertex 21.33035137968407 9.611087627168637 6
      vertex 21.3856406460551 9.7 0
      vertex 21.33035137968407 9.611087627168637 0
    endloop
  endfacet
  facet normal -0.8819212643483543 0.47139673682599903 0
    outer loop
      vertex 21.3856406460551 9.7 6
      vertex 21.4349963864523 9.792338095649598 0
      vertex 21.3856406460551 9.7 0
    endloop
  endfacet
  facet normal -0.9108638249211753 0.41270702980439566 0
    outer loop
      vertex 21.4349963864523 9.792338095649598 6
      vertex 21.47820725201806 9.887706508215857 0
      vertex 21.4349963864523 9.792338095649598 0
    endloop
  endfacet
  facet normal -0.9359059267573302 0.3522500479212215 0
    outer loop
      vertex 21.47820725201806 9.887706508215857 6
      vertex 21.515088207192168 9.985696855514941 0
      vertex 21.47820725201806 9.887706508215857 0
    endloop
  endfacet
  facet normal -0.9569403357322023 0.29028467725448404 0
    outer loop
      vertex 21.515088207192168 9.985696855514941 6
      vertex 21.54548132206251 10.085889527835967 0
      vertex 21.515088207192168 9.985696855514941 0
    endloop
  endfacet
  facet normal -0.9738769792773335 0.227076263034374 0
    outer loop
      vertex 21.54548132206251 10.085889527835967 6
      vertex 21.56925644864517 10.187855484774195 0
      vertex 21.54548132206251 10.085889527835967 0
    endloop
  endfacet
  facet normal -0.9866433320848786 0.16289547339459093 0
    outer loop
      vertex 21.56925644864517 10.187855484774195 6
      vertex 21.586311778198098 10.291158092447917 0
      vertex 21.56925644864517 10.187855484774195 0
    endloop
  endfacet
  facet normal -0.9951847266721981 0.09801714032954799 0
    outer loop
      vertex 21.586311778198098 10.291158092447917 6
      vertex 21.596574277181766 10.395354993231772 0
      vertex 21.586311778198098 10.291158092447917 0
    endloop
  endfacet
  facet normal -0.9994645874763652 0.03271908282178692 0
    outer loop
      vertex 21.596574277181766 10.395354993231772 6
      vertex 21.6 10.5 0
      vertex 21.596574277181766 10.395354993231772 0
    endloop
  endfacet
  facet normal -0.9994645874763652 -0.03271908282178692 0
    outer loop
      vertex 21.6 10.5 6
      vertex 21.596574277181766 10.604645006768228 0
      vertex 21.6 10.5 0
    endloop
  endfacet
  facet normal -0.9951847266721981 -0.09801714032954799 0
    outer loop
      vertex 21.596574277181766 10.604645006768228 6
      vertex 21.586311778198098 10.708841907552083 0
      vertex 21.596574277181766 10.604645006768228 0
    endloop
  endfacet
  facet normal -0.9866433320848786 -0.16289547339459093 0
    outer loop
      vertex 21.586311778198098 10.708841907552083 6
      vertex 21.56925644864517 10.812144515225805 0
      vertex 21.586311778198098 10.708841907552083 0
    endloop
  endfacet
  facet normal -0.9738769792773335 -0.227076263034374 0
    outer loop
      vertex 21.56925644864517 10.812144515225805 6
      vertex 21.54548132206251 10.914110472164033 0
      vertex 21.56925644864517 10.812144515225805 0
    endloop
  endfacet
  facet normal -0.7730104533627468 -0.6343932841636333 0
    outer loop
      vertex 21.269365344465974 11.474018286413953 6
      vertex 21.202943691966365 11.55495330416011 0
      vertex 21.269365344465974 11.474018286413953 0
    endloop
  endfacet
  facet normal -0.8492021815265732 -0.5280678506503769 0
    outer loop
      vertex 21.3856406460551 11.3 6
      vertex 21.33035137968407 11.388912372831363 0
      vertex 21.3856406460551 11.3 0
    endloop
  endfacet
  facet normal -0.8819212643483543 -0.47139673682599903 0
    outer loop
      vertex 21.4349963864523 11.207661904350402 6
      vertex 21.3856406460551 11.3 0
      vertex 21.4349963864523 11.207661904350402 0
    endloop
  endfacet
  facet normal -0.8128466845916131 -0.582477696867805 0
    outer loop
      vertex 21.33035137968407 11.388912372831363 6
      vertex 21.269365344465974 11.474018286413953 0
      vertex 21.33035137968407 11.388912372831363 0
    endloop
  endfacet
  facet normal -0.9569403357322023 -0.29028467725448404 0
    outer loop
      vertex 21.54548132206251 10.914110472164033 6
      vertex 21.515088207192168 11.014303144485059 0
      vertex 21.54548132206251 10.914110472164033 0
    endloop
  endfacet
  facet normal -0.9359059267573302 -0.3522500479212215 0
    outer loop
      vertex 21.515088207192168 11.014303144485059 6
      vertex 21.47820725201806 11.112293491784143 0
      vertex 21.515088207192168 11.014303144485059 0
    endloop
  endfacet
  facet normal -0.9108638249211753 -0.41270702980439566 0
    outer loop
      vertex 21.47820725201806 11.112293491784143 6
      vertex 21.4349963864523 11.207661904350402 0
      vertex 21.47820725201806 11.112293491784143 0
    endloop
  endfacet
  facet normal -0.3522500479212364 -0.9359059267573246 0
    outer loop
      vertex 20.612293491784143 11.97820725201806 0
      vertex 20.612293491784143 11.97820725201806 6
      vertex 20.51430314448506 12.01508820719217 0
    endloop
  endfacet
  facet normal -0.41270702980439566 -0.9108638249211753 0
    outer loop
      vertex 20.707661904350402 11.934996386452301 6
      vertex 20.612293491784143 11.97820725201806 0
      vertex 20.707661904350402 11.934996386452301 0
    endloop
  endfacet
  facet normal -0.47139673682599903 -0.8819212643483543 0
    outer loop
      vertex 20.8 11.885640646055101 6
      vertex 20.707661904350402 11.934996386452301 0
      vertex 20.8 11.885640646055101 0
    endloop
  endfacet
  facet normal -0.5280678506503647 -0.8492021815265809 0
    outer loop
      vertex 20.888912372831363 11.830351379684073 6
      vertex 20.8 11.885640646055101 0
      vertex 20.888912372831363 11.830351379684073 0
    endloop
  endfacet
  facet normal -0.5824776968678131 -0.8128466845916075 0
    outer loop
      vertex 20.97401828641395 11.769365344465976 6
      vertex 20.888912372831363 11.830351379684073 0
      vertex 20.97401828641395 11.769365344465976 0
    endloop
  endfacet
  facet normal -0.6835923020228775 -0.7298640726978299 0
    outer loop
      vertex 21.131370849898477 11.631370849898476 6
      vertex 21.05495330416011 11.702943691966365 0
      vertex 21.131370849898477 11.631370849898476 0
    endloop
  endfacet
  facet normal -0.6343932841636268 -0.7730104533627522 0
    outer loop
      vertex 21.05495330416011 11.702943691966365 6
      vertex 20.97401828641395 11.769365344465976 0
      vertex 21.05495330416011 11.702943691966365 0
    endloop
  endfacet
  facet normal -0.7298640726978384 -0.6835923020228684 0
    outer loop
      vertex 21.202943691966365 11.55495330416011 6
      vertex 21.131370849898477 11.631370849898476 0
      vertex 21.202943691966365 11.55495330416011 0
    endloop
  endfacet
  facet normal 0.9108638249211753 0.41270702980439566 2.0149885172221178e-19
    outer loop
      vertex 18.52179274798194 9.887706508215857 6
      vertex 18.5650036135477 9.792338095649598 6
      vertex 18.5650036135477 9.792338095649598 0
    endloop
  endfacet
  facet normal 0.9359059267573302 0.3522500479212215 2.0259954545524266e-20
    outer loop
      vertex 18.484911792807832 9.985696855514941 6
      vertex 18.52179274798194 9.887706508215857 6
      vertex 18.52179274798194 9.887706508215857 0
    endloop
  endfacet
  facet normal 0.9569403357322023 0.29028467725448404 0
    outer loop
      vertex 18.484911792807832 9.985696855514941 0
      vertex 18.45451867793749 10.085889527835967 6
      vertex 18.484911792807832 9.985696855514941 6
    endloop
  endfacet
  facet normal 0.9738769792773335 0.227076263034374 -2.2623456336696043e-20
    outer loop
      vertex 18.43074355135483 10.187855484774195 6
      vertex 18.45451867793749 10.085889527835967 6
      vertex 18.45451867793749 10.085889527835967 0
    endloop
  endfacet
  facet normal 0.9866433320848786 0.16289547339459093 7.821833038869354e-20
    outer loop
      vertex 18.413688221801902 10.291158092447917 6
      vertex 18.43074355135483 10.187855484774195 6
      vertex 18.43074355135483 10.187855484774195 0
    endloop
  endfacet
  facet normal 0.8128466845916131 0.582477696867805 5.861982205712528e-20
    outer loop
      vertex 18.66964862031593 9.611087627168637 6
      vertex 18.730634655534026 9.525981713586047 6
      vertex 18.730634655534026 9.525981713586047 0
    endloop
  endfacet
  facet normal 0.7298640726978384 0.6835923020228684 -1.1786341327805747e-19
    outer loop
      vertex 18.797056308033635 9.44504669583989 6
      vertex 18.868629150101523 9.368629150101524 6
      vertex 18.868629150101523 9.368629150101524 0
    endloop
  endfacet
  facet normal 0.7730104533627468 0.6343932841636333 -4.357593144018071e-19
    outer loop
      vertex 18.730634655534026 9.525981713586047 6
      vertex 18.797056308033635 9.44504669583989 6
      vertex 18.797056308033635 9.44504669583989 0
    endloop
  endfacet
  facet normal 0.6343932841636268 0.7730104533627522 0
    outer loop
      vertex 19.02598171358605 9.230634655534024 6
      vertex 19.02598171358605 9.230634655534024 0
      vertex 18.94504669583989 9.297056308033635 6
    endloop
  endfacet
  facet normal 0.5824776968678131 0.8128466845916075 0
    outer loop
      vertex 19.111087627168637 9.169648620315927 6
      vertex 19.111087627168637 9.169648620315927 0
      vertex 19.02598171358605 9.230634655534024 6
    endloop
  endfacet
  facet normal 0.5280678506503647 0.8492021815265809 0
    outer loop
      vertex 19.2 9.114359353944899 6
      vertex 19.2 9.114359353944899 0
      vertex 19.111087627168637 9.169648620315927 6
    endloop
  endfacet
  facet normal 0.6835923020228775 0.7298640726978299 0
    outer loop
      vertex 18.94504669583989 9.297056308033635 6
      vertex 18.94504669583989 9.297056308033635 0
      vertex 18.868629150101523 9.368629150101524 6
    endloop
  endfacet
  facet normal 0.8492021815265732 0.5280678506503769 -8.377212060445863e-20
    outer loop
      vertex 18.6143593539449 9.7 6
      vertex 18.66964862031593 9.611087627168637 6
      vertex 18.66964862031593 9.611087627168637 0
    endloop
  endfacet
  facet normal 0.8819212643483543 0.47139673682599903 -4.678879683120915e-19
    outer loop
      vertex 18.5650036135477 9.792338095649598 6
      vertex 18.6143593539449 9.7 6
      vertex 18.6143593539449 9.7 0
    endloop
  endfacet
  facet normal 0.29028467725445295 0.9569403357322117 0
    outer loop
      vertex 19.585889527835967 8.954518677937491 6
      vertex 19.585889527835967 8.954518677937491 0
      vertex 19.48569685551494 8.98491179280783 6
    endloop
  endfacet
  facet normal 0.22707626303437775 0.9738769792773325 0
    outer loop
      vertex 19.687855484774193 8.930743551354832 0
      vertex 19.585889527835967 8.954518677937491 6
      vertex 19.687855484774193 8.930743551354832 6
    endloop
  endfacet
  facet normal 0.16289547339458546 0.9866433320848794 0
    outer loop
      vertex 19.79115809244792 8.913688221801904 0
      vertex 19.687855484774193 8.930743551354832 6
      vertex 19.79115809244792 8.913688221801904 6
    endloop
  endfacet
  facet normal 0.0980171403295681 0.995184726672196 0
    outer loop
      vertex 19.89535499323177 8.903425722818234 0
      vertex 19.79115809244792 8.913688221801904 6
      vertex 19.89535499323177 8.903425722818234 6
    endloop
  endfacet
  facet normal 0.03271908282176942 0.9994645874763659 0
    outer loop
      vertex 20 8.9 0
      vertex 19.89535499323177 8.903425722818234 6
      vertex 20 8.9 6
    endloop
  endfacet
  facet normal -0.03271908282176942 0.9994645874763659 0
    outer loop
      vertex 20.10464500676823 8.903425722818234 0
      vertex 20 8.9 6
      vertex 20.10464500676823 8.903425722818234 6
    endloop
  endfacet
  facet normal -0.0980171403295681 0.995184726672196 0
    outer loop
      vertex 20.20884190755208 8.913688221801904 0
      vertex 20.10464500676823 8.903425722818234 6
      vertex 20.20884190755208 8.913688221801904 6
    endloop
  endfacet
  facet normal -0.16289547339458546 0.9866433320848794 0
    outer loop
      vertex 20.312144515225807 8.930743551354832 0
      vertex 20.20884190755208 8.913688221801904 6
      vertex 20.312144515225807 8.930743551354832 6
    endloop
  endfacet
  facet normal -0.22707626303437775 0.9738769792773325 0
    outer loop
      vertex 20.414110472164033 8.954518677937491 0
      vertex 20.312144515225807 8.930743551354832 6
      vertex 20.414110472164033 8.954518677937491 6
    endloop
  endfacet
  facet normal 0.47139673682599903 0.8819212643483543 0
    outer loop
      vertex 19.292338095649598 9.065003613547699 6
      vertex 19.292338095649598 9.065003613547699 0
      vertex 19.2 9.114359353944899 6
    endloop
  endfacet
  facet normal 0.41270702980439566 0.9108638249211753 0
    outer loop
      vertex 19.387706508215857 9.02179274798194 6
      vertex 19.387706508215857 9.02179274798194 0
      vertex 19.292338095649598 9.065003613547699 6
    endloop
  endfacet
  facet normal 0.3522500479212364 0.9359059267573246 0
    outer loop
      vertex 19.48569685551494 8.98491179280783 6
      vertex 19.48569685551494 8.98491179280783 0
      vertex 19.387706508215857 9.02179274798194 6
    endloop
  endfacet
  facet normal -0.29028467725445295 0.9569403357322117 0
    outer loop
      vertex 20.51430314448506 8.98491179280783 0
      vertex 20.414110472164033 8.954518677937491 6
      vertex 20.51430314448506 8.98491179280783 6
    endloop
  endfacet
  facet normal 0.9951847266721981 0.09801714032954799 -6.710551153201461e-20
    outer loop
      vertex 18.403425722818234 10.395354993231772 6
      vertex 18.413688221801902 10.291158092447917 6
      vertex 18.413688221801902 10.291158092447917 0
    endloop
  endfacet
  facet normal 0.9994645874763652 0.03271908282178692 -4.275536379035276e-20
    outer loop
      vertex 18.4 10.5 6
      vertex 18.403425722818234 10.395354993231772 6
      vertex 18.403425722818234 10.395354993231772 0
    endloop
  endfacet
  facet normal 0.9994645874763652 -0.03271908282178692 0
    outer loop
      vertex 18.4 10.5 0
      vertex 18.403425722818234 10.604645006768228 6
      vertex 18.4 10.5 6
    endloop
  endfacet
  facet normal 0.9951847266721981 -0.09801714032954799 0
    outer loop
      vertex 18.403425722818234 10.604645006768228 0
      vertex 18.413688221801902 10.708841907552083 6
      vertex 18.403425722818234 10.604645006768228 6
    endloop
  endfacet
  facet normal 0.9866433320848786 -0.16289547339459093 -7.821833038869354e-20
    outer loop
      vertex 18.43074355135483 10.812144515225805 6
      vertex 18.413688221801902 10.708841907552083 6
      vertex 18.413688221801902 10.708841907552083 0
    endloop
  endfacet
  facet normal 0.9738769792773335 -0.227076263034374 0
    outer loop
      vertex 18.43074355135483 10.812144515225805 0
      vertex 18.45451867793749 10.914110472164033 6
      vertex 18.43074355135483 10.812144515225805 6
    endloop
  endfacet
  facet normal 0.9569403357322023 -0.29028467725448404 0
    outer loop
      vertex 18.45451867793749 10.914110472164033 0
      vertex 18.484911792807832 11.014303144485059 6
      vertex 18.45451867793749 10.914110472164033 6
    endloop
  endfacet
  facet normal 0.9359059267573302 -0.3522500479212215 0
    outer loop
      vertex 18.484911792807832 11.014303144485059 0
      vertex 18.52179274798194 11.112293491784143 6
      vertex 18.484911792807832 11.014303144485059 6
    endloop
  endfacet
  facet normal 0.9108638249211753 -0.41270702980439566 0
    outer loop
      vertex 18.52179274798194 11.112293491784143 0
      vertex 18.5650036135477 11.207661904350402 6
      vertex 18.52179274798194 11.112293491784143 6
    endloop
  endfacet
  facet normal 0.8819212643483543 -0.47139673682599903 0
    outer loop
      vertex 18.5650036135477 11.207661904350402 0
      vertex 18.6143593539449 11.3 6
      vertex 18.5650036135477 11.207661904350402 6
    endloop
  endfacet
  facet normal 0.8492021815265732 -0.5280678506503769 0
    outer loop
      vertex 18.6143593539449 11.3 0
      vertex 18.66964862031593 11.388912372831363 6
      vertex 18.6143593539449 11.3 6
    endloop
  endfacet
  facet normal 0.8128466845916131 -0.582477696867805 0
    outer loop
      vertex 18.66964862031593 11.388912372831363 0
      vertex 18.730634655534026 11.474018286413953 6
      vertex 18.66964862031593 11.388912372831363 6
    endloop
  endfacet
  facet normal 0.7730104533627468 -0.6343932841636333 0
    outer loop
      vertex 18.730634655534026 11.474018286413953 0
      vertex 18.797056308033635 11.55495330416011 6
      vertex 18.730634655534026 11.474018286413953 6
    endloop
  endfacet
  facet normal 0.7298640726978384 -0.6835923020228684 0
    outer loop
      vertex 18.797056308033635 11.55495330416011 0
      vertex 18.868629150101523 11.631370849898476 6
      vertex 18.797056308033635 11.55495330416011 6
    endloop
  endfacet
  facet normal 0.6835923020228775 -0.7298640726978299 0
    outer loop
      vertex 18.868629150101523 11.631370849898476 0
      vertex 18.94504669583989 11.702943691966365 6
      vertex 18.868629150101523 11.631370849898476 6
    endloop
  endfacet
  facet normal 0.6343932841636268 -0.7730104533627522 0
    outer loop
      vertex 18.94504669583989 11.702943691966365 0
      vertex 19.02598171358605 11.769365344465976 6
      vertex 18.94504669583989 11.702943691966365 6
    endloop
  endfacet
  facet normal 0.5824776968678131 -0.8128466845916075 0
    outer loop
      vertex 19.02598171358605 11.769365344465976 0
      vertex 19.111087627168637 11.830351379684073 6
      vertex 19.02598171358605 11.769365344465976 6
    endloop
  endfacet
  facet normal 0.5280678506503647 -0.8492021815265809 0
    outer loop
      vertex 19.111087627168637 11.830351379684073 0
      vertex 19.2 11.885640646055101 6
      vertex 19.111087627168637 11.830351379684073 6
    endloop
  endfacet
  facet normal 0.47139673682599903 -0.8819212643483543 0
    outer loop
      vertex 19.2 11.885640646055101 0
      vertex 19.292338095649598 11.934996386452301 6
      vertex 19.2 11.885640646055101 6
    endloop
  endfacet
  facet normal 0.41270702980439566 -0.9108638249211753 0
    outer loop
      vertex 19.292338095649598 11.934996386452301 0
      vertex 19.387706508215857 11.97820725201806 6
      vertex 19.292338095649598 11.934996386452301 6
    endloop
  endfacet
  facet normal 0.3522500479212364 -0.9359059267573246 0
    outer loop
      vertex 19.387706508215857 11.97820725201806 0
      vertex 19.48569685551494 12.01508820719217 6
      vertex 19.387706508215857 11.97820725201806 6
    endloop
  endfacet
  facet normal 0.29028467725445295 -0.9569403357322117 -2.9456505973938754e-19
    outer loop
      vertex 19.585889527835967 12.045481322062509 6
      vertex 19.48569685551494 12.01508820719217 6
      vertex 19.48569685551494 12.01508820719217 0
    endloop
  endfacet
  facet normal 0.22707626303437775 -0.9738769792773325 0
    outer loop
      vertex 19.585889527835967 12.045481322062509 0
      vertex 19.687855484774193 12.069256448645168 6
      vertex 19.585889527835967 12.045481322062509 6
    endloop
  endfacet
  facet normal 0.16289547339458546 -0.9866433320848794 0
    outer loop
      vertex 19.687855484774193 12.069256448645168 0
      vertex 19.79115809244792 12.086311778198096 6
      vertex 19.687855484774193 12.069256448645168 6
    endloop
  endfacet
  facet normal 0.0980171403295681 -0.995184726672196 0
    outer loop
      vertex 19.79115809244792 12.086311778198096 0
      vertex 19.89535499323177 12.096574277181766 6
      vertex 19.79115809244792 12.086311778198096 6
    endloop
  endfacet
  facet normal 0.03271908282176942 -0.9994645874763659 0
    outer loop
      vertex 19.89535499323177 12.096574277181766 0
      vertex 20 12.1 6
      vertex 19.89535499323177 12.096574277181766 6
    endloop
  endfacet
  facet normal -0.03271908282176942 -0.9994645874763659 0
    outer loop
      vertex 20 12.1 0
      vertex 20.10464500676823 12.096574277181766 6
      vertex 20 12.1 6
    endloop
  endfacet
  facet normal -0.0980171403295681 -0.995184726672196 0
    outer loop
      vertex 20.10464500676823 12.096574277181766 0
      vertex 20.20884190755208 12.086311778198096 6
      vertex 20.10464500676823 12.096574277181766 6
    endloop
  endfacet
  facet normal -0.16289547339458546 -0.9866433320848794 0
    outer loop
      vertex 20.20884190755208 12.086311778198096 0
      vertex 20.312144515225807 12.069256448645168 6
      vertex 20.20884190755208 12.086311778198096 6
    endloop
  endfacet
  facet normal -0.22707626303437775 -0.9738769792773325 0
    outer loop
      vertex 20.312144515225807 12.069256448645168 0
      vertex 20.414110472164033 12.045481322062509 6
      vertex 20.312144515225807 12.069256448645168 6
    endloop
  endfacet
  facet normal -0.29028467725445295 -0.9569403357322117 2.9456505973938754e-19
    outer loop
      vertex 20.51430314448506 12.01508820719217 6
      vertex 20.414110472164033 12.045481322062509 6
      vertex 20.414110472164033 12.045481322062509 0
    endloop
  endfacet
  facet normal -0.3522500479212364 0.9359059267573246 0
    outer loop
      vertex 20.612293491784143 9.02179274798194 6
      vertex 20.612293491784143 9.02179274798194 0
      vertex 20.51430314448506 8.98491179280783 6
    endloop
  endfacet
  facet normal -0.41270702980439566 0.9108638249211753 0
    outer loop
      vertex 20.707661904350402 9.065003613547699 6
      vertex 20.707661904350402 9.065003613547699 0
      vertex 20.612293491784143 9.02179274798194 6
    endloop
  endfacet
  facet normal -0.47139673682599903 0.8819212643483543 0
    outer loop
      vertex 20.8 9.114359353944899 6
      vertex 20.8 9.114359353944899 0
      vertex 20.707661904350402 9.065003613547699 6
    endloop
  endfacet
  facet normal -0.5280678506503647 0.8492021815265809 0
    outer loop
      vertex 20.888912372831363 9.169648620315927 6
      vertex 20.888912372831363 9.169648620315927 0
      vertex 20.8 9.114359353944899 6
    endloop
  endfacet
  facet normal -0.5824776968678131 0.8128466845916075 0
    outer loop
      vertex 20.97401828641395 9.230634655534024 6
      vertex 20.97401828641395 9.230634655534024 0
      vertex 20.888912372831363 9.169648620315927 6
    endloop
  endfacet
  facet normal -0.6343932841636268 0.7730104533627522 0
    outer loop
      vertex 21.05495330416011 9.297056308033635 6
      vertex 21.05495330416011 9.297056308033635 0
      vertex 20.97401828641395 9.230634655534024 6
    endloop
  endfacet
  facet normal -0.6835923020228775 0.7298640726978299 0
    outer loop
      vertex 21.131370849898477 9.368629150101524 6
      vertex 21.131370849898477 9.368629150101524 0
      vertex 21.05495330416011 9.297056308033635 6
    endloop
  endfacet
  facet normal -0.7298640726978384 0.6835923020228684 1.1786341327805747e-19
    outer loop
      vertex 21.131370849898477 9.368629150101524 6
      vertex 21.202943691966365 9.44504669583989 6
      vertex 21.202943691966365 9.44504669583989 0
    endloop
  endfacet
  facet normal -0.7730104533627468 0.6343932841636333 4.357593144018071e-19
    outer loop
      vertex 21.202943691966365 9.44504669583989 6
      vertex 21.269365344465974 9.525981713586047 6
      vertex 21.269365344465974 9.525981713586047 0
    endloop
  endfacet
  facet normal -0.8128466845916131 0.582477696867805 -5.861982205712528e-20
    outer loop
      vertex 21.269365344465974 9.525981713586047 6
      vertex 21.33035137968407 9.611087627168637 6
      vertex 21.33035137968407 9.611087627168637 0
    endloop
  endfacet
  facet normal -0.8492021815265732 0.5280678506503769 8.377212060445863e-20
    outer loop
      vertex 21.33035137968407 9.611087627168637 6
      vertex 21.3856406460551 9.7 6
      vertex 21.3856406460551 9.7 0
    endloop
  endfacet
  facet normal -0.8819212643483543 0.47139673682599903 4.678879683120915e-19
    outer loop
      vertex 21.3856406460551 9.7 6
      vertex 21.4349963864523 9.792338095649598 6
      vertex 21.4349963864523 9.792338095649598 0
    endloop
  endfacet
  facet normal -0.9108638249211753 0.41270702980439566 -2.0149885172221178e-19
    outer loop
      vertex 21.4349963864523 9.792338095649598 6
      vertex 21.47820725201806 9.887706508215857 6
      vertex 21.47820725201806 9.887706508215857 0
    endloop
  endfacet
  facet normal -0.9359059267573302 0.3522500479212215 -2.0259954545524266e-20
    outer loop
      vertex 21.47820725201806 9.887706508215857 6
      vertex 21.515088207192168 9.985696855514941 6
      vertex 21.515088207192168 9.985696855514941 0
    endloop
  endfacet
  facet normal -0.9569403357322023 0.29028467725448404 2.427820613905926e-19
    outer loop
      vertex 21.515088207192168 9.985696855514941 6
      vertex 21.54548132206251 10.085889527835967 6
      vertex 21.54548132206251 10.085889527835967 0
    endloop
  endfacet
  facet normal -0.9738769792773335 0.227076263034374 2.2623456336696043e-20
    outer loop
      vertex 21.54548132206251 10.085889527835967 6
      vertex 21.56925644864517 10.187855484774195 6
      vertex 21.56925644864517 10.187855484774195 0
    endloop
  endfacet
  facet normal -0.9866433320848786 0.16289547339459093 -7.821833038869354e-20
    outer loop
      vertex 21.56925644864517 10.187855484774195 6
      vertex 21.586311778198098 10.291158092447917 6
      vertex 21.586311778198098 10.291158092447917 0
    endloop
  endfacet
  facet normal -0.9951847266721981 0.09801714032954799 6.710551153201461e-20
    outer loop
      vertex 21.586311778198098 10.291158092447917 6
      vertex 21.596574277181766 10.395354993231772 6
      vertex 21.596574277181766 10.395354993231772 0
    endloop
  endfacet
  facet normal -0.9994645874763652 0.03271908282178692 4.275536379035276e-20
    outer loop
      vertex 21.596574277181766 10.395354993231772 6
      vertex 21.6 10.5 6
      vertex 21.6 10.5 0
    endloop
  endfacet
  facet normal -0.9994645874763652 -0.03271908282178692 -4.275536379035276e-20
    outer loop
      vertex 21.6 10.5 6
      vertex 21.596574277181766 10.604645006768228 6
      vertex 21.596574277181766 10.604645006768228 0
    endloop
  endfacet
  facet normal -0.9951847266721981 -0.09801714032954799 -6.710551153201461e-20
    outer loop
      vertex 21.596574277181766 10.604645006768228 6
      vertex 21.586311778198098 10.708841907552083 6
      vertex 21.586311778198098 10.708841907552083 0
    endloop
  endfacet
  facet normal -0.9866433320848786 -0.16289547339459093 7.821833038869354e-20
    outer loop
      vertex 21.586311778198098 10.708841907552083 6
      vertex 21.56925644864517 10.812144515225805 6
      vertex 21.56925644864517 10.812144515225805 0
    endloop
  endfacet
  facet normal -0.9738769792773335 -0.227076263034374 -2.2623456336696043e-20
    outer loop
      vertex 21.56925644864517 10.812144515225805 6
      vertex 21.54548132206251 10.914110472164033 6
      vertex 21.54548132206251 10.914110472164033 0
    endloop
  endfacet
  facet normal -0.9108638249211753 -0.41270702980439566 2.0149885172221178e-19
    outer loop
      vertex 21.47820725201806 11.112293491784143 6
      vertex 21.4349963864523 11.207661904350402 6
      vertex 21.4349963864523 11.207661904350402 0
    endloop
  endfacet
  facet normal -0.8128466845916131 -0.582477696867805 5.861982205712528e-20
    outer loop
      vertex 21.33035137968407 11.388912372831363 6
      vertex 21.269365344465974 11.474018286413953 6
      vertex 21.269365344465974 11.474018286413953 0
    endloop
  endfacet
  facet normal -0.7730104533627468 -0.6343932841636333 -4.357593144018071e-19
    outer loop
      vertex 21.269365344465974 11.474018286413953 6
      vertex 21.202943691966365 11.55495330416011 6
      vertex 21.202943691966365 11.55495330416011 0
    endloop
  endfacet
  facet normal -0.8492021815265732 -0.5280678506503769 -8.377212060445863e-20
    outer loop
      vertex 21.3856406460551 11.3 6
      vertex 21.33035137968407 11.388912372831363 6
      vertex 21.33035137968407 11.388912372831363 0
    endloop
  endfacet
  facet normal -0.8819212643483543 -0.47139673682599903 -4.678879683120915e-19
    outer loop
      vertex 21.4349963864523 11.207661904350402 6
      vertex 21.3856406460551 11.3 6
      vertex 21.3856406460551 11.3 0
    endloop
  endfacet
  facet normal -0.9569403357322023 -0.29028467725448404 -2.427820613905926e-19
    outer loop
      vertex 21.54548132206251 10.914110472164033 6
      vertex 21.515088207192168 11.014303144485059 6
      vertex 21.515088207192168 11.014303144485059 0
    endloop
  endfacet
  facet normal -0.9359059267573302 -0.3522500479212215 2.0259954545524266e-20
    outer loop
      vertex 21.515088207192168 11.014303144485059 6
      vertex 21.47820725201806 11.112293491784143 6
      vertex 21.47820725201806 11.112293491784143 0
    endloop
  endfacet
  facet normal -0.3522500479212364 -0.9359059267573246 0
    outer loop
      vertex 20.51430314448506 12.01508820719217 0
      vertex 20.612293491784143 11.97820725201806 6
      vertex 20.51430314448506 12.01508820719217 6
    endloop
  endfacet
  facet normal -0.41270702980439566 -0.9108638249211753 2.0149885172221178e-19
    outer loop
      vertex 20.707661904350402 11.934996386452301 6
      vertex 20.612293491784143 11.97820725201806 6
      vertex 20.612293491784143 11.97820725201806 0
    endloop
  endfacet
  facet normal -0.47139673682599903 -0.8819212643483543 0
    outer loop
      vertex 20.707661904350402 11.934996386452301 6
      vertex 20.707661904350402 11.934996386452301 0
      vertex 20.8 11.885640646055101 6
    endloop
  endfacet
  facet normal -0.5824776968678131 -0.8128466845916075 0
    outer loop
      vertex 20.888912372831363 11.830351379684073 6
      vertex 20.888912372831363 11.830351379684073 0
      vertex 20.97401828641395 11.769365344465976 6
    endloop
  endfacet
  facet normal -0.6835923020228775 -0.7298640726978299 0
    outer loop
      vertex 21.05495330416011 11.702943691966365 6
      vertex 21.05495330416011 11.702943691966365 0
      vertex 21.131370849898477 11.631370849898476 6
    endloop
  endfacet
  facet normal -0.6343932841636268 -0.7730104533627522 0
    outer loop
      vertex 20.97401828641395 11.769365344465976 6
      vertex 20.97401828641395 11.769365344465976 0
      vertex 21.05495330416011 11.702943691966365 6
    endloop
  endfacet
  facet normal -0.5280678506503647 -0.8492021815265809 0
    outer loop
      vertex 20.8 11.885640646055101 6
      vertex 20.8 11.885640646055101 0
      vertex 20.888912372831363 11.830351379684073 6
    endloop
  endfacet
  facet normal -0.7298640726978384 -0.6835923020228684 -1.1786341327805747e-19
    outer loop
      vertex 21.202943691966365 11.55495330416011 6
      vertex 21.131370849898477 11.631370849898476 6
      vertex 21.131370849898477 11.631370849898476 0
    endloop
  endfacet
  facet normal 0.8128466845916131 0.582477696867805 5.861982205712528e-20
    outer loop
      vertex -21.269365344465974 9.525981713586047 0
      vertex -21.33035137968407 9.611087627168637 0
      vertex -21.33035137968407 9.611087627168637 6
    endloop
  endfacet
  facet normal 0.7298640726978384 0.6835923020228684 -1.1786341327805747e-19
    outer loop
      vertex -21.131370849898477 9.368629150101524 0
      vertex -21.202943691966365 9.44504669583989 0
      vertex -21.202943691966365 9.44504669583989 6
    endloop
  endfacet
  facet normal 0.7730104533627468 0.6343932841636333 -4.357593144018071e-19
    outer loop
      vertex -21.202943691966365 9.44504669583989 0
      vertex -21.269365344465974 9.525981713586047 0
      vertex -21.269365344465974 9.525981713586047 6
    endloop
  endfacet
  facet normal 0.9108638249211753 0.41270702980439566 2.0149885172221178e-19
    outer loop
      vertex -21.4349963864523 9.792338095649598 0
      vertex -21.47820725201806 9.887706508215857 0
      vertex -21.47820725201806 9.887706508215857 6
    endloop
  endfacet
  facet normal 0.9359059267573302 0.3522500479212215 2.0259954545524266e-20
    outer loop
      vertex -21.47820725201806 9.887706508215857 0
      vertex -21.515088207192168 9.985696855514941 0
      vertex -21.515088207192168 9.985696855514941 6
    endloop
  endfacet
  facet normal 0.9569403357322023 0.29028467725448404 -2.427820613905926e-19
    outer loop
      vertex -21.515088207192168 9.985696855514941 0
      vertex -21.54548132206251 10.085889527835967 0
      vertex -21.54548132206251 10.085889527835967 6
    endloop
  endfacet
  facet normal 0.9738769792773335 0.227076263034374 -2.2623456336696043e-20
    outer loop
      vertex -21.54548132206251 10.085889527835967 0
      vertex -21.56925644864517 10.187855484774195 0
      vertex -21.56925644864517 10.187855484774195 6
    endloop
  endfacet
  facet normal 0.8819212643483543 0.47139673682599903 -4.678879683120915e-19
    outer loop
      vertex -21.3856406460551 9.7 0
      vertex -21.4349963864523 9.792338095649598 0
      vertex -21.4349963864523 9.792338095649598 6
    endloop
  endfacet
  facet normal 0.8492021815265732 0.5280678506503769 -8.377212060445863e-20
    outer loop
      vertex -21.33035137968407 9.611087627168637 0
      vertex -21.3856406460551 9.7 0
      vertex -21.3856406460551 9.7 6
    endloop
  endfacet
  facet normal 0.6343932841636268 0.7730104533627522 0
    outer loop
      vertex -21.05495330416011 9.297056308033635 0
      vertex -21.05495330416011 9.297056308033635 6
      vertex -20.97401828641395 9.230634655534024 0
    endloop
  endfacet
  facet normal 0.5824776968678131 0.8128466845916075 0
    outer loop
      vertex -20.97401828641395 9.230634655534024 0
      vertex -20.97401828641395 9.230634655534024 6
      vertex -20.888912372831363 9.169648620315927 0
    endloop
  endfacet
  facet normal 0.5280678506503647 0.8492021815265809 0
    outer loop
      vertex -20.888912372831363 9.169648620315927 0
      vertex -20.888912372831363 9.169648620315927 6
      vertex -20.8 9.114359353944899 0
    endloop
  endfacet
  facet normal 0.6835923020228775 0.7298640726978299 0
    outer loop
      vertex -21.131370849898477 9.368629150101524 0
      vertex -21.131370849898477 9.368629150101524 6
      vertex -21.05495330416011 9.297056308033635 0
    endloop
  endfacet
  facet normal 0.47139673682599903 0.8819212643483543 0
    outer loop
      vertex -20.8 9.114359353944899 0
      vertex -20.8 9.114359353944899 6
      vertex -20.707661904350402 9.065003613547699 0
    endloop
  endfacet
  facet normal 0.41270702980439566 0.9108638249211753 0
    outer loop
      vertex -20.707661904350402 9.065003613547699 0
      vertex -20.707661904350402 9.065003613547699 6
      vertex -20.612293491784143 9.02179274798194 0
    endloop
  endfacet
  facet normal 0.3522500479212364 0.9359059267573246 0
    outer loop
      vertex -20.612293491784143 9.02179274798194 0
      vertex -20.612293491784143 9.02179274798194 6
      vertex -20.51430314448506 8.98491179280783 0
    endloop
  endfacet
  facet normal 0.9866433320848786 0.16289547339459093 7.821833038869354e-20
    outer loop
      vertex -21.56925644864517 10.187855484774195 0
      vertex -21.586311778198098 10.291158092447917 0
      vertex -21.586311778198098 10.291158092447917 6
    endloop
  endfacet
  facet normal 0.9951847266721981 0.09801714032954799 -6.710551153201461e-20
    outer loop
      vertex -21.586311778198098 10.291158092447917 0
      vertex -21.596574277181766 10.395354993231772 0
      vertex -21.596574277181766 10.395354993231772 6
    endloop
  endfacet
  facet normal 0.9994645874763652 0.03271908282178692 -4.275536379035276e-20
    outer loop
      vertex -21.596574277181766 10.395354993231772 0
      vertex -21.6 10.5 0
      vertex -21.6 10.5 6
    endloop
  endfacet
  facet normal 0.9994645874763652 -0.03271908282178692 4.275536379035276e-20
    outer loop
      vertex -21.6 10.5 0
      vertex -21.596574277181766 10.604645006768228 0
      vertex -21.596574277181766 10.604645006768228 6
    endloop
  endfacet
  facet normal 0.9951847266721981 -0.09801714032954799 6.710551153201461e-20
    outer loop
      vertex -21.596574277181766 10.604645006768228 0
      vertex -21.586311778198098 10.708841907552083 0
      vertex -21.586311778198098 10.708841907552083 6
    endloop
  endfacet
  facet normal 0.9866433320848786 -0.16289547339459093 -7.821833038869354e-20
    outer loop
      vertex -21.586311778198098 10.708841907552083 0
      vertex -21.56925644864517 10.812144515225805 0
      vertex -21.56925644864517 10.812144515225805 6
    endloop
  endfacet
  facet normal 0.9738769792773335 -0.227076263034374 2.2623456336696043e-20
    outer loop
      vertex -21.56925644864517 10.812144515225805 0
      vertex -21.54548132206251 10.914110472164033 0
      vertex -21.54548132206251 10.914110472164033 6
    endloop
  endfacet
  facet normal 0.9569403357322023 -0.29028467725448404 2.427820613905926e-19
    outer loop
      vertex -21.54548132206251 10.914110472164033 0
      vertex -21.515088207192168 11.014303144485059 0
      vertex -21.515088207192168 11.014303144485059 6
    endloop
  endfacet
  facet normal 0.9359059267573302 -0.3522500479212215 -2.0259954545524266e-20
    outer loop
      vertex -21.515088207192168 11.014303144485059 0
      vertex -21.47820725201806 11.112293491784143 0
      vertex -21.47820725201806 11.112293491784143 6
    endloop
  endfacet
  facet normal 0.9108638249211753 -0.41270702980439566 -2.0149885172221178e-19
    outer loop
      vertex -21.47820725201806 11.112293491784143 0
      vertex -21.4349963864523 11.207661904350402 0
      vertex -21.4349963864523 11.207661904350402 6
    endloop
  endfacet
  facet normal 0.8819212643483543 -0.47139673682599903 4.678879683120915e-19
    outer loop
      vertex -21.4349963864523 11.207661904350402 0
      vertex -21.3856406460551 11.3 0
      vertex -21.3856406460551 11.3 6
    endloop
  endfacet
  facet normal 0.8492021815265732 -0.5280678506503769 8.377212060445863e-20
    outer loop
      vertex -21.3856406460551 11.3 0
      vertex -21.33035137968407 11.388912372831363 0
      vertex -21.33035137968407 11.388912372831363 6
    endloop
  endfacet
  facet normal 0.8128466845916131 -0.582477696867805 -5.861982205712528e-20
    outer loop
      vertex -21.33035137968407 11.388912372831363 0
      vertex -21.269365344465974 11.474018286413953 0
      vertex -21.269365344465974 11.474018286413953 6
    endloop
  endfacet
  facet normal 0.7730104533627468 -0.6343932841636333 4.357593144018071e-19
    outer loop
      vertex -21.269365344465974 11.474018286413953 0
      vertex -21.202943691966365 11.55495330416011 0
      vertex -21.202943691966365 11.55495330416011 6
    endloop
  endfacet
  facet normal 0.7298640726978384 -0.6835923020228684 1.1786341327805747e-19
    outer loop
      vertex -21.202943691966365 11.55495330416011 0
      vertex -21.131370849898477 11.631370849898476 0
      vertex -21.131370849898477 11.631370849898476 6
    endloop
  endfacet
  facet normal 0.6835923020228775 -0.7298640726978299 0
    outer loop
      vertex -21.05495330416011 11.702943691966365 0
      vertex -21.05495330416011 11.702943691966365 6
      vertex -21.131370849898477 11.631370849898476 0
    endloop
  endfacet
  facet normal 0.6343932841636268 -0.7730104533627522 0
    outer loop
      vertex -20.97401828641395 11.769365344465976 0
      vertex -20.97401828641395 11.769365344465976 6
      vertex -21.05495330416011 11.702943691966365 0
    endloop
  endfacet
  facet normal 0.5824776968678131 -0.8128466845916075 0
    outer loop
      vertex -20.888912372831363 11.830351379684073 0
      vertex -20.888912372831363 11.830351379684073 6
      vertex -20.97401828641395 11.769365344465976 0
    endloop
  endfacet
  facet normal 0.5280678506503647 -0.8492021815265809 0
    outer loop
      vertex -20.8 11.885640646055101 0
      vertex -20.8 11.885640646055101 6
      vertex -20.888912372831363 11.830351379684073 0
    endloop
  endfacet
  facet normal 0.47139673682599903 -0.8819212643483543 0
    outer loop
      vertex -20.707661904350402 11.934996386452301 0
      vertex -20.707661904350402 11.934996386452301 6
      vertex -20.8 11.885640646055101 0
    endloop
  endfacet
  facet normal 0.41270702980439566 -0.9108638249211753 0
    outer loop
      vertex -20.612293491784143 11.97820725201806 0
      vertex -20.612293491784143 11.97820725201806 6
      vertex -20.707661904350402 11.934996386452301 0
    endloop
  endfacet
  facet normal 0.3522500479212364 -0.9359059267573246 0
    outer loop
      vertex -20.51430314448506 12.01508820719217 0
      vertex -20.51430314448506 12.01508820719217 6
      vertex -20.612293491784143 11.97820725201806 0
    endloop
  endfacet
  facet normal 0.22707626303437775 0.9738769792773325 0
    outer loop
      vertex -20.414110472164033 8.954518677937491 0
      vertex -20.414110472164033 8.954518677937491 6
      vertex -20.312144515225807 8.930743551354832 0
    endloop
  endfacet
  facet normal 0.16289547339458546 0.9866433320848794 0
    outer loop
      vertex -20.312144515225807 8.930743551354832 0
      vertex -20.312144515225807 8.930743551354832 6
      vertex -20.20884190755208 8.913688221801904 0
    endloop
  endfacet
  facet normal 0.0980171403295681 0.995184726672196 0
    outer loop
      vertex -20.20884190755208 8.913688221801904 0
      vertex -20.20884190755208 8.913688221801904 6
      vertex -20.10464500676823 8.903425722818234 0
    endloop
  endfacet
  facet normal 0.03271908282176942 0.9994645874763659 0
    outer loop
      vertex -20.10464500676823 8.903425722818234 0
      vertex -20.10464500676823 8.903425722818234 6
      vertex -20 8.9 0
    endloop
  endfacet
  facet normal -0.03271908282176942 0.9994645874763659 0
    outer loop
      vertex -20 8.9 0
      vertex -20 8.9 6
      vertex -19.89535499323177 8.903425722818234 0
    endloop
  endfacet
  facet normal -0.0980171403295681 0.995184726672196 0
    outer loop
      vertex -19.89535499323177 8.903425722818234 0
      vertex -19.89535499323177 8.903425722818234 6
      vertex -19.79115809244792 8.913688221801904 0
    endloop
  endfacet
  facet normal -0.16289547339458546 0.9866433320848794 0
    outer loop
      vertex -19.79115809244792 8.913688221801904 0
      vertex -19.79115809244792 8.913688221801904 6
      vertex -19.687855484774193 8.930743551354832 0
    endloop
  endfacet
  facet normal -0.22707626303437775 0.9738769792773325 0
    outer loop
      vertex -19.687855484774193 8.930743551354832 0
      vertex -19.687855484774193 8.930743551354832 6
      vertex -19.585889527835967 8.954518677937491 0
    endloop
  endfacet
  facet normal -0.29028467725445295 0.9569403357322117 0
    outer loop
      vertex -19.585889527835967 8.954518677937491 0
      vertex -19.585889527835967 8.954518677937491 6
      vertex -19.48569685551494 8.98491179280783 0
    endloop
  endfacet
  facet normal 0.29028467725445295 0.9569403357322117 2.9456505973938754e-19
    outer loop
      vertex -20.414110472164033 8.954518677937491 0
      vertex -20.51430314448506 8.98491179280783 0
      vertex -20.51430314448506 8.98491179280783 6
    endloop
  endfacet
  facet normal -0.3522500479212364 0.9359059267573246 0
    outer loop
      vertex -19.48569685551494 8.98491179280783 0
      vertex -19.48569685551494 8.98491179280783 6
      vertex -19.387706508215857 9.02179274798194 0
    endloop
  endfacet
  facet normal -0.41270702980439566 0.9108638249211753 0
    outer loop
      vertex -19.387706508215857 9.02179274798194 0
      vertex -19.387706508215857 9.02179274798194 6
      vertex -19.292338095649598 9.065003613547699 0
    endloop
  endfacet
  facet normal -0.47139673682599903 0.8819212643483543 0
    outer loop
      vertex -19.292338095649598 9.065003613547699 0
      vertex -19.292338095649598 9.065003613547699 6
      vertex -19.2 9.114359353944899 0
    endloop
  endfacet
  facet normal -0.5280678506503647 0.8492021815265809 0
    outer loop
      vertex -19.2 9.114359353944899 0
      vertex -19.2 9.114359353944899 6
      vertex -19.111087627168637 9.169648620315927 0
    endloop
  endfacet
  facet normal -0.5824776968678131 0.8128466845916075 0
    outer loop
      vertex -19.111087627168637 9.169648620315927 0
      vertex -19.111087627168637 9.169648620315927 6
      vertex -19.02598171358605 9.230634655534024 0
    endloop
  endfacet
  facet normal -0.6343932841636268 0.7730104533627522 0
    outer loop
      vertex -19.02598171358605 9.230634655534024 0
      vertex -19.02598171358605 9.230634655534024 6
      vertex -18.94504669583989 9.297056308033635 0
    endloop
  endfacet
  facet normal -0.6835923020228775 0.7298640726978299 0
    outer loop
      vertex -18.94504669583989 9.297056308033635 0
      vertex -18.94504669583989 9.297056308033635 6
      vertex -18.868629150101523 9.368629150101524 0
    endloop
  endfacet
  facet normal -0.7298640726978384 0.6835923020228684 0
    outer loop
      vertex -18.868629150101523 9.368629150101524 0
      vertex -18.868629150101523 9.368629150101524 6
      vertex -18.797056308033635 9.44504669583989 0
    endloop
  endfacet
  facet normal -0.7730104533627468 0.6343932841636333 4.357593144018071e-19
    outer loop
      vertex -18.730634655534026 9.525981713586047 0
      vertex -18.797056308033635 9.44504669583989 0
      vertex -18.797056308033635 9.44504669583989 6
    endloop
  endfacet
  facet normal -0.8128466845916131 0.582477696867805 -5.861982205712528e-20
    outer loop
      vertex -18.66964862031593 9.611087627168637 0
      vertex -18.730634655534026 9.525981713586047 0
      vertex -18.730634655534026 9.525981713586047 6
    endloop
  endfacet
  facet normal -0.8492021815265732 0.5280678506503769 8.377212060445863e-20
    outer loop
      vertex -18.6143593539449 9.7 0
      vertex -18.66964862031593 9.611087627168637 0
      vertex -18.66964862031593 9.611087627168637 6
    endloop
  endfacet
  facet normal -0.8819212643483543 0.47139673682599903 4.678879683120915e-19
    outer loop
      vertex -18.5650036135477 9.792338095649598 0
      vertex -18.6143593539449 9.7 0
      vertex -18.6143593539449 9.7 6
    endloop
  endfacet
  facet normal -0.9108638249211753 0.41270702980439566 -2.0149885172221178e-19
    outer loop
      vertex -18.52179274798194 9.887706508215857 0
      vertex -18.5650036135477 9.792338095649598 0
      vertex -18.5650036135477 9.792338095649598 6
    endloop
  endfacet
  facet normal -0.9359059267573302 0.3522500479212215 -2.0259954545524266e-20
    outer loop
      vertex -18.484911792807832 9.985696855514941 0
      vertex -18.52179274798194 9.887706508215857 0
      vertex -18.52179274798194 9.887706508215857 6
    endloop
  endfacet
  facet normal -0.9569403357322023 0.29028467725448404 2.427820613905926e-19
    outer loop
      vertex -18.45451867793749 10.085889527835967 0
      vertex -18.484911792807832 9.985696855514941 0
      vertex -18.484911792807832 9.985696855514941 6
    endloop
  endfacet
  facet normal -0.9738769792773335 0.227076263034374 2.2623456336696043e-20
    outer loop
      vertex -18.43074355135483 10.187855484774195 0
      vertex -18.45451867793749 10.085889527835967 0
      vertex -18.45451867793749 10.085889527835967 6
    endloop
  endfacet
  facet normal -0.9866433320848786 0.16289547339459093 -7.821833038869354e-20
    outer loop
      vertex -18.413688221801902 10.291158092447917 0
      vertex -18.43074355135483 10.187855484774195 0
      vertex -18.43074355135483 10.187855484774195 6
    endloop
  endfacet
  facet normal 0.29028467725445295 -0.9569403357322117 0
    outer loop
      vertex -20.414110472164033 12.045481322062509 0
      vertex -20.414110472164033 12.045481322062509 6
      vertex -20.51430314448506 12.01508820719217 0
    endloop
  endfacet
  facet normal 0.22707626303437775 -0.9738769792773325 0
    outer loop
      vertex -20.312144515225807 12.069256448645168 0
      vertex -20.312144515225807 12.069256448645168 6
      vertex -20.414110472164033 12.045481322062509 0
    endloop
  endfacet
  facet normal 0.16289547339458546 -0.9866433320848794 0
    outer loop
      vertex -20.20884190755208 12.086311778198096 0
      vertex -20.20884190755208 12.086311778198096 6
      vertex -20.312144515225807 12.069256448645168 0
    endloop
  endfacet
  facet normal 0.0980171403295681 -0.995184726672196 0
    outer loop
      vertex -20.10464500676823 12.096574277181766 0
      vertex -20.10464500676823 12.096574277181766 6
      vertex -20.20884190755208 12.086311778198096 0
    endloop
  endfacet
  facet normal 0.03271908282176942 -0.9994645874763659 0
    outer loop
      vertex -20 12.1 0
      vertex -20 12.1 6
      vertex -20.10464500676823 12.096574277181766 0
    endloop
  endfacet
  facet normal -0.03271908282176942 -0.9994645874763659 0
    outer loop
      vertex -19.89535499323177 12.096574277181766 0
      vertex -19.89535499323177 12.096574277181766 6
      vertex -20 12.1 0
    endloop
  endfacet
  facet normal -0.0980171403295681 -0.995184726672196 0
    outer loop
      vertex -19.79115809244792 12.086311778198096 0
      vertex -19.79115809244792 12.086311778198096 6
      vertex -19.89535499323177 12.096574277181766 0
    endloop
  endfacet
  facet normal -0.16289547339458546 -0.9866433320848794 0
    outer loop
      vertex -19.687855484774193 12.069256448645168 0
      vertex -19.687855484774193 12.069256448645168 6
      vertex -19.79115809244792 12.086311778198096 0
    endloop
  endfacet
  facet normal -0.22707626303437775 -0.9738769792773325 0
    outer loop
      vertex -19.585889527835967 12.045481322062509 0
      vertex -19.585889527835967 12.045481322062509 6
      vertex -19.687855484774193 12.069256448645168 0
    endloop
  endfacet
  facet normal -0.3522500479212364 -0.9359059267573246 0
    outer loop
      vertex -19.387706508215857 11.97820725201806 0
      vertex -19.387706508215857 11.97820725201806 6
      vertex -19.48569685551494 12.01508820719217 0
    endloop
  endfacet
  facet normal -0.29028467725445295 -0.9569403357322117 0
    outer loop
      vertex -19.48569685551494 12.01508820719217 0
      vertex -19.48569685551494 12.01508820719217 6
      vertex -19.585889527835967 12.045481322062509 0
    endloop
  endfacet
  facet normal -0.41270702980439566 -0.9108638249211753 0
    outer loop
      vertex -19.292338095649598 11.934996386452301 0
      vertex -19.292338095649598 11.934996386452301 6
      vertex -19.387706508215857 11.97820725201806 0
    endloop
  endfacet
  facet normal -0.47139673682599903 -0.8819212643483543 0
    outer loop
      vertex -19.2 11.885640646055101 0
      vertex -19.2 11.885640646055101 6
      vertex -19.292338095649598 11.934996386452301 0
    endloop
  endfacet
  facet normal -0.7730104533627468 -0.6343932841636333 -4.357593144018071e-19
    outer loop
      vertex -18.797056308033635 11.55495330416011 0
      vertex -18.730634655534026 11.474018286413953 0
      vertex -18.730634655534026 11.474018286413953 6
    endloop
  endfacet
  facet normal -0.8819212643483543 -0.47139673682599903 -4.678879683120915e-19
    outer loop
      vertex -18.6143593539449 11.3 0
      vertex -18.5650036135477 11.207661904350402 0
      vertex -18.5650036135477 11.207661904350402 6
    endloop
  endfacet
  facet normal -0.8492021815265732 -0.5280678506503769 -8.377212060445863e-20
    outer loop
      vertex -18.66964862031593 11.388912372831363 0
      vertex -18.6143593539449 11.3 0
      vertex -18.6143593539449 11.3 6
    endloop
  endfacet
  facet normal -0.8128466845916131 -0.582477696867805 5.861982205712528e-20
    outer loop
      vertex -18.730634655534026 11.474018286413953 0
      vertex -18.66964862031593 11.388912372831363 0
      vertex -18.66964862031593 11.388912372831363 6
    endloop
  endfacet
  facet normal -0.9951847266721981 0.09801714032954799 6.710551153201461e-20
    outer loop
      vertex -18.403425722818234 10.395354993231772 0
      vertex -18.413688221801902 10.291158092447917 0
      vertex -18.413688221801902 10.291158092447917 6
    endloop
  endfacet
  facet normal -0.9994645874763652 0.03271908282178692 4.275536379035276e-20
    outer loop
      vertex -18.4 10.5 0
      vertex -18.403425722818234 10.395354993231772 0
      vertex -18.403425722818234 10.395354993231772 6
    endloop
  endfacet
  facet normal -0.9994645874763652 -0.03271908282178692 -4.275536379035276e-20
    outer loop
      vertex -18.403425722818234 10.604645006768228 0
      vertex -18.4 10.5 0
      vertex -18.4 10.5 6
    endloop
  endfacet
  facet normal -0.9866433320848786 -0.16289547339459093 7.821833038869354e-20
    outer loop
      vertex -18.43074355135483 10.812144515225805 0
      vertex -18.413688221801902 10.708841907552083 0
      vertex -18.413688221801902 10.708841907552083 6
    endloop
  endfacet
  facet normal -0.9738769792773335 -0.227076263034374 -2.2623456336696043e-20
    outer loop
      vertex -18.45451867793749 10.914110472164033 0
      vertex -18.43074355135483 10.812144515225805 0
      vertex -18.43074355135483 10.812144515225805 6
    endloop
  endfacet
  facet normal -0.9951847266721981 -0.09801714032954799 -6.710551153201461e-20
    outer loop
      vertex -18.413688221801902 10.708841907552083 0
      vertex -18.403425722818234 10.604645006768228 0
      vertex -18.403425722818234 10.604645006768228 6
    endloop
  endfacet
  facet normal -0.9569403357322023 -0.29028467725448404 -2.427820613905926e-19
    outer loop
      vertex -18.484911792807832 11.014303144485059 0
      vertex -18.45451867793749 10.914110472164033 0
      vertex -18.45451867793749 10.914110472164033 6
    endloop
  endfacet
  facet normal -0.9359059267573302 -0.3522500479212215 2.0259954545524266e-20
    outer loop
      vertex -18.52179274798194 11.112293491784143 0
      vertex -18.484911792807832 11.014303144485059 0
      vertex -18.484911792807832 11.014303144485059 6
    endloop
  endfacet
  facet normal -0.9108638249211753 -0.41270702980439566 2.0149885172221178e-19
    outer loop
      vertex -18.5650036135477 11.207661904350402 0
      vertex -18.52179274798194 11.112293491784143 0
      vertex -18.52179274798194 11.112293491784143 6
    endloop
  endfacet
  facet normal -0.5280678506503647 -0.8492021815265809 0
    outer loop
      vertex -19.111087627168637 11.830351379684073 0
      vertex -19.111087627168637 11.830351379684073 6
      vertex -19.2 11.885640646055101 0
    endloop
  endfacet
  facet normal -0.5824776968678131 -0.8128466845916075 0
    outer loop
      vertex -19.02598171358605 11.769365344465976 0
      vertex -19.02598171358605 11.769365344465976 6
      vertex -19.111087627168637 11.830351379684073 0
    endloop
  endfacet
  facet normal -0.6343932841636268 -0.7730104533627522 -1.8447961219164616e-19
    outer loop
      vertex -19.02598171358605 11.769365344465976 0
      vertex -18.94504669583989 11.702943691966365 0
      vertex -18.94504669583989 11.702943691966365 6
    endloop
  endfacet
  facet normal -0.7298640726978384 -0.6835923020228684 -1.1786341327805747e-19
    outer loop
      vertex -18.868629150101523 11.631370849898476 0
      vertex -18.797056308033635 11.55495330416011 0
      vertex -18.797056308033635 11.55495330416011 6
    endloop
  endfacet
  facet normal -0.6835923020228775 -0.7298640726978299 0
    outer loop
      vertex -18.868629150101523 11.631370849898476 0
      vertex -18.868629150101523 11.631370849898476 6
      vertex -18.94504669583989 11.702943691966365 0
    endloop
  endfacet
  facet normal 0.7298640726978384 0.6835923020228684 0
    outer loop
      vertex -21.131370849898477 9.368629150101524 0
      vertex -21.202943691966365 9.44504669583989 6
      vertex -21.131370849898477 9.368629150101524 6
    endloop
  endfacet
  facet normal 0.7730104533627468 0.6343932841636333 0
    outer loop
      vertex -21.202943691966365 9.44504669583989 0
      vertex -21.269365344465974 9.525981713586047 6
      vertex -21.202943691966365 9.44504669583989 6
    endloop
  endfacet
  facet normal 0.8128466845916131 0.582477696867805 0
    outer loop
      vertex -21.269365344465974 9.525981713586047 0
      vertex -21.33035137968407 9.611087627168637 6
      vertex -21.269365344465974 9.525981713586047 6
    endloop
  endfacet
  facet normal 0.9359059267573302 0.3522500479212215 0
    outer loop
      vertex -21.47820725201806 9.887706508215857 0
      vertex -21.515088207192168 9.985696855514941 6
      vertex -21.47820725201806 9.887706508215857 6
    endloop
  endfacet
  facet normal 0.9569403357322023 0.29028467725448404 0
    outer loop
      vertex -21.515088207192168 9.985696855514941 0
      vertex -21.54548132206251 10.085889527835967 6
      vertex -21.515088207192168 9.985696855514941 6
    endloop
  endfacet
  facet normal 0.9738769792773335 0.227076263034374 0
    outer loop
      vertex -21.54548132206251 10.085889527835967 0
      vertex -21.56925644864517 10.187855484774195 6
      vertex -21.54548132206251 10.085889527835967 6
    endloop
  endfacet
  facet normal 0.9866433320848786 0.16289547339459093 0
    outer loop
      vertex -21.56925644864517 10.187855484774195 0
      vertex -21.586311778198098 10.291158092447917 6
      vertex -21.56925644864517 10.187855484774195 6
    endloop
  endfacet
  facet normal 0.8819212643483543 0.47139673682599903 0
    outer loop
      vertex -21.3856406460551 9.7 0
      vertex -21.4349963864523 9.792338095649598 6
      vertex -21.3856406460551 9.7 6
    endloop
  endfacet
  facet normal 0.8492021815265732 0.5280678506503769 0
    outer loop
      vertex -21.33035137968407 9.611087627168637 0
      vertex -21.3856406460551 9.7 6
      vertex -21.33035137968407 9.611087627168637 6
    endloop
  endfacet
  facet normal 0.9108638249211753 0.41270702980439566 0
    outer loop
      vertex -21.4349963864523 9.792338095649598 0
      vertex -21.47820725201806 9.887706508215857 6
      vertex -21.4349963864523 9.792338095649598 6
    endloop
  endfacet
  facet normal 0.6343932841636268 0.7730104533627522 0
    outer loop
      vertex -20.97401828641395 9.230634655534024 0
      vertex -21.05495330416011 9.297056308033635 6
      vertex -20.97401828641395 9.230634655534024 6
    endloop
  endfacet
  facet normal 0.5824776968678131 0.8128466845916075 0
    outer loop
      vertex -20.888912372831363 9.169648620315927 0
      vertex -20.97401828641395 9.230634655534024 6
      vertex -20.888912372831363 9.169648620315927 6
    endloop
  endfacet
  facet normal 0.5280678506503647 0.8492021815265809 0
    outer loop
      vertex -20.8 9.114359353944899 0
      vertex -20.888912372831363 9.169648620315927 6
      vertex -20.8 9.114359353944899 6
    endloop
  endfacet
  facet normal 0.6835923020228775 0.7298640726978299 0
    outer loop
      vertex -21.05495330416011 9.297056308033635 0
      vertex -21.131370849898477 9.368629150101524 6
      vertex -21.05495330416011 9.297056308033635 6
    endloop
  endfacet
  facet normal 0.47139673682599903 0.8819212643483543 0
    outer loop
      vertex -20.707661904350402 9.065003613547699 0
      vertex -20.8 9.114359353944899 6
      vertex -20.707661904350402 9.065003613547699 6
    endloop
  endfacet
  facet normal 0.41270702980439566 0.9108638249211753 0
    outer loop
      vertex -20.612293491784143 9.02179274798194 0
      vertex -20.707661904350402 9.065003613547699 6
      vertex -20.612293491784143 9.02179274798194 6
    endloop
  endfacet
  facet normal 0.3522500479212364 0.9359059267573246 0
    outer loop
      vertex -20.51430314448506 8.98491179280783 0
      vertex -20.612293491784143 9.02179274798194 6
      vertex -20.51430314448506 8.98491179280783 6
    endloop
  endfacet
  facet normal 0.9951847266721981 0.09801714032954799 0
    outer loop
      vertex -21.586311778198098 10.291158092447917 0
      vertex -21.596574277181766 10.395354993231772 6
      vertex -21.586311778198098 10.291158092447917 6
    endloop
  endfacet
  facet normal 0.9994645874763652 0.03271908282178692 0
    outer loop
      vertex -21.596574277181766 10.395354993231772 0
      vertex -21.6 10.5 6
      vertex -21.596574277181766 10.395354993231772 6
    endloop
  endfacet
  facet normal 0.9994645874763652 -0.03271908282178692 0
    outer loop
      vertex -21.6 10.5 0
      vertex -21.596574277181766 10.604645006768228 6
      vertex -21.6 10.5 6
    endloop
  endfacet
  facet normal 0.9951847266721981 -0.09801714032954799 0
    outer loop
      vertex -21.596574277181766 10.604645006768228 0
      vertex -21.586311778198098 10.708841907552083 6
      vertex -21.596574277181766 10.604645006768228 6
    endloop
  endfacet
  facet normal 0.9866433320848786 -0.16289547339459093 0
    outer loop
      vertex -21.586311778198098 10.708841907552083 0
      vertex -21.56925644864517 10.812144515225805 6
      vertex -21.586311778198098 10.708841907552083 6
    endloop
  endfacet
  facet normal 0.9738769792773335 -0.227076263034374 0
    outer loop
      vertex -21.56925644864517 10.812144515225805 0
      vertex -21.54548132206251 10.914110472164033 6
      vertex -21.56925644864517 10.812144515225805 6
    endloop
  endfacet
  facet normal 0.9569403357322023 -0.29028467725448404 0
    outer loop
      vertex -21.54548132206251 10.914110472164033 0
      vertex -21.515088207192168 11.014303144485059 6
      vertex -21.54548132206251 10.914110472164033 6
    endloop
  endfacet
  facet normal 0.9359059267573302 -0.3522500479212215 0
    outer loop
      vertex -21.515088207192168 11.014303144485059 0
      vertex -21.47820725201806 11.112293491784143 6
      vertex -21.515088207192168 11.014303144485059 6
    endloop
  endfacet
  facet normal 0.9108638249211753 -0.41270702980439566 0
    outer loop
      vertex -21.47820725201806 11.112293491784143 0
      vertex -21.4349963864523 11.207661904350402 6
      vertex -21.47820725201806 11.112293491784143 6
    endloop
  endfacet
  facet normal 0.8819212643483543 -0.47139673682599903 0
    outer loop
      vertex -21.4349963864523 11.207661904350402 0
      vertex -21.3856406460551 11.3 6
      vertex -21.4349963864523 11.207661904350402 6
    endloop
  endfacet
  facet normal 0.8492021815265732 -0.5280678506503769 0
    outer loop
      vertex -21.3856406460551 11.3 0
      vertex -21.33035137968407 11.388912372831363 6
      vertex -21.3856406460551 11.3 6
    endloop
  endfacet
  facet normal 0.8128466845916131 -0.582477696867805 0
    outer loop
      vertex -21.33035137968407 11.388912372831363 0
      vertex -21.269365344465974 11.474018286413953 6
      vertex -21.33035137968407 11.388912372831363 6
    endloop
  endfacet
  facet normal 0.7730104533627468 -0.6343932841636333 0
    outer loop
      vertex -21.269365344465974 11.474018286413953 0
      vertex -21.202943691966365 11.55495330416011 6
      vertex -21.269365344465974 11.474018286413953 6
    endloop
  endfacet
  facet normal 0.7298640726978384 -0.6835923020228684 0
    outer loop
      vertex -21.202943691966365 11.55495330416011 0
      vertex -21.131370849898477 11.631370849898476 6
      vertex -21.202943691966365 11.55495330416011 6
    endloop
  endfacet
  facet normal 0.6835923020228775 -0.7298640726978299 0
    outer loop
      vertex -21.131370849898477 11.631370849898476 0
      vertex -21.05495330416011 11.702943691966365 6
      vertex -21.131370849898477 11.631370849898476 6
    endloop
  endfacet
  facet normal 0.6343932841636268 -0.7730104533627522 0
    outer loop
      vertex -21.05495330416011 11.702943691966365 0
      vertex -20.97401828641395 11.769365344465976 6
      vertex -21.05495330416011 11.702943691966365 6
    endloop
  endfacet
  facet normal 0.5824776968678131 -0.8128466845916075 0
    outer loop
      vertex -20.97401828641395 11.769365344465976 0
      vertex -20.888912372831363 11.830351379684073 6
      vertex -20.97401828641395 11.769365344465976 6
    endloop
  endfacet
  facet normal 0.5280678506503647 -0.8492021815265809 0
    outer loop
      vertex -20.888912372831363 11.830351379684073 0
      vertex -20.8 11.885640646055101 6
      vertex -20.888912372831363 11.830351379684073 6
    endloop
  endfacet
  facet normal 0.47139673682599903 -0.8819212643483543 0
    outer loop
      vertex -20.8 11.885640646055101 0
      vertex -20.707661904350402 11.934996386452301 6
      vertex -20.8 11.885640646055101 6
    endloop
  endfacet
  facet normal 0.41270702980439566 -0.9108638249211753 0
    outer loop
      vertex -20.707661904350402 11.934996386452301 0
      vertex -20.612293491784143 11.97820725201806 6
      vertex -20.707661904350402 11.934996386452301 6
    endloop
  endfacet
  facet normal 0.3522500479212364 -0.9359059267573246 0
    outer loop
      vertex -20.612293491784143 11.97820725201806 0
      vertex -20.51430314448506 12.01508820719217 6
      vertex -20.612293491784143 11.97820725201806 6
    endloop
  endfacet
  facet normal 0.29028467725445295 0.9569403357322117 0
    outer loop
      vertex -20.414110472164033 8.954518677937491 0
      vertex -20.51430314448506 8.98491179280783 6
      vertex -20.414110472164033 8.954518677937491 6
    endloop
  endfacet
  facet normal 0.22707626303437775 0.9738769792773325 0
    outer loop
      vertex -20.312144515225807 8.930743551354832 0
      vertex -20.414110472164033 8.954518677937491 6
      vertex -20.312144515225807 8.930743551354832 6
    endloop
  endfacet
  facet normal 0.16289547339458546 0.9866433320848794 0
    outer loop
      vertex -20.20884190755208 8.913688221801904 0
      vertex -20.312144515225807 8.930743551354832 6
      vertex -20.20884190755208 8.913688221801904 6
    endloop
  endfacet
  facet normal 0.0980171403295681 0.995184726672196 0
    outer loop
      vertex -20.10464500676823 8.903425722818234 0
      vertex -20.20884190755208 8.913688221801904 6
      vertex -20.10464500676823 8.903425722818234 6
    endloop
  endfacet
  facet normal 0.03271908282176942 0.9994645874763659 0
    outer loop
      vertex -20 8.9 0
      vertex -20.10464500676823 8.903425722818234 6
      vertex -20 8.9 6
    endloop
  endfacet
  facet normal -0.03271908282176942 0.9994645874763659 0
    outer loop
      vertex -19.89535499323177 8.903425722818234 0
      vertex -20 8.9 6
      vertex -19.89535499323177 8.903425722818234 6
    endloop
  endfacet
  facet normal -0.0980171403295681 0.995184726672196 0
    outer loop
      vertex -19.79115809244792 8.913688221801904 0
      vertex -19.89535499323177 8.903425722818234 6
      vertex -19.79115809244792 8.913688221801904 6
    endloop
  endfacet
  facet normal -0.16289547339458546 0.9866433320848794 0
    outer loop
      vertex -19.687855484774193 8.930743551354832 0
      vertex -19.79115809244792 8.913688221801904 6
      vertex -19.687855484774193 8.930743551354832 6
    endloop
  endfacet
  facet normal -0.22707626303437775 0.9738769792773325 0
    outer loop
      vertex -19.585889527835967 8.954518677937491 0
      vertex -19.687855484774193 8.930743551354832 6
      vertex -19.585889527835967 8.954518677937491 6
    endloop
  endfacet
  facet normal -0.29028467725445295 0.9569403357322117 0
    outer loop
      vertex -19.48569685551494 8.98491179280783 0
      vertex -19.585889527835967 8.954518677937491 6
      vertex -19.48569685551494 8.98491179280783 6
    endloop
  endfacet
  facet normal -0.3522500479212364 0.9359059267573246 0
    outer loop
      vertex -19.387706508215857 9.02179274798194 0
      vertex -19.48569685551494 8.98491179280783 6
      vertex -19.387706508215857 9.02179274798194 6
    endloop
  endfacet
  facet normal -0.41270702980439566 0.9108638249211753 0
    outer loop
      vertex -19.292338095649598 9.065003613547699 0
      vertex -19.387706508215857 9.02179274798194 6
      vertex -19.292338095649598 9.065003613547699 6
    endloop
  endfacet
  facet normal -0.47139673682599903 0.8819212643483543 0
    outer loop
      vertex -19.2 9.114359353944899 0
      vertex -19.292338095649598 9.065003613547699 6
      vertex -19.2 9.114359353944899 6
    endloop
  endfacet
  facet normal -0.5280678506503647 0.8492021815265809 0
    outer loop
      vertex -19.111087627168637 9.169648620315927 0
      vertex -19.2 9.114359353944899 6
      vertex -19.111087627168637 9.169648620315927 6
    endloop
  endfacet
  facet normal -0.5824776968678131 0.8128466845916075 0
    outer loop
      vertex -19.02598171358605 9.230634655534024 0
      vertex -19.111087627168637 9.169648620315927 6
      vertex -19.02598171358605 9.230634655534024 6
    endloop
  endfacet
  facet normal -0.6343932841636268 0.7730104533627522 0
    outer loop
      vertex -18.94504669583989 9.297056308033635 0
      vertex -19.02598171358605 9.230634655534024 6
      vertex -18.94504669583989 9.297056308033635 6
    endloop
  endfacet
  facet normal -0.6835923020228775 0.7298640726978299 0
    outer loop
      vertex -18.868629150101523 9.368629150101524 0
      vertex -18.94504669583989 9.297056308033635 6
      vertex -18.868629150101523 9.368629150101524 6
    endloop
  endfacet
  facet normal -0.7298640726978384 0.6835923020228684 0
    outer loop
      vertex -18.797056308033635 9.44504669583989 0
      vertex -18.868629150101523 9.368629150101524 6
      vertex -18.797056308033635 9.44504669583989 6
    endloop
  endfacet
  facet normal -0.7730104533627468 0.6343932841636333 0
    outer loop
      vertex -18.730634655534026 9.525981713586047 0
      vertex -18.797056308033635 9.44504669583989 6
      vertex -18.730634655534026 9.525981713586047 6
    endloop
  endfacet
  facet normal -0.8128466845916131 0.582477696867805 0
    outer loop
      vertex -18.66964862031593 9.611087627168637 0
      vertex -18.730634655534026 9.525981713586047 6
      vertex -18.66964862031593 9.611087627168637 6
    endloop
  endfacet
  facet normal -0.8492021815265732 0.5280678506503769 0
    outer loop
      vertex -18.6143593539449 9.7 0
      vertex -18.66964862031593 9.611087627168637 6
      vertex -18.6143593539449 9.7 6
    endloop
  endfacet
  facet normal -0.8819212643483543 0.47139673682599903 0
    outer loop
      vertex -18.5650036135477 9.792338095649598 0
      vertex -18.6143593539449 9.7 6
      vertex -18.5650036135477 9.792338095649598 6
    endloop
  endfacet
  facet normal -0.9108638249211753 0.41270702980439566 0
    outer loop
      vertex -18.52179274798194 9.887706508215857 0
      vertex -18.5650036135477 9.792338095649598 6
      vertex -18.52179274798194 9.887706508215857 6
    endloop
  endfacet
  facet normal -0.9359059267573302 0.3522500479212215 0
    outer loop
      vertex -18.484911792807832 9.985696855514941 0
      vertex -18.52179274798194 9.887706508215857 6
      vertex -18.484911792807832 9.985696855514941 6
    endloop
  endfacet
  facet normal -0.9569403357322023 0.29028467725448404 0
    outer loop
      vertex -18.45451867793749 10.085889527835967 0
      vertex -18.484911792807832 9.985696855514941 6
      vertex -18.45451867793749 10.085889527835967 6
    endloop
  endfacet
  facet normal -0.9738769792773335 0.227076263034374 0
    outer loop
      vertex -18.43074355135483 10.187855484774195 0
      vertex -18.45451867793749 10.085889527835967 6
      vertex -18.43074355135483 10.187855484774195 6
    endloop
  endfacet
  facet normal 0.29028467725445295 -0.9569403357322117 0
    outer loop
      vertex -20.51430314448506 12.01508820719217 0
      vertex -20.414110472164033 12.045481322062509 6
      vertex -20.51430314448506 12.01508820719217 6
    endloop
  endfacet
  facet normal 0.22707626303437775 -0.9738769792773325 0
    outer loop
      vertex -20.414110472164033 12.045481322062509 0
      vertex -20.312144515225807 12.069256448645168 6
      vertex -20.414110472164033 12.045481322062509 6
    endloop
  endfacet
  facet normal 0.16289547339458546 -0.9866433320848794 0
    outer loop
      vertex -20.312144515225807 12.069256448645168 0
      vertex -20.20884190755208 12.086311778198096 6
      vertex -20.312144515225807 12.069256448645168 6
    endloop
  endfacet
  facet normal 0.0980171403295681 -0.995184726672196 0
    outer loop
      vertex -20.20884190755208 12.086311778198096 0
      vertex -20.10464500676823 12.096574277181766 6
      vertex -20.20884190755208 12.086311778198096 6
    endloop
  endfacet
  facet normal 0.03271908282176942 -0.9994645874763659 0
    outer loop
      vertex -20.10464500676823 12.096574277181766 0
      vertex -20 12.1 6
      vertex -20.10464500676823 12.096574277181766 6
    endloop
  endfacet
  facet normal -0.03271908282176942 -0.9994645874763659 0
    outer loop
      vertex -20 12.1 0
      vertex -19.89535499323177 12.096574277181766 6
      vertex -20 12.1 6
    endloop
  endfacet
  facet normal -0.0980171403295681 -0.995184726672196 0
    outer loop
      vertex -19.89535499323177 12.096574277181766 0
      vertex -19.79115809244792 12.086311778198096 6
      vertex -19.89535499323177 12.096574277181766 6
    endloop
  endfacet
  facet normal -0.16289547339458546 -0.9866433320848794 -7.176641335170746e-20
    outer loop
      vertex -19.687855484774193 12.069256448645168 6
      vertex -19.79115809244792 12.086311778198096 6
      vertex -19.79115809244792 12.086311778198096 0
    endloop
  endfacet
  facet normal -0.22707626303437775 -0.9738769792773325 0
    outer loop
      vertex -19.687855484774193 12.069256448645168 0
      vertex -19.585889527835967 12.045481322062509 6
      vertex -19.687855484774193 12.069256448645168 6
    endloop
  endfacet
  facet normal -0.29028467725445295 -0.9569403357322117 0
    outer loop
      vertex -19.585889527835967 12.045481322062509 0
      vertex -19.48569685551494 12.01508820719217 6
      vertex -19.585889527835967 12.045481322062509 6
    endloop
  endfacet
  facet normal -0.3522500479212364 -0.9359059267573246 0
    outer loop
      vertex -19.48569685551494 12.01508820719217 0
      vertex -19.387706508215857 11.97820725201806 6
      vertex -19.48569685551494 12.01508820719217 6
    endloop
  endfacet
  facet normal -0.41270702980439566 -0.9108638249211753 0
    outer loop
      vertex -19.387706508215857 11.97820725201806 0
      vertex -19.292338095649598 11.934996386452301 6
      vertex -19.387706508215857 11.97820725201806 6
    endloop
  endfacet
  facet normal -0.47139673682599903 -0.8819212643483543 0
    outer loop
      vertex -19.292338095649598 11.934996386452301 0
      vertex -19.2 11.885640646055101 6
      vertex -19.292338095649598 11.934996386452301 6
    endloop
  endfacet
  facet normal -0.7730104533627468 -0.6343932841636333 -4.357593144018071e-19
    outer loop
      vertex -18.730634655534026 11.474018286413953 6
      vertex -18.797056308033635 11.55495330416011 6
      vertex -18.797056308033635 11.55495330416011 0
    endloop
  endfacet
  facet normal -0.8819212643483543 -0.47139673682599903 -4.678879683120915e-19
    outer loop
      vertex -18.5650036135477 11.207661904350402 6
      vertex -18.6143593539449 11.3 6
      vertex -18.6143593539449 11.3 0
    endloop
  endfacet
  facet normal -0.8492021815265732 -0.5280678506503769 0
    outer loop
      vertex -18.66964862031593 11.388912372831363 0
      vertex -18.6143593539449 11.3 6
      vertex -18.66964862031593 11.388912372831363 6
    endloop
  endfacet
  facet normal -0.8128466845916131 -0.582477696867805 0
    outer loop
      vertex -18.730634655534026 11.474018286413953 0
      vertex -18.66964862031593 11.388912372831363 6
      vertex -18.730634655534026 11.474018286413953 6
    endloop
  endfacet
  facet normal -0.9866433320848786 0.16289547339459093 0
    outer loop
      vertex -18.413688221801902 10.291158092447917 0
      vertex -18.43074355135483 10.187855484774195 6
      vertex -18.413688221801902 10.291158092447917 6
    endloop
  endfacet
  facet normal -0.9951847266721981 0.09801714032954799 0
    outer loop
      vertex -18.403425722818234 10.395354993231772 0
      vertex -18.413688221801902 10.291158092447917 6
      vertex -18.403425722818234 10.395354993231772 6
    endloop
  endfacet
  facet normal -0.9994645874763652 0.03271908282178692 0
    outer loop
      vertex -18.4 10.5 0
      vertex -18.403425722818234 10.395354993231772 6
      vertex -18.4 10.5 6
    endloop
  endfacet
  facet normal -0.9994645874763652 -0.03271908282178692 0
    outer loop
      vertex -18.403425722818234 10.604645006768228 0
      vertex -18.4 10.5 6
      vertex -18.403425722818234 10.604645006768228 6
    endloop
  endfacet
  facet normal -0.9866433320848786 -0.16289547339459093 0
    outer loop
      vertex -18.43074355135483 10.812144515225805 0
      vertex -18.413688221801902 10.708841907552083 6
      vertex -18.43074355135483 10.812144515225805 6
    endloop
  endfacet
  facet normal -0.9738769792773335 -0.227076263034374 0
    outer loop
      vertex -18.45451867793749 10.914110472164033 0
      vertex -18.43074355135483 10.812144515225805 6
      vertex -18.45451867793749 10.914110472164033 6
    endloop
  endfacet
  facet normal -0.9951847266721981 -0.09801714032954799 0
    outer loop
      vertex -18.413688221801902 10.708841907552083 0
      vertex -18.403425722818234 10.604645006768228 6
      vertex -18.413688221801902 10.708841907552083 6
    endloop
  endfacet
  facet normal -0.9569403357322023 -0.29028467725448404 0
    outer loop
      vertex -18.484911792807832 11.014303144485059 0
      vertex -18.45451867793749 10.914110472164033 6
      vertex -18.484911792807832 11.014303144485059 6
    endloop
  endfacet
  facet normal -0.9359059267573302 -0.3522500479212215 2.0259954545524266e-20
    outer loop
      vertex -18.484911792807832 11.014303144485059 6
      vertex -18.52179274798194 11.112293491784143 6
      vertex -18.52179274798194 11.112293491784143 0
    endloop
  endfacet
  facet normal -0.9108638249211753 -0.41270702980439566 0
    outer loop
      vertex -18.5650036135477 11.207661904350402 0
      vertex -18.52179274798194 11.112293491784143 6
      vertex -18.5650036135477 11.207661904350402 6
    endloop
  endfacet
  facet normal -0.5824776968678131 -0.8128466845916075 0
    outer loop
      vertex -19.111087627168637 11.830351379684073 0
      vertex -19.02598171358605 11.769365344465976 6
      vertex -19.111087627168637 11.830351379684073 6
    endloop
  endfacet
  facet normal -0.6835923020228775 -0.7298640726978299 0
    outer loop
      vertex -18.94504669583989 11.702943691966365 0
      vertex -18.868629150101523 11.631370849898476 6
      vertex -18.94504669583989 11.702943691966365 6
    endloop
  endfacet
  facet normal -0.6343932841636268 -0.7730104533627522 0
    outer loop
      vertex -19.02598171358605 11.769365344465976 0
      vertex -18.94504669583989 11.702943691966365 6
      vertex -19.02598171358605 11.769365344465976 6
    endloop
  endfacet
  facet normal -0.5280678506503647 -0.8492021815265809 0
    outer loop
      vertex -19.2 11.885640646055101 0
      vertex -19.111087627168637 11.830351379684073 6
      vertex -19.2 11.885640646055101 6
    endloop
  endfacet
  facet normal -0.7298640726978384 -0.6835923020228684 0
    outer loop
      vertex -18.868629150101523 11.631370849898476 0
      vertex -18.797056308033635 11.55495330416011 6
      vertex -18.868629150101523 11.631370849898476 6
    endloop
  endfacet
  facet normal 0.6835923020228775 0.7298640726978299 5.681576912344924e-19
    outer loop
      vertex 18.94504669583989 -11.702943691966365 0
      vertex 18.868629150101523 -11.631370849898476 0
      vertex 18.868629150101523 -11.631370849898476 6
    endloop
  endfacet
  facet normal 0.7298640726978384 0.6835923020228684 0
    outer loop
      vertex 18.797056308033635 -11.55495330416011 6
      vertex 18.868629150101523 -11.631370849898476 0
      vertex 18.797056308033635 -11.55495330416011 0
    endloop
  endfacet
  facet normal 0.6343932841636268 0.7730104533627522 -1.8447961219164616e-19
    outer loop
      vertex 19.02598171358605 -11.769365344465976 0
      vertex 18.94504669583989 -11.702943691966365 0
      vertex 18.94504669583989 -11.702943691966365 6
    endloop
  endfacet
  facet normal 0.5824776968678131 0.8128466845916075 0
    outer loop
      vertex 19.02598171358605 -11.769365344465976 0
      vertex 19.02598171358605 -11.769365344465976 6
      vertex 19.111087627168637 -11.830351379684073 0
    endloop
  endfacet
  facet normal 0.5280678506503647 0.8492021815265809 0
    outer loop
      vertex 19.111087627168637 -11.830351379684073 0
      vertex 19.111087627168637 -11.830351379684073 6
      vertex 19.2 -11.885640646055101 0
    endloop
  endfacet
  facet normal 0.9108638249211753 0.41270702980439566 0
    outer loop
      vertex 18.52179274798194 -11.112293491784143 6
      vertex 18.5650036135477 -11.207661904350402 0
      vertex 18.52179274798194 -11.112293491784143 0
    endloop
  endfacet
  facet normal 0.9359059267573302 0.3522500479212215 0
    outer loop
      vertex 18.484911792807832 -11.014303144485059 6
      vertex 18.52179274798194 -11.112293491784143 0
      vertex 18.484911792807832 -11.014303144485059 0
    endloop
  endfacet
  facet normal 0.9569403357322023 0.29028467725448404 0
    outer loop
      vertex 18.45451867793749 -10.914110472164033 6
      vertex 18.484911792807832 -11.014303144485059 0
      vertex 18.45451867793749 -10.914110472164033 0
    endloop
  endfacet
  facet normal 0.9951847266721981 0.09801714032954799 0
    outer loop
      vertex 18.403425722818234 -10.604645006768228 6
      vertex 18.413688221801902 -10.708841907552083 0
      vertex 18.403425722818234 -10.604645006768228 0
    endloop
  endfacet
  facet normal 0.9738769792773335 0.227076263034374 0
    outer loop
      vertex 18.43074355135483 -10.812144515225805 6
      vertex 18.45451867793749 -10.914110472164033 0
      vertex 18.43074355135483 -10.812144515225805 0
    endloop
  endfacet
  facet normal 0.9866433320848786 0.16289547339459093 0
    outer loop
      vertex 18.413688221801902 -10.708841907552083 6
      vertex 18.43074355135483 -10.812144515225805 0
      vertex 18.413688221801902 -10.708841907552083 0
    endloop
  endfacet
  facet normal 0.9994645874763652 0.03271908282178692 0
    outer loop
      vertex 18.4 -10.5 6
      vertex 18.403425722818234 -10.604645006768228 0
      vertex 18.4 -10.5 0
    endloop
  endfacet
  facet normal 0.9994645874763652 -0.03271908282178692 0
    outer loop
      vertex 18.403425722818234 -10.395354993231772 6
      vertex 18.4 -10.5 0
      vertex 18.403425722818234 -10.395354993231772 0
    endloop
  endfacet
  facet normal 0.9951847266721981 -0.09801714032954799 0
    outer loop
      vertex 18.413688221801902 -10.291158092447917 6
      vertex 18.403425722818234 -10.395354993231772 0
      vertex 18.413688221801902 -10.291158092447917 0
    endloop
  endfacet
  facet normal 0.8128466845916131 0.582477696867805 0
    outer loop
      vertex 18.66964862031593 -11.388912372831363 6
      vertex 18.730634655534026 -11.474018286413953 0
      vertex 18.66964862031593 -11.388912372831363 0
    endloop
  endfacet
  facet normal 0.8492021815265732 0.5280678506503769 0
    outer loop
      vertex 18.6143593539449 -11.3 6
      vertex 18.66964862031593 -11.388912372831363 0
      vertex 18.6143593539449 -11.3 0
    endloop
  endfacet
  facet normal 0.8819212643483543 0.47139673682599903 0
    outer loop
      vertex 18.5650036135477 -11.207661904350402 6
      vertex 18.6143593539449 -11.3 0
      vertex 18.5650036135477 -11.207661904350402 0
    endloop
  endfacet
  facet normal 0.7730104533627468 0.6343932841636333 0
    outer loop
      vertex 18.730634655534026 -11.474018286413953 6
      vertex 18.797056308033635 -11.55495330416011 0
      vertex 18.730634655534026 -11.474018286413953 0
    endloop
  endfacet
  facet normal 0.47139673682599903 0.8819212643483543 0
    outer loop
      vertex 19.2 -11.885640646055101 0
      vertex 19.2 -11.885640646055101 6
      vertex 19.292338095649598 -11.934996386452301 0
    endloop
  endfacet
  facet normal 0.41270702980439566 0.9108638249211753 0
    outer loop
      vertex 19.292338095649598 -11.934996386452301 0
      vertex 19.292338095649598 -11.934996386452301 6
      vertex 19.387706508215857 -11.97820725201806 0
    endloop
  endfacet
  facet normal 0.29028467725445295 0.9569403357322117 0
    outer loop
      vertex 19.48569685551494 -12.01508820719217 0
      vertex 19.48569685551494 -12.01508820719217 6
      vertex 19.585889527835967 -12.045481322062509 0
    endloop
  endfacet
  facet normal 0.3522500479212364 0.9359059267573246 0
    outer loop
      vertex 19.387706508215857 -11.97820725201806 0
      vertex 19.387706508215857 -11.97820725201806 6
      vertex 19.48569685551494 -12.01508820719217 0
    endloop
  endfacet
  facet normal 0.22707626303437775 0.9738769792773325 0
    outer loop
      vertex 19.585889527835967 -12.045481322062509 0
      vertex 19.585889527835967 -12.045481322062509 6
      vertex 19.687855484774193 -12.069256448645168 0
    endloop
  endfacet
  facet normal 0.16289547339458546 0.9866433320848794 0
    outer loop
      vertex 19.687855484774193 -12.069256448645168 0
      vertex 19.687855484774193 -12.069256448645168 6
      vertex 19.79115809244792 -12.086311778198096 0
    endloop
  endfacet
  facet normal 0.0980171403295681 0.995184726672196 0
    outer loop
      vertex 19.79115809244792 -12.086311778198096 0
      vertex 19.79115809244792 -12.086311778198096 6
      vertex 19.89535499323177 -12.096574277181766 0
    endloop
  endfacet
  facet normal 0.03271908282176942 0.9994645874763659 0
    outer loop
      vertex 19.89535499323177 -12.096574277181766 0
      vertex 19.89535499323177 -12.096574277181766 6
      vertex 20 -12.1 0
    endloop
  endfacet
  facet normal -0.03271908282176942 0.9994645874763659 0
    outer loop
      vertex 20 -12.1 0
      vertex 20 -12.1 6
      vertex 20.10464500676823 -12.096574277181766 0
    endloop
  endfacet
  facet normal -0.0980171403295681 0.995184726672196 0
    outer loop
      vertex 20.10464500676823 -12.096574277181766 0
      vertex 20.10464500676823 -12.096574277181766 6
      vertex 20.20884190755208 -12.086311778198096 0
    endloop
  endfacet
  facet normal -0.16289547339458546 0.9866433320848794 0
    outer loop
      vertex 20.20884190755208 -12.086311778198096 0
      vertex 20.20884190755208 -12.086311778198096 6
      vertex 20.312144515225807 -12.069256448645168 0
    endloop
  endfacet
  facet normal -0.22707626303437775 0.9738769792773325 0
    outer loop
      vertex 20.312144515225807 -12.069256448645168 0
      vertex 20.312144515225807 -12.069256448645168 6
      vertex 20.414110472164033 -12.045481322062509 0
    endloop
  endfacet
  facet normal -0.29028467725445295 0.9569403357322117 0
    outer loop
      vertex 20.414110472164033 -12.045481322062509 0
      vertex 20.414110472164033 -12.045481322062509 6
      vertex 20.51430314448506 -12.01508820719217 0
    endloop
  endfacet
  facet normal 0.9866433320848786 -0.16289547339459093 0
    outer loop
      vertex 18.43074355135483 -10.187855484774195 6
      vertex 18.413688221801902 -10.291158092447917 0
      vertex 18.43074355135483 -10.187855484774195 0
    endloop
  endfacet
  facet normal 0.9738769792773335 -0.227076263034374 0
    outer loop
      vertex 18.45451867793749 -10.085889527835967 6
      vertex 18.43074355135483 -10.187855484774195 0
      vertex 18.45451867793749 -10.085889527835967 0
    endloop
  endfacet
  facet normal 0.9569403357322023 -0.29028467725448404 0
    outer loop
      vertex 18.484911792807832 -9.985696855514941 6
      vertex 18.45451867793749 -10.085889527835967 0
      vertex 18.484911792807832 -9.985696855514941 0
    endloop
  endfacet
  facet normal 0.9359059267573302 -0.3522500479212215 0
    outer loop
      vertex 18.52179274798194 -9.887706508215857 6
      vertex 18.484911792807832 -9.985696855514941 0
      vertex 18.52179274798194 -9.887706508215857 0
    endloop
  endfacet
  facet normal 0.9108638249211753 -0.41270702980439566 0
    outer loop
      vertex 18.5650036135477 -9.792338095649598 6
      vertex 18.52179274798194 -9.887706508215857 0
      vertex 18.5650036135477 -9.792338095649598 0
    endloop
  endfacet
  facet normal 0.8819212643483543 -0.47139673682599903 0
    outer loop
      vertex 18.6143593539449 -9.7 6
      vertex 18.5650036135477 -9.792338095649598 0
      vertex 18.6143593539449 -9.7 0
    endloop
  endfacet
  facet normal 0.8492021815265732 -0.5280678506503769 0
    outer loop
      vertex 18.66964862031593 -9.611087627168637 6
      vertex 18.6143593539449 -9.7 0
      vertex 18.66964862031593 -9.611087627168637 0
    endloop
  endfacet
  facet normal 0.8128466845916131 -0.582477696867805 0
    outer loop
      vertex 18.730634655534026 -9.525981713586047 6
      vertex 18.66964862031593 -9.611087627168637 0
      vertex 18.730634655534026 -9.525981713586047 0
    endloop
  endfacet
  facet normal 0.7730104533627468 -0.6343932841636333 0
    outer loop
      vertex 18.797056308033635 -9.44504669583989 6
      vertex 18.730634655534026 -9.525981713586047 0
      vertex 18.797056308033635 -9.44504669583989 0
    endloop
  endfacet
  facet normal 0.7298640726978384 -0.6835923020228684 0
    outer loop
      vertex 18.868629150101523 -9.368629150101524 6
      vertex 18.797056308033635 -9.44504669583989 0
      vertex 18.868629150101523 -9.368629150101524 0
    endloop
  endfacet
  facet normal 0.6835923020228775 -0.7298640726978299 0
    outer loop
      vertex 18.94504669583989 -9.297056308033635 6
      vertex 18.868629150101523 -9.368629150101524 0
      vertex 18.94504669583989 -9.297056308033635 0
    endloop
  endfacet
  facet normal 0.6343932841636268 -0.7730104533627522 0
    outer loop
      vertex 19.02598171358605 -9.230634655534024 6
      vertex 18.94504669583989 -9.297056308033635 0
      vertex 19.02598171358605 -9.230634655534024 0
    endloop
  endfacet
  facet normal 0.5824776968678131 -0.8128466845916075 0
    outer loop
      vertex 19.111087627168637 -9.169648620315927 0
      vertex 19.111087627168637 -9.169648620315927 6
      vertex 19.02598171358605 -9.230634655534024 0
    endloop
  endfacet
  facet normal 0.5280678506503647 -0.8492021815265809 0
    outer loop
      vertex 19.2 -9.114359353944899 0
      vertex 19.2 -9.114359353944899 6
      vertex 19.111087627168637 -9.169648620315927 0
    endloop
  endfacet
  facet normal 0.47139673682599903 -0.8819212643483543 0
    outer loop
      vertex 19.292338095649598 -9.065003613547699 0
      vertex 19.292338095649598 -9.065003613547699 6
      vertex 19.2 -9.114359353944899 0
    endloop
  endfacet
  facet normal 0.41270702980439566 -0.9108638249211753 0
    outer loop
      vertex 19.387706508215857 -9.02179274798194 0
      vertex 19.387706508215857 -9.02179274798194 6
      vertex 19.292338095649598 -9.065003613547699 0
    endloop
  endfacet
  facet normal 0.3522500479212364 -0.9359059267573246 0
    outer loop
      vertex 19.48569685551494 -8.98491179280783 0
      vertex 19.48569685551494 -8.98491179280783 6
      vertex 19.387706508215857 -9.02179274798194 0
    endloop
  endfacet
  facet normal -0.29028467725445295 -0.9569403357322117 2.9456505973938754e-19
    outer loop
      vertex 20.414110472164033 -8.954518677937491 0
      vertex 20.51430314448506 -8.98491179280783 0
      vertex 20.51430314448506 -8.98491179280783 6
    endloop
  endfacet
  facet normal 0.29028467725445295 -0.9569403357322117 0
    outer loop
      vertex 19.585889527835967 -8.954518677937491 0
      vertex 19.585889527835967 -8.954518677937491 6
      vertex 19.48569685551494 -8.98491179280783 0
    endloop
  endfacet
  facet normal 0.22707626303437775 -0.9738769792773325 0
    outer loop
      vertex 19.687855484774193 -8.930743551354832 0
      vertex 19.687855484774193 -8.930743551354832 6
      vertex 19.585889527835967 -8.954518677937491 0
    endloop
  endfacet
  facet normal 0.16289547339458546 -0.9866433320848794 0
    outer loop
      vertex 19.79115809244792 -8.913688221801904 0
      vertex 19.79115809244792 -8.913688221801904 6
      vertex 19.687855484774193 -8.930743551354832 0
    endloop
  endfacet
  facet normal 0.0980171403295681 -0.995184726672196 0
    outer loop
      vertex 19.89535499323177 -8.903425722818234 0
      vertex 19.89535499323177 -8.903425722818234 6
      vertex 19.79115809244792 -8.913688221801904 0
    endloop
  endfacet
  facet normal 0.03271908282176942 -0.9994645874763659 0
    outer loop
      vertex 20 -8.9 0
      vertex 20 -8.9 6
      vertex 19.89535499323177 -8.903425722818234 0
    endloop
  endfacet
  facet normal -0.03271908282176942 -0.9994645874763659 0
    outer loop
      vertex 20.10464500676823 -8.903425722818234 0
      vertex 20.10464500676823 -8.903425722818234 6
      vertex 20 -8.9 0
    endloop
  endfacet
  facet normal -0.0980171403295681 -0.995184726672196 0
    outer loop
      vertex 20.20884190755208 -8.913688221801904 0
      vertex 20.20884190755208 -8.913688221801904 6
      vertex 20.10464500676823 -8.903425722818234 0
    endloop
  endfacet
  facet normal -0.16289547339458546 -0.9866433320848794 0
    outer loop
      vertex 20.312144515225807 -8.930743551354832 0
      vertex 20.312144515225807 -8.930743551354832 6
      vertex 20.20884190755208 -8.913688221801904 0
    endloop
  endfacet
  facet normal -0.22707626303437775 -0.9738769792773325 0
    outer loop
      vertex 20.414110472164033 -8.954518677937491 0
      vertex 20.414110472164033 -8.954518677937491 6
      vertex 20.312144515225807 -8.930743551354832 0
    endloop
  endfacet
  facet normal -0.3522500479212364 0.9359059267573246 0
    outer loop
      vertex 20.51430314448506 -12.01508820719217 6
      vertex 20.612293491784143 -11.97820725201806 0
      vertex 20.51430314448506 -12.01508820719217 0
    endloop
  endfacet
  facet normal -0.41270702980439566 0.9108638249211753 0
    outer loop
      vertex 20.612293491784143 -11.97820725201806 6
      vertex 20.707661904350402 -11.934996386452301 0
      vertex 20.612293491784143 -11.97820725201806 0
    endloop
  endfacet
  facet normal -0.47139673682599903 0.8819212643483543 0
    outer loop
      vertex 20.707661904350402 -11.934996386452301 6
      vertex 20.8 -11.885640646055101 0
      vertex 20.707661904350402 -11.934996386452301 0
    endloop
  endfacet
  facet normal -0.5280678506503647 0.8492021815265809 0
    outer loop
      vertex 20.8 -11.885640646055101 6
      vertex 20.888912372831363 -11.830351379684073 0
      vertex 20.8 -11.885640646055101 0
    endloop
  endfacet
  facet normal -0.5824776968678131 0.8128466845916075 0
    outer loop
      vertex 20.888912372831363 -11.830351379684073 6
      vertex 20.97401828641395 -11.769365344465976 0
      vertex 20.888912372831363 -11.830351379684073 0
    endloop
  endfacet
  facet normal -0.6343932841636268 0.7730104533627522 0
    outer loop
      vertex 20.97401828641395 -11.769365344465976 6
      vertex 21.05495330416011 -11.702943691966365 0
      vertex 20.97401828641395 -11.769365344465976 0
    endloop
  endfacet
  facet normal -0.6835923020228775 0.7298640726978299 0
    outer loop
      vertex 21.05495330416011 -11.702943691966365 6
      vertex 21.131370849898477 -11.631370849898476 0
      vertex 21.05495330416011 -11.702943691966365 0
    endloop
  endfacet
  facet normal -0.7298640726978384 0.6835923020228684 0
    outer loop
      vertex 21.131370849898477 -11.631370849898476 0
      vertex 21.131370849898477 -11.631370849898476 6
      vertex 21.202943691966365 -11.55495330416011 0
    endloop
  endfacet
  facet normal -0.7730104533627468 0.6343932841636333 0
    outer loop
      vertex 21.202943691966365 -11.55495330416011 6
      vertex 21.269365344465974 -11.474018286413953 0
      vertex 21.202943691966365 -11.55495330416011 0
    endloop
  endfacet
  facet normal -0.8128466845916131 0.582477696867805 -5.861982205712528e-20
    outer loop
      vertex 21.33035137968407 -11.388912372831363 0
      vertex 21.269365344465974 -11.474018286413953 0
      vertex 21.269365344465974 -11.474018286413953 6
    endloop
  endfacet
  facet normal -0.8492021815265732 0.5280678506503769 8.377212060445863e-20
    outer loop
      vertex 21.3856406460551 -11.3 0
      vertex 21.33035137968407 -11.388912372831363 0
      vertex 21.33035137968407 -11.388912372831363 6
    endloop
  endfacet
  facet normal -0.8819212643483543 0.47139673682599903 4.678879683120915e-19
    outer loop
      vertex 21.4349963864523 -11.207661904350402 0
      vertex 21.3856406460551 -11.3 0
      vertex 21.3856406460551 -11.3 6
    endloop
  endfacet
  facet normal -0.9108638249211753 0.41270702980439566 -2.0149885172221178e-19
    outer loop
      vertex 21.47820725201806 -11.112293491784143 0
      vertex 21.4349963864523 -11.207661904350402 0
      vertex 21.4349963864523 -11.207661904350402 6
    endloop
  endfacet
  facet normal -0.9359059267573302 0.3522500479212215 -2.0259954545524266e-20
    outer loop
      vertex 21.515088207192168 -11.014303144485059 0
      vertex 21.47820725201806 -11.112293491784143 0
      vertex 21.47820725201806 -11.112293491784143 6
    endloop
  endfacet
  facet normal -0.9569403357322023 0.29028467725448404 2.427820613905926e-19
    outer loop
      vertex 21.54548132206251 -10.914110472164033 0
      vertex 21.515088207192168 -11.014303144485059 0
      vertex 21.515088207192168 -11.014303144485059 6
    endloop
  endfacet
  facet normal -0.9738769792773335 0.227076263034374 2.2623456336696043e-20
    outer loop
      vertex 21.56925644864517 -10.812144515225805 0
      vertex 21.54548132206251 -10.914110472164033 0
      vertex 21.54548132206251 -10.914110472164033 6
    endloop
  endfacet
  facet normal -0.9866433320848786 0.16289547339459093 -7.821833038869354e-20
    outer loop
      vertex 21.586311778198098 -10.708841907552083 0
      vertex 21.56925644864517 -10.812144515225805 0
      vertex 21.56925644864517 -10.812144515225805 6
    endloop
  endfacet
  facet normal -0.9951847266721981 0.09801714032954799 6.710551153201461e-20
    outer loop
      vertex 21.596574277181766 -10.604645006768228 0
      vertex 21.586311778198098 -10.708841907552083 0
      vertex 21.586311778198098 -10.708841907552083 6
    endloop
  endfacet
  facet normal -0.9994645874763652 0.03271908282178692 4.275536379035276e-20
    outer loop
      vertex 21.6 -10.5 0
      vertex 21.596574277181766 -10.604645006768228 0
      vertex 21.596574277181766 -10.604645006768228 6
    endloop
  endfacet
  facet normal -0.9994645874763652 -0.03271908282178692 -4.275536379035276e-20
    outer loop
      vertex 21.596574277181766 -10.395354993231772 0
      vertex 21.6 -10.5 0
      vertex 21.6 -10.5 6
    endloop
  endfacet
  facet normal -0.9951847266721981 -0.09801714032954799 -6.710551153201461e-20
    outer loop
      vertex 21.586311778198098 -10.291158092447917 0
      vertex 21.596574277181766 -10.395354993231772 0
      vertex 21.596574277181766 -10.395354993231772 6
    endloop
  endfacet
  facet normal -0.9866433320848786 -0.16289547339459093 7.821833038869354e-20
    outer loop
      vertex 21.56925644864517 -10.187855484774195 0
      vertex 21.586311778198098 -10.291158092447917 0
      vertex 21.586311778198098 -10.291158092447917 6
    endloop
  endfacet
  facet normal -0.3522500479212364 -0.9359059267573246 0
    outer loop
      vertex 20.612293491784143 -9.02179274798194 6
      vertex 20.51430314448506 -8.98491179280783 0
      vertex 20.612293491784143 -9.02179274798194 0
    endloop
  endfacet
  facet normal -0.41270702980439566 -0.9108638249211753 0
    outer loop
      vertex 20.707661904350402 -9.065003613547699 6
      vertex 20.612293491784143 -9.02179274798194 0
      vertex 20.707661904350402 -9.065003613547699 0
    endloop
  endfacet
  facet normal -0.47139673682599903 -0.8819212643483543 0
    outer loop
      vertex 20.8 -9.114359353944899 6
      vertex 20.707661904350402 -9.065003613547699 0
      vertex 20.8 -9.114359353944899 0
    endloop
  endfacet
  facet normal -0.6835923020228775 -0.7298640726978299 5.681576912344924e-19
    outer loop
      vertex 21.05495330416011 -9.297056308033635 0
      vertex 21.131370849898477 -9.368629150101524 0
      vertex 21.131370849898477 -9.368629150101524 6
    endloop
  endfacet
  facet normal -0.5280678506503647 -0.8492021815265809 0
    outer loop
      vertex 20.888912372831363 -9.169648620315927 6
      vertex 20.8 -9.114359353944899 0
      vertex 20.888912372831363 -9.169648620315927 0
    endloop
  endfacet
  facet normal -0.5824776968678131 -0.8128466845916075 0
    outer loop
      vertex 20.97401828641395 -9.230634655534024 6
      vertex 20.888912372831363 -9.169648620315927 0
      vertex 20.97401828641395 -9.230634655534024 0
    endloop
  endfacet
  facet normal -0.6343932841636268 -0.7730104533627522 0
    outer loop
      vertex 21.05495330416011 -9.297056308033635 6
      vertex 20.97401828641395 -9.230634655534024 0
      vertex 21.05495330416011 -9.297056308033635 0
    endloop
  endfacet
  facet normal -0.8492021815265732 -0.5280678506503769 -8.377212060445863e-20
    outer loop
      vertex 21.33035137968407 -9.611087627168637 0
      vertex 21.3856406460551 -9.7 0
      vertex 21.3856406460551 -9.7 6
    endloop
  endfacet
  facet normal -0.8819212643483543 -0.47139673682599903 -4.678879683120915e-19
    outer loop
      vertex 21.3856406460551 -9.7 0
      vertex 21.4349963864523 -9.792338095649598 0
      vertex 21.4349963864523 -9.792338095649598 6
    endloop
  endfacet
  facet normal -0.9738769792773335 -0.227076263034374 -2.2623456336696043e-20
    outer loop
      vertex 21.54548132206251 -10.085889527835967 0
      vertex 21.56925644864517 -10.187855484774195 0
      vertex 21.56925644864517 -10.187855484774195 6
    endloop
  endfacet
  facet normal -0.9569403357322023 -0.29028467725448404 -2.427820613905926e-19
    outer loop
      vertex 21.515088207192168 -9.985696855514941 0
      vertex 21.54548132206251 -10.085889527835967 0
      vertex 21.54548132206251 -10.085889527835967 6
    endloop
  endfacet
  facet normal -0.9359059267573302 -0.3522500479212215 2.0259954545524266e-20
    outer loop
      vertex 21.47820725201806 -9.887706508215857 0
      vertex 21.515088207192168 -9.985696855514941 0
      vertex 21.515088207192168 -9.985696855514941 6
    endloop
  endfacet
  facet normal -0.9108638249211753 -0.41270702980439566 2.0149885172221178e-19
    outer loop
      vertex 21.4349963864523 -9.792338095649598 0
      vertex 21.47820725201806 -9.887706508215857 0
      vertex 21.47820725201806 -9.887706508215857 6
    endloop
  endfacet
  facet normal -0.7730104533627468 -0.6343932841636333 0
    outer loop
      vertex 21.269365344465974 -9.525981713586047 6
      vertex 21.202943691966365 -9.44504669583989 0
      vertex 21.269365344465974 -9.525981713586047 0
    endloop
  endfacet
  facet normal -0.7298640726978384 -0.6835923020228684 0
    outer loop
      vertex 21.202943691966365 -9.44504669583989 6
      vertex 21.131370849898477 -9.368629150101524 0
      vertex 21.202943691966365 -9.44504669583989 0
    endloop
  endfacet
  facet normal -0.8128466845916131 -0.582477696867805 0
    outer loop
      vertex 21.33035137968407 -9.611087627168637 6
      vertex 21.269365344465974 -9.525981713586047 0
      vertex 21.33035137968407 -9.611087627168637 0
    endloop
  endfacet
  facet normal 0.7298640726978384 0.6835923020228684 -1.1786341327805747e-19
    outer loop
      vertex 18.797056308033635 -11.55495330416011 6
      vertex 18.868629150101523 -11.631370849898476 6
      vertex 18.868629150101523 -11.631370849898476 0
    endloop
  endfacet
  facet normal 0.5280678506503647 0.8492021815265809 0
    outer loop
      vertex 19.2 -11.885640646055101 0
      vertex 19.111087627168637 -11.830351379684073 6
      vertex 19.2 -11.885640646055101 6
    endloop
  endfacet
  facet normal 0.6343932841636268 0.7730104533627522 0
    outer loop
      vertex 19.02598171358605 -11.769365344465976 0
      vertex 18.94504669583989 -11.702943691966365 6
      vertex 19.02598171358605 -11.769365344465976 6
    endloop
  endfacet
  facet normal 0.6835923020228775 0.7298640726978299 0
    outer loop
      vertex 18.94504669583989 -11.702943691966365 6
      vertex 18.94504669583989 -11.702943691966365 0
      vertex 18.868629150101523 -11.631370849898476 6
    endloop
  endfacet
  facet normal 0.5824776968678131 0.8128466845916075 0
    outer loop
      vertex 19.111087627168637 -11.830351379684073 0
      vertex 19.02598171358605 -11.769365344465976 6
      vertex 19.111087627168637 -11.830351379684073 6
    endloop
  endfacet
  facet normal 0.9108638249211753 0.41270702980439566 2.0149885172221178e-19
    outer loop
      vertex 18.52179274798194 -11.112293491784143 6
      vertex 18.5650036135477 -11.207661904350402 6
      vertex 18.5650036135477 -11.207661904350402 0
    endloop
  endfacet
  facet normal 0.9359059267573302 0.3522500479212215 2.0259954545524266e-20
    outer loop
      vertex 18.484911792807832 -11.014303144485059 6
      vertex 18.52179274798194 -11.112293491784143 6
      vertex 18.52179274798194 -11.112293491784143 0
    endloop
  endfacet
  facet normal 0.9569403357322023 0.29028467725448404 -2.427820613905926e-19
    outer loop
      vertex 18.45451867793749 -10.914110472164033 6
      vertex 18.484911792807832 -11.014303144485059 6
      vertex 18.484911792807832 -11.014303144485059 0
    endloop
  endfacet
  facet normal 0.9951847266721981 0.09801714032954799 -6.710551153201461e-20
    outer loop
      vertex 18.403425722818234 -10.604645006768228 6
      vertex 18.413688221801902 -10.708841907552083 6
      vertex 18.413688221801902 -10.708841907552083 0
    endloop
  endfacet
  facet normal 0.9738769792773335 0.227076263034374 -2.2623456336696043e-20
    outer loop
      vertex 18.43074355135483 -10.812144515225805 6
      vertex 18.45451867793749 -10.914110472164033 6
      vertex 18.45451867793749 -10.914110472164033 0
    endloop
  endfacet
  facet normal 0.9866433320848786 0.16289547339459093 7.821833038869354e-20
    outer loop
      vertex 18.413688221801902 -10.708841907552083 6
      vertex 18.43074355135483 -10.812144515225805 6
      vertex 18.43074355135483 -10.812144515225805 0
    endloop
  endfacet
  facet normal 0.9994645874763652 0.03271908282178692 -4.275536379035276e-20
    outer loop
      vertex 18.4 -10.5 6
      vertex 18.403425722818234 -10.604645006768228 6
      vertex 18.403425722818234 -10.604645006768228 0
    endloop
  endfacet
  facet normal 0.9994645874763652 -0.03271908282178692 4.275536379035276e-20
    outer loop
      vertex 18.403425722818234 -10.395354993231772 6
      vertex 18.4 -10.5 6
      vertex 18.4 -10.5 0
    endloop
  endfacet
  facet normal 0.9951847266721981 -0.09801714032954799 6.710551153201461e-20
    outer loop
      vertex 18.413688221801902 -10.291158092447917 6
      vertex 18.403425722818234 -10.395354993231772 6
      vertex 18.403425722818234 -10.395354993231772 0
    endloop
  endfacet
  facet normal 0.9866433320848786 -0.16289547339459093 -7.821833038869354e-20
    outer loop
      vertex 18.43074355135483 -10.187855484774195 6
      vertex 18.413688221801902 -10.291158092447917 6
      vertex 18.413688221801902 -10.291158092447917 0
    endloop
  endfacet
  facet normal 0.8128466845916131 0.582477696867805 5.861982205712528e-20
    outer loop
      vertex 18.66964862031593 -11.388912372831363 6
      vertex 18.730634655534026 -11.474018286413953 6
      vertex 18.730634655534026 -11.474018286413953 0
    endloop
  endfacet
  facet normal 0.8492021815265732 0.5280678506503769 -8.377212060445863e-20
    outer loop
      vertex 18.6143593539449 -11.3 6
      vertex 18.66964862031593 -11.388912372831363 6
      vertex 18.66964862031593 -11.388912372831363 0
    endloop
  endfacet
  facet normal 0.8819212643483543 0.47139673682599903 -4.678879683120915e-19
    outer loop
      vertex 18.5650036135477 -11.207661904350402 6
      vertex 18.6143593539449 -11.3 6
      vertex 18.6143593539449 -11.3 0
    endloop
  endfacet
  facet normal 0.7730104533627468 0.6343932841636333 -4.357593144018071e-19
    outer loop
      vertex 18.730634655534026 -11.474018286413953 6
      vertex 18.797056308033635 -11.55495330416011 6
      vertex 18.797056308033635 -11.55495330416011 0
    endloop
  endfacet
  facet normal 0.47139673682599903 0.8819212643483543 0
    outer loop
      vertex 19.292338095649598 -11.934996386452301 0
      vertex 19.2 -11.885640646055101 6
      vertex 19.292338095649598 -11.934996386452301 6
    endloop
  endfacet
  facet normal 0.41270702980439566 0.9108638249211753 0
    outer loop
      vertex 19.387706508215857 -11.97820725201806 0
      vertex 19.292338095649598 -11.934996386452301 6
      vertex 19.387706508215857 -11.97820725201806 6
    endloop
  endfacet
  facet normal 0.3522500479212364 0.9359059267573246 0
    outer loop
      vertex 19.48569685551494 -12.01508820719217 0
      vertex 19.387706508215857 -11.97820725201806 6
      vertex 19.48569685551494 -12.01508820719217 6
    endloop
  endfacet
  facet normal 0.29028467725445295 0.9569403357322117 0
    outer loop
      vertex 19.585889527835967 -12.045481322062509 0
      vertex 19.48569685551494 -12.01508820719217 6
      vertex 19.585889527835967 -12.045481322062509 6
    endloop
  endfacet
  facet normal 0.22707626303437775 0.9738769792773325 0
    outer loop
      vertex 19.687855484774193 -12.069256448645168 0
      vertex 19.585889527835967 -12.045481322062509 6
      vertex 19.687855484774193 -12.069256448645168 6
    endloop
  endfacet
  facet normal 0.16289547339458546 0.9866433320848794 -7.176641335170746e-20
    outer loop
      vertex 19.687855484774193 -12.069256448645168 6
      vertex 19.79115809244792 -12.086311778198096 6
      vertex 19.79115809244792 -12.086311778198096 0
    endloop
  endfacet
  facet normal 0.0980171403295681 0.995184726672196 0
    outer loop
      vertex 19.89535499323177 -12.096574277181766 0
      vertex 19.79115809244792 -12.086311778198096 6
      vertex 19.89535499323177 -12.096574277181766 6
    endloop
  endfacet
  facet normal 0.03271908282176942 0.9994645874763659 0
    outer loop
      vertex 20 -12.1 0
      vertex 19.89535499323177 -12.096574277181766 6
      vertex 20 -12.1 6
    endloop
  endfacet
  facet normal -0.03271908282176942 0.9994645874763659 0
    outer loop
      vertex 20.10464500676823 -12.096574277181766 0
      vertex 20 -12.1 6
      vertex 20.10464500676823 -12.096574277181766 6
    endloop
  endfacet
  facet normal -0.0980171403295681 0.995184726672196 0
    outer loop
      vertex 20.20884190755208 -12.086311778198096 0
      vertex 20.10464500676823 -12.096574277181766 6
      vertex 20.20884190755208 -12.086311778198096 6
    endloop
  endfacet
  facet normal -0.16289547339458546 0.9866433320848794 0
    outer loop
      vertex 20.312144515225807 -12.069256448645168 0
      vertex 20.20884190755208 -12.086311778198096 6
      vertex 20.312144515225807 -12.069256448645168 6
    endloop
  endfacet
  facet normal -0.22707626303437775 0.9738769792773325 0
    outer loop
      vertex 20.414110472164033 -12.045481322062509 0
      vertex 20.312144515225807 -12.069256448645168 6
      vertex 20.414110472164033 -12.045481322062509 6
    endloop
  endfacet
  facet normal -0.29028467725445295 0.9569403357322117 0
    outer loop
      vertex 20.51430314448506 -12.01508820719217 0
      vertex 20.414110472164033 -12.045481322062509 6
      vertex 20.51430314448506 -12.01508820719217 6
    endloop
  endfacet
  facet normal 0.9738769792773335 -0.227076263034374 2.2623456336696043e-20
    outer loop
      vertex 18.45451867793749 -10.085889527835967 6
      vertex 18.43074355135483 -10.187855484774195 6
      vertex 18.43074355135483 -10.187855484774195 0
    endloop
  endfacet
  facet normal 0.9569403357322023 -0.29028467725448404 2.427820613905926e-19
    outer loop
      vertex 18.484911792807832 -9.985696855514941 6
      vertex 18.45451867793749 -10.085889527835967 6
      vertex 18.45451867793749 -10.085889527835967 0
    endloop
  endfacet
  facet normal 0.9359059267573302 -0.3522500479212215 -2.0259954545524266e-20
    outer loop
      vertex 18.52179274798194 -9.887706508215857 6
      vertex 18.484911792807832 -9.985696855514941 6
      vertex 18.484911792807832 -9.985696855514941 0
    endloop
  endfacet
  facet normal 0.9108638249211753 -0.41270702980439566 -2.0149885172221178e-19
    outer loop
      vertex 18.5650036135477 -9.792338095649598 6
      vertex 18.52179274798194 -9.887706508215857 6
      vertex 18.52179274798194 -9.887706508215857 0
    endloop
  endfacet
  facet normal 0.8819212643483543 -0.47139673682599903 4.678879683120915e-19
    outer loop
      vertex 18.6143593539449 -9.7 6
      vertex 18.5650036135477 -9.792338095649598 6
      vertex 18.5650036135477 -9.792338095649598 0
    endloop
  endfacet
  facet normal 0.8492021815265732 -0.5280678506503769 8.377212060445863e-20
    outer loop
      vertex 18.66964862031593 -9.611087627168637 6
      vertex 18.6143593539449 -9.7 6
      vertex 18.6143593539449 -9.7 0
    endloop
  endfacet
  facet normal 0.8128466845916131 -0.582477696867805 -5.861982205712528e-20
    outer loop
      vertex 18.730634655534026 -9.525981713586047 6
      vertex 18.66964862031593 -9.611087627168637 6
      vertex 18.66964862031593 -9.611087627168637 0
    endloop
  endfacet
  facet normal 0.7730104533627468 -0.6343932841636333 4.357593144018071e-19
    outer loop
      vertex 18.797056308033635 -9.44504669583989 6
      vertex 18.730634655534026 -9.525981713586047 6
      vertex 18.730634655534026 -9.525981713586047 0
    endloop
  endfacet
  facet normal 0.7298640726978384 -0.6835923020228684 1.1786341327805747e-19
    outer loop
      vertex 18.868629150101523 -9.368629150101524 6
      vertex 18.797056308033635 -9.44504669583989 6
      vertex 18.797056308033635 -9.44504669583989 0
    endloop
  endfacet
  facet normal 0.6835923020228775 -0.7298640726978299 0
    outer loop
      vertex 18.868629150101523 -9.368629150101524 6
      vertex 18.868629150101523 -9.368629150101524 0
      vertex 18.94504669583989 -9.297056308033635 6
    endloop
  endfacet
  facet normal 0.6343932841636268 -0.7730104533627522 0
    outer loop
      vertex 18.94504669583989 -9.297056308033635 6
      vertex 18.94504669583989 -9.297056308033635 0
      vertex 19.02598171358605 -9.230634655534024 6
    endloop
  endfacet
  facet normal 0.5824776968678131 -0.8128466845916075 0
    outer loop
      vertex 19.02598171358605 -9.230634655534024 0
      vertex 19.111087627168637 -9.169648620315927 6
      vertex 19.02598171358605 -9.230634655534024 6
    endloop
  endfacet
  facet normal 0.5280678506503647 -0.8492021815265809 0
    outer loop
      vertex 19.111087627168637 -9.169648620315927 0
      vertex 19.2 -9.114359353944899 6
      vertex 19.111087627168637 -9.169648620315927 6
    endloop
  endfacet
  facet normal 0.47139673682599903 -0.8819212643483543 0
    outer loop
      vertex 19.2 -9.114359353944899 0
      vertex 19.292338095649598 -9.065003613547699 6
      vertex 19.2 -9.114359353944899 6
    endloop
  endfacet
  facet normal 0.41270702980439566 -0.9108638249211753 0
    outer loop
      vertex 19.292338095649598 -9.065003613547699 0
      vertex 19.387706508215857 -9.02179274798194 6
      vertex 19.292338095649598 -9.065003613547699 6
    endloop
  endfacet
  facet normal 0.3522500479212364 -0.9359059267573246 0
    outer loop
      vertex 19.387706508215857 -9.02179274798194 0
      vertex 19.48569685551494 -8.98491179280783 6
      vertex 19.387706508215857 -9.02179274798194 6
    endloop
  endfacet
  facet normal 0.29028467725445295 -0.9569403357322117 0
    outer loop
      vertex 19.48569685551494 -8.98491179280783 0
      vertex 19.585889527835967 -8.954518677937491 6
      vertex 19.48569685551494 -8.98491179280783 6
    endloop
  endfacet
  facet normal 0.22707626303437775 -0.9738769792773325 0
    outer loop
      vertex 19.585889527835967 -8.954518677937491 0
      vertex 19.687855484774193 -8.930743551354832 6
      vertex 19.585889527835967 -8.954518677937491 6
    endloop
  endfacet
  facet normal 0.16289547339458546 -0.9866433320848794 0
    outer loop
      vertex 19.687855484774193 -8.930743551354832 0
      vertex 19.79115809244792 -8.913688221801904 6
      vertex 19.687855484774193 -8.930743551354832 6
    endloop
  endfacet
  facet normal 0.0980171403295681 -0.995184726672196 0
    outer loop
      vertex 19.79115809244792 -8.913688221801904 0
      vertex 19.89535499323177 -8.903425722818234 6
      vertex 19.79115809244792 -8.913688221801904 6
    endloop
  endfacet
  facet normal 0.03271908282176942 -0.9994645874763659 0
    outer loop
      vertex 19.89535499323177 -8.903425722818234 0
      vertex 20 -8.9 6
      vertex 19.89535499323177 -8.903425722818234 6
    endloop
  endfacet
  facet normal -0.03271908282176942 -0.9994645874763659 0
    outer loop
      vertex 20 -8.9 0
      vertex 20.10464500676823 -8.903425722818234 6
      vertex 20 -8.9 6
    endloop
  endfacet
  facet normal -0.0980171403295681 -0.995184726672196 0
    outer loop
      vertex 20.10464500676823 -8.903425722818234 0
      vertex 20.20884190755208 -8.913688221801904 6
      vertex 20.10464500676823 -8.903425722818234 6
    endloop
  endfacet
  facet normal -0.16289547339458546 -0.9866433320848794 0
    outer loop
      vertex 20.20884190755208 -8.913688221801904 0
      vertex 20.312144515225807 -8.930743551354832 6
      vertex 20.20884190755208 -8.913688221801904 6
    endloop
  endfacet
  facet normal -0.22707626303437775 -0.9738769792773325 0
    outer loop
      vertex 20.312144515225807 -8.930743551354832 0
      vertex 20.414110472164033 -8.954518677937491 6
      vertex 20.312144515225807 -8.930743551354832 6
    endloop
  endfacet
  facet normal -0.29028467725445295 -0.9569403357322117 0
    outer loop
      vertex 20.414110472164033 -8.954518677937491 0
      vertex 20.51430314448506 -8.98491179280783 6
      vertex 20.414110472164033 -8.954518677937491 6
    endloop
  endfacet
  facet normal -0.3522500479212364 0.9359059267573246 0
    outer loop
      vertex 20.612293491784143 -11.97820725201806 6
      vertex 20.612293491784143 -11.97820725201806 0
      vertex 20.51430314448506 -12.01508820719217 6
    endloop
  endfacet
  facet normal -0.41270702980439566 0.9108638249211753 0
    outer loop
      vertex 20.707661904350402 -11.934996386452301 6
      vertex 20.707661904350402 -11.934996386452301 0
      vertex 20.612293491784143 -11.97820725201806 6
    endloop
  endfacet
  facet normal -0.47139673682599903 0.8819212643483543 0
    outer loop
      vertex 20.8 -11.885640646055101 6
      vertex 20.8 -11.885640646055101 0
      vertex 20.707661904350402 -11.934996386452301 6
    endloop
  endfacet
  facet normal -0.5280678506503647 0.8492021815265809 0
    outer loop
      vertex 20.888912372831363 -11.830351379684073 6
      vertex 20.888912372831363 -11.830351379684073 0
      vertex 20.8 -11.885640646055101 6
    endloop
  endfacet
  facet normal -0.5824776968678131 0.8128466845916075 0
    outer loop
      vertex 20.97401828641395 -11.769365344465976 6
      vertex 20.97401828641395 -11.769365344465976 0
      vertex 20.888912372831363 -11.830351379684073 6
    endloop
  endfacet
  facet normal -0.6343932841636268 0.7730104533627522 0
    outer loop
      vertex 21.05495330416011 -11.702943691966365 6
      vertex 21.05495330416011 -11.702943691966365 0
      vertex 20.97401828641395 -11.769365344465976 6
    endloop
  endfacet
  facet normal -0.6835923020228775 0.7298640726978299 0
    outer loop
      vertex 21.131370849898477 -11.631370849898476 6
      vertex 21.131370849898477 -11.631370849898476 0
      vertex 21.05495330416011 -11.702943691966365 6
    endloop
  endfacet
  facet normal -0.7298640726978384 0.6835923020228684 1.1786341327805747e-19
    outer loop
      vertex 21.131370849898477 -11.631370849898476 6
      vertex 21.202943691966365 -11.55495330416011 6
      vertex 21.202943691966365 -11.55495330416011 0
    endloop
  endfacet
  facet normal -0.7730104533627468 0.6343932841636333 4.357593144018071e-19
    outer loop
      vertex 21.202943691966365 -11.55495330416011 6
      vertex 21.269365344465974 -11.474018286413953 6
      vertex 21.269365344465974 -11.474018286413953 0
    endloop
  endfacet
  facet normal -0.8128466845916131 0.582477696867805 0
    outer loop
      vertex 21.33035137968407 -11.388912372831363 0
      vertex 21.269365344465974 -11.474018286413953 6
      vertex 21.33035137968407 -11.388912372831363 6
    endloop
  endfacet
  facet normal -0.8492021815265732 0.5280678506503769 0
    outer loop
      vertex 21.3856406460551 -11.3 0
      vertex 21.33035137968407 -11.388912372831363 6
      vertex 21.3856406460551 -11.3 6
    endloop
  endfacet
  facet normal -0.8819212643483543 0.47139673682599903 0
    outer loop
      vertex 21.4349963864523 -11.207661904350402 0
      vertex 21.3856406460551 -11.3 6
      vertex 21.4349963864523 -11.207661904350402 6
    endloop
  endfacet
  facet normal -0.9108638249211753 0.41270702980439566 0
    outer loop
      vertex 21.47820725201806 -11.112293491784143 0
      vertex 21.4349963864523 -11.207661904350402 6
      vertex 21.47820725201806 -11.112293491784143 6
    endloop
  endfacet
  facet normal -0.9359059267573302 0.3522500479212215 0
    outer loop
      vertex 21.515088207192168 -11.014303144485059 0
      vertex 21.47820725201806 -11.112293491784143 6
      vertex 21.515088207192168 -11.014303144485059 6
    endloop
  endfacet
  facet normal -0.9569403357322023 0.29028467725448404 0
    outer loop
      vertex 21.54548132206251 -10.914110472164033 0
      vertex 21.515088207192168 -11.014303144485059 6
      vertex 21.54548132206251 -10.914110472164033 6
    endloop
  endfacet
  facet normal -0.9738769792773335 0.227076263034374 0
    outer loop
      vertex 21.56925644864517 -10.812144515225805 0
      vertex 21.54548132206251 -10.914110472164033 6
      vertex 21.56925644864517 -10.812144515225805 6
    endloop
  endfacet
  facet normal -0.9866433320848786 0.16289547339459093 0
    outer loop
      vertex 21.586311778198098 -10.708841907552083 0
      vertex 21.56925644864517 -10.812144515225805 6
      vertex 21.586311778198098 -10.708841907552083 6
    endloop
  endfacet
  facet normal -0.9951847266721981 0.09801714032954799 0
    outer loop
      vertex 21.596574277181766 -10.604645006768228 0
      vertex 21.586311778198098 -10.708841907552083 6
      vertex 21.596574277181766 -10.604645006768228 6
    endloop
  endfacet
  facet normal -0.9994645874763652 0.03271908282178692 0
    outer loop
      vertex 21.6 -10.5 0
      vertex 21.596574277181766 -10.604645006768228 6
      vertex 21.6 -10.5 6
    endloop
  endfacet
  facet normal -0.9994645874763652 -0.03271908282178692 0
    outer loop
      vertex 21.596574277181766 -10.395354993231772 0
      vertex 21.6 -10.5 6
      vertex 21.596574277181766 -10.395354993231772 6
    endloop
  endfacet
  facet normal -0.9951847266721981 -0.09801714032954799 0
    outer loop
      vertex 21.586311778198098 -10.291158092447917 0
      vertex 21.596574277181766 -10.395354993231772 6
      vertex 21.586311778198098 -10.291158092447917 6
    endloop
  endfacet
  facet normal -0.3522500479212364 -0.9359059267573246 0
    outer loop
      vertex 20.51430314448506 -8.98491179280783 6
      vertex 20.51430314448506 -8.98491179280783 0
      vertex 20.612293491784143 -9.02179274798194 6
    endloop
  endfacet
  facet normal -0.41270702980439566 -0.9108638249211753 0
    outer loop
      vertex 20.612293491784143 -9.02179274798194 6
      vertex 20.612293491784143 -9.02179274798194 0
      vertex 20.707661904350402 -9.065003613547699 6
    endloop
  endfacet
  facet normal -0.47139673682599903 -0.8819212643483543 0
    outer loop
      vertex 20.707661904350402 -9.065003613547699 6
      vertex 20.707661904350402 -9.065003613547699 0
      vertex 20.8 -9.114359353944899 6
    endloop
  endfacet
  facet normal -0.6835923020228775 -0.7298640726978299 0
    outer loop
      vertex 21.05495330416011 -9.297056308033635 6
      vertex 21.05495330416011 -9.297056308033635 0
      vertex 21.131370849898477 -9.368629150101524 6
    endloop
  endfacet
  facet normal -0.5280678506503647 -0.8492021815265809 0
    outer loop
      vertex 20.8 -9.114359353944899 6
      vertex 20.8 -9.114359353944899 0
      vertex 20.888912372831363 -9.169648620315927 6
    endloop
  endfacet
  facet normal -0.5824776968678131 -0.8128466845916075 0
    outer loop
      vertex 20.888912372831363 -9.169648620315927 6
      vertex 20.888912372831363 -9.169648620315927 0
      vertex 20.97401828641395 -9.230634655534024 6
    endloop
  endfacet
  facet normal -0.6343932841636268 -0.7730104533627522 0
    outer loop
      vertex 20.97401828641395 -9.230634655534024 6
      vertex 20.97401828641395 -9.230634655534024 0
      vertex 21.05495330416011 -9.297056308033635 6
    endloop
  endfacet
  facet normal -0.9108638249211753 -0.41270702980439566 0
    outer loop
      vertex 21.4349963864523 -9.792338095649598 0
      vertex 21.47820725201806 -9.887706508215857 6
      vertex 21.4349963864523 -9.792338095649598 6
    endloop
  endfacet
  facet normal -0.8492021815265732 -0.5280678506503769 -8.377212060445863e-20
    outer loop
      vertex 21.3856406460551 -9.7 6
      vertex 21.33035137968407 -9.611087627168637 6
      vertex 21.33035137968407 -9.611087627168637 0
    endloop
  endfacet
  facet normal -0.8819212643483543 -0.47139673682599903 0
    outer loop
      vertex 21.3856406460551 -9.7 0
      vertex 21.4349963864523 -9.792338095649598 6
      vertex 21.3856406460551 -9.7 6
    endloop
  endfacet
  facet normal -0.9866433320848786 -0.16289547339459093 0
    outer loop
      vertex 21.56925644864517 -10.187855484774195 0
      vertex 21.586311778198098 -10.291158092447917 6
      vertex 21.56925644864517 -10.187855484774195 6
    endloop
  endfacet
  facet normal -0.9738769792773335 -0.227076263034374 0
    outer loop
      vertex 21.54548132206251 -10.085889527835967 0
      vertex 21.56925644864517 -10.187855484774195 6
      vertex 21.54548132206251 -10.085889527835967 6
    endloop
  endfacet
  facet normal -0.9569403357322023 -0.29028467725448404 0
    outer loop
      vertex 21.515088207192168 -9.985696855514941 0
      vertex 21.54548132206251 -10.085889527835967 6
      vertex 21.515088207192168 -9.985696855514941 6
    endloop
  endfacet
  facet normal -0.9359059267573302 -0.3522500479212215 0
    outer loop
      vertex 21.47820725201806 -9.887706508215857 0
      vertex 21.515088207192168 -9.985696855514941 6
      vertex 21.47820725201806 -9.887706508215857 6
    endloop
  endfacet
  facet normal -0.8128466845916131 -0.582477696867805 5.861982205712528e-20
    outer loop
      vertex 21.33035137968407 -9.611087627168637 6
      vertex 21.269365344465974 -9.525981713586047 6
      vertex 21.269365344465974 -9.525981713586047 0
    endloop
  endfacet
  facet normal -0.7730104533627468 -0.6343932841636333 -4.357593144018071e-19
    outer loop
      vertex 21.269365344465974 -9.525981713586047 6
      vertex 21.202943691966365 -9.44504669583989 6
      vertex 21.202943691966365 -9.44504669583989 0
    endloop
  endfacet
  facet normal -0.7298640726978384 -0.6835923020228684 -1.1786341327805747e-19
    outer loop
      vertex 21.202943691966365 -9.44504669583989 6
      vertex 21.131370849898477 -9.368629150101524 6
      vertex 21.131370849898477 -9.368629150101524 0
    endloop
  endfacet
  facet normal 0.7298640726978384 0.6835923020228684 -1.1786341327805747e-19
    outer loop
      vertex -21.131370849898477 -11.631370849898476 0
      vertex -21.202943691966365 -11.55495330416011 0
      vertex -21.202943691966365 -11.55495330416011 6
    endloop
  endfacet
  facet normal 0.6343932841636268 0.7730104533627522 0
    outer loop
      vertex -21.05495330416011 -11.702943691966365 0
      vertex -21.05495330416011 -11.702943691966365 6
      vertex -20.97401828641395 -11.769365344465976 0
    endloop
  endfacet
  facet normal 0.6835923020228775 0.7298640726978299 5.681576912344924e-19
    outer loop
      vertex -21.05495330416011 -11.702943691966365 0
      vertex -21.131370849898477 -11.631370849898476 0
      vertex -21.131370849898477 -11.631370849898476 6
    endloop
  endfacet
  facet normal 0.5824776968678131 0.8128466845916075 0
    outer loop
      vertex -20.97401828641395 -11.769365344465976 0
      vertex -20.97401828641395 -11.769365344465976 6
      vertex -20.888912372831363 -11.830351379684073 0
    endloop
  endfacet
  facet normal 0.5280678506503647 0.8492021815265809 0
    outer loop
      vertex -20.888912372831363 -11.830351379684073 0
      vertex -20.888912372831363 -11.830351379684073 6
      vertex -20.8 -11.885640646055101 0
    endloop
  endfacet
  facet normal 0.47139673682599903 0.8819212643483543 0
    outer loop
      vertex -20.8 -11.885640646055101 0
      vertex -20.8 -11.885640646055101 6
      vertex -20.707661904350402 -11.934996386452301 0
    endloop
  endfacet
  facet normal 0.41270702980439566 0.9108638249211753 0
    outer loop
      vertex -20.707661904350402 -11.934996386452301 6
      vertex -20.612293491784143 -11.97820725201806 0
      vertex -20.707661904350402 -11.934996386452301 0
    endloop
  endfacet
  facet normal 0.3522500479212364 0.9359059267573246 0
    outer loop
      vertex -20.612293491784143 -11.97820725201806 0
      vertex -20.612293491784143 -11.97820725201806 6
      vertex -20.51430314448506 -12.01508820719217 0
    endloop
  endfacet
  facet normal 0.9108638249211753 0.41270702980439566 2.0149885172221178e-19
    outer loop
      vertex -21.4349963864523 -11.207661904350402 0
      vertex -21.47820725201806 -11.112293491784143 0
      vertex -21.47820725201806 -11.112293491784143 6
    endloop
  endfacet
  facet normal 0.9359059267573302 0.3522500479212215 2.0259954545524266e-20
    outer loop
      vertex -21.47820725201806 -11.112293491784143 0
      vertex -21.515088207192168 -11.014303144485059 0
      vertex -21.515088207192168 -11.014303144485059 6
    endloop
  endfacet
  facet normal 0.9569403357322023 0.29028467725448404 -2.427820613905926e-19
    outer loop
      vertex -21.515088207192168 -11.014303144485059 0
      vertex -21.54548132206251 -10.914110472164033 0
      vertex -21.54548132206251 -10.914110472164033 6
    endloop
  endfacet
  facet normal 0.8128466845916131 0.582477696867805 5.861982205712528e-20
    outer loop
      vertex -21.269365344465974 -11.474018286413953 0
      vertex -21.33035137968407 -11.388912372831363 0
      vertex -21.33035137968407 -11.388912372831363 6
    endloop
  endfacet
  facet normal 0.8819212643483543 0.47139673682599903 -4.678879683120915e-19
    outer loop
      vertex -21.3856406460551 -11.3 0
      vertex -21.4349963864523 -11.207661904350402 0
      vertex -21.4349963864523 -11.207661904350402 6
    endloop
  endfacet
  facet normal 0.8492021815265732 0.5280678506503769 -8.377212060445863e-20
    outer loop
      vertex -21.33035137968407 -11.388912372831363 0
      vertex -21.3856406460551 -11.3 0
      vertex -21.3856406460551 -11.3 6
    endloop
  endfacet
  facet normal 0.7730104533627468 0.6343932841636333 -4.357593144018071e-19
    outer loop
      vertex -21.202943691966365 -11.55495330416011 0
      vertex -21.269365344465974 -11.474018286413953 0
      vertex -21.269365344465974 -11.474018286413953 6
    endloop
  endfacet
  facet normal 0.9738769792773335 0.227076263034374 -2.2623456336696043e-20
    outer loop
      vertex -21.54548132206251 -10.914110472164033 0
      vertex -21.56925644864517 -10.812144515225805 0
      vertex -21.56925644864517 -10.812144515225805 6
    endloop
  endfacet
  facet normal 0.9866433320848786 0.16289547339459093 7.821833038869354e-20
    outer loop
      vertex -21.56925644864517 -10.812144515225805 0
      vertex -21.586311778198098 -10.708841907552083 0
      vertex -21.586311778198098 -10.708841907552083 6
    endloop
  endfacet
  facet normal 0.9951847266721981 0.09801714032954799 -6.710551153201461e-20
    outer loop
      vertex -21.586311778198098 -10.708841907552083 0
      vertex -21.596574277181766 -10.604645006768228 0
      vertex -21.596574277181766 -10.604645006768228 6
    endloop
  endfacet
  facet normal 0.9994645874763652 0.03271908282178692 -4.275536379035276e-20
    outer loop
      vertex -21.596574277181766 -10.604645006768228 0
      vertex -21.6 -10.5 0
      vertex -21.6 -10.5 6
    endloop
  endfacet
  facet normal 0.9994645874763652 -0.03271908282178692 4.275536379035276e-20
    outer loop
      vertex -21.6 -10.5 0
      vertex -21.596574277181766 -10.395354993231772 0
      vertex -21.596574277181766 -10.395354993231772 6
    endloop
  endfacet
  facet normal 0.9951847266721981 -0.09801714032954799 6.710551153201461e-20
    outer loop
      vertex -21.596574277181766 -10.395354993231772 0
      vertex -21.586311778198098 -10.291158092447917 0
      vertex -21.586311778198098 -10.291158092447917 6
    endloop
  endfacet
  facet normal 0.9866433320848786 -0.16289547339459093 -7.821833038869354e-20
    outer loop
      vertex -21.586311778198098 -10.291158092447917 0
      vertex -21.56925644864517 -10.187855484774195 0
      vertex -21.56925644864517 -10.187855484774195 6
    endloop
  endfacet
  facet normal 0.9738769792773335 -0.227076263034374 2.2623456336696043e-20
    outer loop
      vertex -21.56925644864517 -10.187855484774195 0
      vertex -21.54548132206251 -10.085889527835967 0
      vertex -21.54548132206251 -10.085889527835967 6
    endloop
  endfacet
  facet normal 0.9569403357322023 -0.29028467725448404 2.427820613905926e-19
    outer loop
      vertex -21.54548132206251 -10.085889527835967 0
      vertex -21.515088207192168 -9.985696855514941 0
      vertex -21.515088207192168 -9.985696855514941 6
    endloop
  endfacet
  facet normal 0.9359059267573302 -0.3522500479212215 -2.0259954545524266e-20
    outer loop
      vertex -21.515088207192168 -9.985696855514941 0
      vertex -21.47820725201806 -9.887706508215857 0
      vertex -21.47820725201806 -9.887706508215857 6
    endloop
  endfacet
  facet normal 0.9108638249211753 -0.41270702980439566 -2.0149885172221178e-19
    outer loop
      vertex -21.47820725201806 -9.887706508215857 0
      vertex -21.4349963864523 -9.792338095649598 0
      vertex -21.4349963864523 -9.792338095649598 6
    endloop
  endfacet
  facet normal 0.8819212643483543 -0.47139673682599903 4.678879683120915e-19
    outer loop
      vertex -21.4349963864523 -9.792338095649598 0
      vertex -21.3856406460551 -9.7 0
      vertex -21.3856406460551 -9.7 6
    endloop
  endfacet
  facet normal 0.8492021815265732 -0.5280678506503769 8.377212060445863e-20
    outer loop
      vertex -21.3856406460551 -9.7 0
      vertex -21.33035137968407 -9.611087627168637 0
      vertex -21.33035137968407 -9.611087627168637 6
    endloop
  endfacet
  facet normal 0.8128466845916131 -0.582477696867805 -5.861982205712528e-20
    outer loop
      vertex -21.33035137968407 -9.611087627168637 0
      vertex -21.269365344465974 -9.525981713586047 0
      vertex -21.269365344465974 -9.525981713586047 6
    endloop
  endfacet
  facet normal 0.7730104533627468 -0.6343932841636333 4.357593144018071e-19
    outer loop
      vertex -21.269365344465974 -9.525981713586047 0
      vertex -21.202943691966365 -9.44504669583989 0
      vertex -21.202943691966365 -9.44504669583989 6
    endloop
  endfacet
  facet normal 0.7298640726978384 -0.6835923020228684 1.1786341327805747e-19
    outer loop
      vertex -21.202943691966365 -9.44504669583989 0
      vertex -21.131370849898477 -9.368629150101524 0
      vertex -21.131370849898477 -9.368629150101524 6
    endloop
  endfacet
  facet normal 0.6835923020228775 -0.7298640726978299 0
    outer loop
      vertex -21.05495330416011 -9.297056308033635 0
      vertex -21.05495330416011 -9.297056308033635 6
      vertex -21.131370849898477 -9.368629150101524 0
    endloop
  endfacet
  facet normal 0.6343932841636268 -0.7730104533627522 0
    outer loop
      vertex -20.97401828641395 -9.230634655534024 0
      vertex -20.97401828641395 -9.230634655534024 6
      vertex -21.05495330416011 -9.297056308033635 0
    endloop
  endfacet
  facet normal 0.5824776968678131 -0.8128466845916075 0
    outer loop
      vertex -20.888912372831363 -9.169648620315927 0
      vertex -20.888912372831363 -9.169648620315927 6
      vertex -20.97401828641395 -9.230634655534024 0
    endloop
  endfacet
  facet normal 0.5280678506503647 -0.8492021815265809 0
    outer loop
      vertex -20.8 -9.114359353944899 0
      vertex -20.8 -9.114359353944899 6
      vertex -20.888912372831363 -9.169648620315927 0
    endloop
  endfacet
  facet normal 0.47139673682599903 -0.8819212643483543 0
    outer loop
      vertex -20.707661904350402 -9.065003613547699 0
      vertex -20.707661904350402 -9.065003613547699 6
      vertex -20.8 -9.114359353944899 0
    endloop
  endfacet
  facet normal 0.41270702980439566 -0.9108638249211753 0
    outer loop
      vertex -20.612293491784143 -9.02179274798194 0
      vertex -20.612293491784143 -9.02179274798194 6
      vertex -20.707661904350402 -9.065003613547699 0
    endloop
  endfacet
  facet normal 0.3522500479212364 -0.9359059267573246 0
    outer loop
      vertex -20.51430314448506 -8.98491179280783 0
      vertex -20.51430314448506 -8.98491179280783 6
      vertex -20.612293491784143 -9.02179274798194 0
    endloop
  endfacet
  facet normal 0.29028467725445295 0.9569403357322117 0
    outer loop
      vertex -20.51430314448506 -12.01508820719217 6
      vertex -20.414110472164033 -12.045481322062509 0
      vertex -20.51430314448506 -12.01508820719217 0
    endloop
  endfacet
  facet normal 0.22707626303437775 0.9738769792773325 0
    outer loop
      vertex -20.414110472164033 -12.045481322062509 6
      vertex -20.312144515225807 -12.069256448645168 0
      vertex -20.414110472164033 -12.045481322062509 0
    endloop
  endfacet
  facet normal 0.16289547339458546 0.9866433320848794 0
    outer loop
      vertex -20.312144515225807 -12.069256448645168 6
      vertex -20.20884190755208 -12.086311778198096 0
      vertex -20.312144515225807 -12.069256448645168 0
    endloop
  endfacet
  facet normal 0.0980171403295681 0.995184726672196 0
    outer loop
      vertex -20.20884190755208 -12.086311778198096 6
      vertex -20.10464500676823 -12.096574277181766 0
      vertex -20.20884190755208 -12.086311778198096 0
    endloop
  endfacet
  facet normal 0.03271908282176942 0.9994645874763659 0
    outer loop
      vertex -20.10464500676823 -12.096574277181766 6
      vertex -20 -12.1 0
      vertex -20.10464500676823 -12.096574277181766 0
    endloop
  endfacet
  facet normal -0.03271908282176942 0.9994645874763659 0
    outer loop
      vertex -20 -12.1 6
      vertex -19.89535499323177 -12.096574277181766 0
      vertex -20 -12.1 0
    endloop
  endfacet
  facet normal -0.0980171403295681 0.995184726672196 0
    outer loop
      vertex -19.89535499323177 -12.096574277181766 6
      vertex -19.79115809244792 -12.086311778198096 0
      vertex -19.89535499323177 -12.096574277181766 0
    endloop
  endfacet
  facet normal -0.16289547339458546 0.9866433320848794 0
    outer loop
      vertex -19.79115809244792 -12.086311778198096 6
      vertex -19.687855484774193 -12.069256448645168 0
      vertex -19.79115809244792 -12.086311778198096 0
    endloop
  endfacet
  facet normal -0.22707626303437775 0.9738769792773325 0
    outer loop
      vertex -19.687855484774193 -12.069256448645168 0
      vertex -19.687855484774193 -12.069256448645168 6
      vertex -19.585889527835967 -12.045481322062509 0
    endloop
  endfacet
  facet normal -0.29028467725445295 0.9569403357322117 0
    outer loop
      vertex -19.585889527835967 -12.045481322062509 0
      vertex -19.585889527835967 -12.045481322062509 6
      vertex -19.48569685551494 -12.01508820719217 0
    endloop
  endfacet
  facet normal -0.3522500479212364 0.9359059267573246 0
    outer loop
      vertex -19.48569685551494 -12.01508820719217 0
      vertex -19.48569685551494 -12.01508820719217 6
      vertex -19.387706508215857 -11.97820725201806 0
    endloop
  endfacet
  facet normal -0.41270702980439566 0.9108638249211753 0
    outer loop
      vertex -19.387706508215857 -11.97820725201806 0
      vertex -19.387706508215857 -11.97820725201806 6
      vertex -19.292338095649598 -11.934996386452301 0
    endloop
  endfacet
  facet normal -0.47139673682599903 0.8819212643483543 0
    outer loop
      vertex -19.292338095649598 -11.934996386452301 0
      vertex -19.292338095649598 -11.934996386452301 6
      vertex -19.2 -11.885640646055101 0
    endloop
  endfacet
  facet normal -0.5280678506503647 0.8492021815265809 0
    outer loop
      vertex -19.2 -11.885640646055101 0
      vertex -19.2 -11.885640646055101 6
      vertex -19.111087627168637 -11.830351379684073 0
    endloop
  endfacet
  facet normal -0.5824776968678131 0.8128466845916075 0
    outer loop
      vertex -19.111087627168637 -11.830351379684073 0
      vertex -19.111087627168637 -11.830351379684073 6
      vertex -19.02598171358605 -11.769365344465976 0
    endloop
  endfacet
  facet normal -0.6343932841636268 0.7730104533627522 0
    outer loop
      vertex -19.02598171358605 -11.769365344465976 0
      vertex -19.02598171358605 -11.769365344465976 6
      vertex -18.94504669583989 -11.702943691966365 0
    endloop
  endfacet
  facet normal -0.6835923020228775 0.7298640726978299 0
    outer loop
      vertex -18.94504669583989 -11.702943691966365 0
      vertex -18.94504669583989 -11.702943691966365 6
      vertex -18.868629150101523 -11.631370849898476 0
    endloop
  endfacet
  facet normal -0.7298640726978384 0.6835923020228684 0
    outer loop
      vertex -18.868629150101523 -11.631370849898476 0
      vertex -18.868629150101523 -11.631370849898476 6
      vertex -18.797056308033635 -11.55495330416011 0
    endloop
  endfacet
  facet normal -0.7730104533627468 0.6343932841636333 4.357593144018071e-19
    outer loop
      vertex -18.730634655534026 -11.474018286413953 0
      vertex -18.797056308033635 -11.55495330416011 0
      vertex -18.797056308033635 -11.55495330416011 6
    endloop
  endfacet
  facet normal -0.8128466845916131 0.582477696867805 -5.861982205712528e-20
    outer loop
      vertex -18.66964862031593 -11.388912372831363 0
      vertex -18.730634655534026 -11.474018286413953 0
      vertex -18.730634655534026 -11.474018286413953 6
    endloop
  endfacet
  facet normal -0.8492021815265732 0.5280678506503769 8.377212060445863e-20
    outer loop
      vertex -18.6143593539449 -11.3 0
      vertex -18.66964862031593 -11.388912372831363 0
      vertex -18.66964862031593 -11.388912372831363 6
    endloop
  endfacet
  facet normal -0.8819212643483543 0.47139673682599903 4.678879683120915e-19
    outer loop
      vertex -18.5650036135477 -11.207661904350402 0
      vertex -18.6143593539449 -11.3 0
      vertex -18.6143593539449 -11.3 6
    endloop
  endfacet
  facet normal -0.9108638249211753 0.41270702980439566 -2.0149885172221178e-19
    outer loop
      vertex -18.52179274798194 -11.112293491784143 0
      vertex -18.5650036135477 -11.207661904350402 0
      vertex -18.5650036135477 -11.207661904350402 6
    endloop
  endfacet
  facet normal -0.9359059267573302 0.3522500479212215 -2.0259954545524266e-20
    outer loop
      vertex -18.484911792807832 -11.014303144485059 0
      vertex -18.52179274798194 -11.112293491784143 0
      vertex -18.52179274798194 -11.112293491784143 6
    endloop
  endfacet
  facet normal -0.9569403357322023 0.29028467725448404 2.427820613905926e-19
    outer loop
      vertex -18.45451867793749 -10.914110472164033 0
      vertex -18.484911792807832 -11.014303144485059 0
      vertex -18.484911792807832 -11.014303144485059 6
    endloop
  endfacet
  facet normal -0.9738769792773335 0.227076263034374 2.2623456336696043e-20
    outer loop
      vertex -18.43074355135483 -10.812144515225805 0
      vertex -18.45451867793749 -10.914110472164033 0
      vertex -18.45451867793749 -10.914110472164033 6
    endloop
  endfacet
  facet normal -0.9866433320848786 0.16289547339459093 -7.821833038869354e-20
    outer loop
      vertex -18.413688221801902 -10.708841907552083 0
      vertex -18.43074355135483 -10.812144515225805 0
      vertex -18.43074355135483 -10.812144515225805 6
    endloop
  endfacet
  facet normal -0.9951847266721981 0.09801714032954799 6.710551153201461e-20
    outer loop
      vertex -18.403425722818234 -10.604645006768228 0
      vertex -18.413688221801902 -10.708841907552083 0
      vertex -18.413688221801902 -10.708841907552083 6
    endloop
  endfacet
  facet normal -0.9866433320848786 -0.16289547339459093 7.821833038869354e-20
    outer loop
      vertex -18.43074355135483 -10.187855484774195 0
      vertex -18.413688221801902 -10.291158092447917 0
      vertex -18.413688221801902 -10.291158092447917 6
    endloop
  endfacet
  facet normal -0.9994645874763652 0.03271908282178692 4.275536379035276e-20
    outer loop
      vertex -18.4 -10.5 0
      vertex -18.403425722818234 -10.604645006768228 0
      vertex -18.403425722818234 -10.604645006768228 6
    endloop
  endfacet
  facet normal -0.9994645874763652 -0.03271908282178692 -4.275536379035276e-20
    outer loop
      vertex -18.403425722818234 -10.395354993231772 0
      vertex -18.4 -10.5 0
      vertex -18.4 -10.5 6
    endloop
  endfacet
  facet normal -0.9951847266721981 -0.09801714032954799 -6.710551153201461e-20
    outer loop
      vertex -18.413688221801902 -10.291158092447917 0
      vertex -18.403425722818234 -10.395354993231772 0
      vertex -18.403425722818234 -10.395354993231772 6
    endloop
  endfacet
  facet normal -0.29028467725445295 -0.9569403357322117 0
    outer loop
      vertex -19.48569685551494 -8.98491179280783 0
      vertex -19.48569685551494 -8.98491179280783 6
      vertex -19.585889527835967 -8.954518677937491 0
    endloop
  endfacet
  facet normal -0.3522500479212364 -0.9359059267573246 0
    outer loop
      vertex -19.387706508215857 -9.02179274798194 0
      vertex -19.387706508215857 -9.02179274798194 6
      vertex -19.48569685551494 -8.98491179280783 0
    endloop
  endfacet
  facet normal -0.41270702980439566 -0.9108638249211753 0
    outer loop
      vertex -19.292338095649598 -9.065003613547699 0
      vertex -19.292338095649598 -9.065003613547699 6
      vertex -19.387706508215857 -9.02179274798194 0
    endloop
  endfacet
  facet normal -0.47139673682599903 -0.8819212643483543 0
    outer loop
      vertex -19.2 -9.114359353944899 0
      vertex -19.2 -9.114359353944899 6
      vertex -19.292338095649598 -9.065003613547699 0
    endloop
  endfacet
  facet normal 0.29028467725445295 -0.9569403357322117 0
    outer loop
      vertex -20.414110472164033 -8.954518677937491 0
      vertex -20.414110472164033 -8.954518677937491 6
      vertex -20.51430314448506 -8.98491179280783 0
    endloop
  endfacet
  facet normal 0.22707626303437775 -0.9738769792773325 0
    outer loop
      vertex -20.312144515225807 -8.930743551354832 0
      vertex -20.312144515225807 -8.930743551354832 6
      vertex -20.414110472164033 -8.954518677937491 0
    endloop
  endfacet
  facet normal 0.16289547339458546 -0.9866433320848794 0
    outer loop
      vertex -20.20884190755208 -8.913688221801904 0
      vertex -20.20884190755208 -8.913688221801904 6
      vertex -20.312144515225807 -8.930743551354832 0
    endloop
  endfacet
  facet normal 0.0980171403295681 -0.995184726672196 0
    outer loop
      vertex -20.10464500676823 -8.903425722818234 0
      vertex -20.10464500676823 -8.903425722818234 6
      vertex -20.20884190755208 -8.913688221801904 0
    endloop
  endfacet
  facet normal 0.03271908282176942 -0.9994645874763659 0
    outer loop
      vertex -20 -8.9 0
      vertex -20 -8.9 6
      vertex -20.10464500676823 -8.903425722818234 0
    endloop
  endfacet
  facet normal -0.03271908282176942 -0.9994645874763659 0
    outer loop
      vertex -19.89535499323177 -8.903425722818234 0
      vertex -19.89535499323177 -8.903425722818234 6
      vertex -20 -8.9 0
    endloop
  endfacet
  facet normal -0.0980171403295681 -0.995184726672196 0
    outer loop
      vertex -19.79115809244792 -8.913688221801904 0
      vertex -19.79115809244792 -8.913688221801904 6
      vertex -19.89535499323177 -8.903425722818234 0
    endloop
  endfacet
  facet normal -0.16289547339458546 -0.9866433320848794 0
    outer loop
      vertex -19.687855484774193 -8.930743551354832 0
      vertex -19.687855484774193 -8.930743551354832 6
      vertex -19.79115809244792 -8.913688221801904 0
    endloop
  endfacet
  facet normal -0.22707626303437775 -0.9738769792773325 0
    outer loop
      vertex -19.585889527835967 -8.954518677937491 0
      vertex -19.585889527835967 -8.954518677937491 6
      vertex -19.687855484774193 -8.930743551354832 0
    endloop
  endfacet
  facet normal -0.8819212643483543 -0.47139673682599903 -4.678879683120915e-19
    outer loop
      vertex -18.6143593539449 -9.7 0
      vertex -18.5650036135477 -9.792338095649598 0
      vertex -18.5650036135477 -9.792338095649598 6
    endloop
  endfacet
  facet normal -0.8492021815265732 -0.5280678506503769 -8.377212060445863e-20
    outer loop
      vertex -18.66964862031593 -9.611087627168637 0
      vertex -18.6143593539449 -9.7 0
      vertex -18.6143593539449 -9.7 6
    endloop
  endfacet
  facet normal -0.5280678506503647 -0.8492021815265809 0
    outer loop
      vertex -19.111087627168637 -9.169648620315927 0
      vertex -19.111087627168637 -9.169648620315927 6
      vertex -19.2 -9.114359353944899 0
    endloop
  endfacet
  facet normal -0.5824776968678131 -0.8128466845916075 0
    outer loop
      vertex -19.02598171358605 -9.230634655534024 0
      vertex -19.02598171358605 -9.230634655534024 6
      vertex -19.111087627168637 -9.169648620315927 0
    endloop
  endfacet
  facet normal -0.6343932841636268 -0.7730104533627522 0
    outer loop
      vertex -18.94504669583989 -9.297056308033635 0
      vertex -18.94504669583989 -9.297056308033635 6
      vertex -19.02598171358605 -9.230634655534024 0
    endloop
  endfacet
  facet normal -0.7730104533627468 -0.6343932841636333 -4.357593144018071e-19
    outer loop
      vertex -18.797056308033635 -9.44504669583989 0
      vertex -18.730634655534026 -9.525981713586047 0
      vertex -18.730634655534026 -9.525981713586047 6
    endloop
  endfacet
  facet normal -0.7298640726978384 -0.6835923020228684 -1.1786341327805747e-19
    outer loop
      vertex -18.868629150101523 -9.368629150101524 0
      vertex -18.797056308033635 -9.44504669583989 0
      vertex -18.797056308033635 -9.44504669583989 6
    endloop
  endfacet
  facet normal -0.6835923020228775 -0.7298640726978299 5.681576912344924e-19
    outer loop
      vertex -18.94504669583989 -9.297056308033635 0
      vertex -18.868629150101523 -9.368629150101524 0
      vertex -18.868629150101523 -9.368629150101524 6
    endloop
  endfacet
  facet normal -0.8128466845916131 -0.582477696867805 5.861982205712528e-20
    outer loop
      vertex -18.730634655534026 -9.525981713586047 0
      vertex -18.66964862031593 -9.611087627168637 0
      vertex -18.66964862031593 -9.611087627168637 6
    endloop
  endfacet
  facet normal -0.9738769792773335 -0.227076263034374 -2.2623456336696043e-20
    outer loop
      vertex -18.45451867793749 -10.085889527835967 0
      vertex -18.43074355135483 -10.187855484774195 0
      vertex -18.43074355135483 -10.187855484774195 6
    endloop
  endfacet
  facet normal -0.9569403357322023 -0.29028467725448404 -2.427820613905926e-19
    outer loop
      vertex -18.484911792807832 -9.985696855514941 0
      vertex -18.45451867793749 -10.085889527835967 0
      vertex -18.45451867793749 -10.085889527835967 6
    endloop
  endfacet
  facet normal -0.9359059267573302 -0.3522500479212215 2.0259954545524266e-20
    outer loop
      vertex -18.52179274798194 -9.887706508215857 0
      vertex -18.484911792807832 -9.985696855514941 0
      vertex -18.484911792807832 -9.985696855514941 6
    endloop
  endfacet
  facet normal -0.9108638249211753 -0.41270702980439566 2.0149885172221178e-19
    outer loop
      vertex -18.5650036135477 -9.792338095649598 0
      vertex -18.52179274798194 -9.887706508215857 0
      vertex -18.52179274798194 -9.887706508215857 6
    endloop
  endfacet
  facet normal 0.7298640726978384 0.6835923020228684 0
    outer loop
      vertex -21.131370849898477 -11.631370849898476 0
      vertex -21.202943691966365 -11.55495330416011 6
      vertex -21.131370849898477 -11.631370849898476 6
    endloop
  endfacet
  facet normal 0.5280678506503647 0.8492021815265809 0
    outer loop
      vertex -20.8 -11.885640646055101 0
      vertex -20.888912372831363 -11.830351379684073 6
      vertex -20.8 -11.885640646055101 6
    endloop
  endfacet
  facet normal 0.6343932841636268 0.7730104533627522 0
    outer loop
      vertex -20.97401828641395 -11.769365344465976 0
      vertex -21.05495330416011 -11.702943691966365 6
      vertex -20.97401828641395 -11.769365344465976 6
    endloop
  endfacet
  facet normal 0.6835923020228775 0.7298640726978299 0
    outer loop
      vertex -21.05495330416011 -11.702943691966365 0
      vertex -21.131370849898477 -11.631370849898476 6
      vertex -21.05495330416011 -11.702943691966365 6
    endloop
  endfacet
  facet normal 0.5824776968678131 0.8128466845916075 0
    outer loop
      vertex -20.888912372831363 -11.830351379684073 0
      vertex -20.97401828641395 -11.769365344465976 6
      vertex -20.888912372831363 -11.830351379684073 6
    endloop
  endfacet
  facet normal 0.47139673682599903 0.8819212643483543 0
    outer loop
      vertex -20.707661904350402 -11.934996386452301 0
      vertex -20.8 -11.885640646055101 6
      vertex -20.707661904350402 -11.934996386452301 6
    endloop
  endfacet
  facet normal 0.41270702980439566 0.9108638249211753 2.0149885172221178e-19
    outer loop
      vertex -20.707661904350402 -11.934996386452301 6
      vertex -20.612293491784143 -11.97820725201806 6
      vertex -20.612293491784143 -11.97820725201806 0
    endloop
  endfacet
  facet normal 0.3522500479212364 0.9359059267573246 0
    outer loop
      vertex -20.51430314448506 -12.01508820719217 0
      vertex -20.612293491784143 -11.97820725201806 6
      vertex -20.51430314448506 -12.01508820719217 6
    endloop
  endfacet
  facet normal 0.9359059267573302 0.3522500479212215 0
    outer loop
      vertex -21.47820725201806 -11.112293491784143 0
      vertex -21.515088207192168 -11.014303144485059 6
      vertex -21.47820725201806 -11.112293491784143 6
    endloop
  endfacet
  facet normal 0.9569403357322023 0.29028467725448404 0
    outer loop
      vertex -21.515088207192168 -11.014303144485059 0
      vertex -21.54548132206251 -10.914110472164033 6
      vertex -21.515088207192168 -11.014303144485059 6
    endloop
  endfacet
  facet normal 0.8819212643483543 0.47139673682599903 0
    outer loop
      vertex -21.3856406460551 -11.3 0
      vertex -21.4349963864523 -11.207661904350402 6
      vertex -21.3856406460551 -11.3 6
    endloop
  endfacet
  facet normal 0.8492021815265732 0.5280678506503769 0
    outer loop
      vertex -21.33035137968407 -11.388912372831363 0
      vertex -21.3856406460551 -11.3 6
      vertex -21.33035137968407 -11.388912372831363 6
    endloop
  endfacet
  facet normal 0.7730104533627468 0.6343932841636333 0
    outer loop
      vertex -21.202943691966365 -11.55495330416011 0
      vertex -21.269365344465974 -11.474018286413953 6
      vertex -21.202943691966365 -11.55495330416011 6
    endloop
  endfacet
  facet normal 0.8128466845916131 0.582477696867805 0
    outer loop
      vertex -21.269365344465974 -11.474018286413953 0
      vertex -21.33035137968407 -11.388912372831363 6
      vertex -21.269365344465974 -11.474018286413953 6
    endloop
  endfacet
  facet normal 0.9108638249211753 0.41270702980439566 0
    outer loop
      vertex -21.4349963864523 -11.207661904350402 0
      vertex -21.47820725201806 -11.112293491784143 6
      vertex -21.4349963864523 -11.207661904350402 6
    endloop
  endfacet
  facet normal 0.9738769792773335 0.227076263034374 0
    outer loop
      vertex -21.54548132206251 -10.914110472164033 0
      vertex -21.56925644864517 -10.812144515225805 6
      vertex -21.54548132206251 -10.914110472164033 6
    endloop
  endfacet
  facet normal 0.9866433320848786 0.16289547339459093 0
    outer loop
      vertex -21.56925644864517 -10.812144515225805 0
      vertex -21.586311778198098 -10.708841907552083 6
      vertex -21.56925644864517 -10.812144515225805 6
    endloop
  endfacet
  facet normal 0.9951847266721981 0.09801714032954799 0
    outer loop
      vertex -21.586311778198098 -10.708841907552083 0
      vertex -21.596574277181766 -10.604645006768228 6
      vertex -21.586311778198098 -10.708841907552083 6
    endloop
  endfacet
  facet normal 0.9994645874763652 0.03271908282178692 0
    outer loop
      vertex -21.596574277181766 -10.604645006768228 0
      vertex -21.6 -10.5 6
      vertex -21.596574277181766 -10.604645006768228 6
    endloop
  endfacet
  facet normal 0.9994645874763652 -0.03271908282178692 0
    outer loop
      vertex -21.6 -10.5 0
      vertex -21.596574277181766 -10.395354993231772 6
      vertex -21.6 -10.5 6
    endloop
  endfacet
  facet normal 0.9951847266721981 -0.09801714032954799 0
    outer loop
      vertex -21.596574277181766 -10.395354993231772 0
      vertex -21.586311778198098 -10.291158092447917 6
      vertex -21.596574277181766 -10.395354993231772 6
    endloop
  endfacet
  facet normal 0.9866433320848786 -0.16289547339459093 0
    outer loop
      vertex -21.586311778198098 -10.291158092447917 0
      vertex -21.56925644864517 -10.187855484774195 6
      vertex -21.586311778198098 -10.291158092447917 6
    endloop
  endfacet
  facet normal 0.9738769792773335 -0.227076263034374 0
    outer loop
      vertex -21.56925644864517 -10.187855484774195 0
      vertex -21.54548132206251 -10.085889527835967 6
      vertex -21.56925644864517 -10.187855484774195 6
    endloop
  endfacet
  facet normal 0.9569403357322023 -0.29028467725448404 0
    outer loop
      vertex -21.54548132206251 -10.085889527835967 0
      vertex -21.515088207192168 -9.985696855514941 6
      vertex -21.54548132206251 -10.085889527835967 6
    endloop
  endfacet
  facet normal 0.9359059267573302 -0.3522500479212215 0
    outer loop
      vertex -21.515088207192168 -9.985696855514941 0
      vertex -21.47820725201806 -9.887706508215857 6
      vertex -21.515088207192168 -9.985696855514941 6
    endloop
  endfacet
  facet normal 0.9108638249211753 -0.41270702980439566 0
    outer loop
      vertex -21.47820725201806 -9.887706508215857 0
      vertex -21.4349963864523 -9.792338095649598 6
      vertex -21.47820725201806 -9.887706508215857 6
    endloop
  endfacet
  facet normal 0.8819212643483543 -0.47139673682599903 0
    outer loop
      vertex -21.4349963864523 -9.792338095649598 0
      vertex -21.3856406460551 -9.7 6
      vertex -21.4349963864523 -9.792338095649598 6
    endloop
  endfacet
  facet normal 0.8492021815265732 -0.5280678506503769 0
    outer loop
      vertex -21.3856406460551 -9.7 0
      vertex -21.33035137968407 -9.611087627168637 6
      vertex -21.3856406460551 -9.7 6
    endloop
  endfacet
  facet normal 0.8128466845916131 -0.582477696867805 0
    outer loop
      vertex -21.33035137968407 -9.611087627168637 0
      vertex -21.269365344465974 -9.525981713586047 6
      vertex -21.33035137968407 -9.611087627168637 6
    endloop
  endfacet
  facet normal 0.7730104533627468 -0.6343932841636333 0
    outer loop
      vertex -21.269365344465974 -9.525981713586047 0
      vertex -21.202943691966365 -9.44504669583989 6
      vertex -21.269365344465974 -9.525981713586047 6
    endloop
  endfacet
  facet normal 0.7298640726978384 -0.6835923020228684 0
    outer loop
      vertex -21.202943691966365 -9.44504669583989 0
      vertex -21.131370849898477 -9.368629150101524 6
      vertex -21.202943691966365 -9.44504669583989 6
    endloop
  endfacet
  facet normal 0.6835923020228775 -0.7298640726978299 0
    outer loop
      vertex -21.131370849898477 -9.368629150101524 0
      vertex -21.05495330416011 -9.297056308033635 6
      vertex -21.131370849898477 -9.368629150101524 6
    endloop
  endfacet
  facet normal 0.6343932841636268 -0.7730104533627522 0
    outer loop
      vertex -21.05495330416011 -9.297056308033635 0
      vertex -20.97401828641395 -9.230634655534024 6
      vertex -21.05495330416011 -9.297056308033635 6
    endloop
  endfacet
  facet normal 0.5824776968678131 -0.8128466845916075 0
    outer loop
      vertex -20.97401828641395 -9.230634655534024 0
      vertex -20.888912372831363 -9.169648620315927 6
      vertex -20.97401828641395 -9.230634655534024 6
    endloop
  endfacet
  facet normal 0.5280678506503647 -0.8492021815265809 0
    outer loop
      vertex -20.888912372831363 -9.169648620315927 0
      vertex -20.8 -9.114359353944899 6
      vertex -20.888912372831363 -9.169648620315927 6
    endloop
  endfacet
  facet normal 0.47139673682599903 -0.8819212643483543 0
    outer loop
      vertex -20.8 -9.114359353944899 0
      vertex -20.707661904350402 -9.065003613547699 6
      vertex -20.8 -9.114359353944899 6
    endloop
  endfacet
  facet normal 0.41270702980439566 -0.9108638249211753 0
    outer loop
      vertex -20.707661904350402 -9.065003613547699 0
      vertex -20.612293491784143 -9.02179274798194 6
      vertex -20.707661904350402 -9.065003613547699 6
    endloop
  endfacet
  facet normal 0.3522500479212364 -0.9359059267573246 0
    outer loop
      vertex -20.612293491784143 -9.02179274798194 0
      vertex -20.51430314448506 -8.98491179280783 6
      vertex -20.612293491784143 -9.02179274798194 6
    endloop
  endfacet
  facet normal 0.29028467725445295 0.9569403357322117 2.9456505973938754e-19
    outer loop
      vertex -20.51430314448506 -12.01508820719217 6
      vertex -20.414110472164033 -12.045481322062509 6
      vertex -20.414110472164033 -12.045481322062509 0
    endloop
  endfacet
  facet normal 0.22707626303437775 0.9738769792773325 0
    outer loop
      vertex -20.312144515225807 -12.069256448645168 6
      vertex -20.312144515225807 -12.069256448645168 0
      vertex -20.414110472164033 -12.045481322062509 6
    endloop
  endfacet
  facet normal 0.16289547339458546 0.9866433320848794 0
    outer loop
      vertex -20.20884190755208 -12.086311778198096 6
      vertex -20.20884190755208 -12.086311778198096 0
      vertex -20.312144515225807 -12.069256448645168 6
    endloop
  endfacet
  facet normal 0.0980171403295681 0.995184726672196 0
    outer loop
      vertex -20.10464500676823 -12.096574277181766 6
      vertex -20.10464500676823 -12.096574277181766 0
      vertex -20.20884190755208 -12.086311778198096 6
    endloop
  endfacet
  facet normal 0.03271908282176942 0.9994645874763659 0
    outer loop
      vertex -20 -12.1 6
      vertex -20 -12.1 0
      vertex -20.10464500676823 -12.096574277181766 6
    endloop
  endfacet
  facet normal -0.03271908282176942 0.9994645874763659 0
    outer loop
      vertex -19.89535499323177 -12.096574277181766 6
      vertex -19.89535499323177 -12.096574277181766 0
      vertex -20 -12.1 6
    endloop
  endfacet
  facet normal -0.0980171403295681 0.995184726672196 0
    outer loop
      vertex -19.79115809244792 -12.086311778198096 6
      vertex -19.79115809244792 -12.086311778198096 0
      vertex -19.89535499323177 -12.096574277181766 6
    endloop
  endfacet
  facet normal -0.16289547339458546 0.9866433320848794 0
    outer loop
      vertex -19.687855484774193 -12.069256448645168 0
      vertex -19.79115809244792 -12.086311778198096 6
      vertex -19.687855484774193 -12.069256448645168 6
    endloop
  endfacet
  facet normal -0.22707626303437775 0.9738769792773325 0
    outer loop
      vertex -19.585889527835967 -12.045481322062509 0
      vertex -19.687855484774193 -12.069256448645168 6
      vertex -19.585889527835967 -12.045481322062509 6
    endloop
  endfacet
  facet normal -0.29028467725445295 0.9569403357322117 -2.9456505973938754e-19
    outer loop
      vertex -19.585889527835967 -12.045481322062509 6
      vertex -19.48569685551494 -12.01508820719217 6
      vertex -19.48569685551494 -12.01508820719217 0
    endloop
  endfacet
  facet normal -0.3522500479212364 0.9359059267573246 0
    outer loop
      vertex -19.387706508215857 -11.97820725201806 0
      vertex -19.48569685551494 -12.01508820719217 6
      vertex -19.387706508215857 -11.97820725201806 6
    endloop
  endfacet
  facet normal -0.41270702980439566 0.9108638249211753 0
    outer loop
      vertex -19.292338095649598 -11.934996386452301 0
      vertex -19.387706508215857 -11.97820725201806 6
      vertex -19.292338095649598 -11.934996386452301 6
    endloop
  endfacet
  facet normal -0.47139673682599903 0.8819212643483543 0
    outer loop
      vertex -19.2 -11.885640646055101 0
      vertex -19.292338095649598 -11.934996386452301 6
      vertex -19.2 -11.885640646055101 6
    endloop
  endfacet
  facet normal -0.5280678506503647 0.8492021815265809 0
    outer loop
      vertex -19.111087627168637 -11.830351379684073 0
      vertex -19.2 -11.885640646055101 6
      vertex -19.111087627168637 -11.830351379684073 6
    endloop
  endfacet
  facet normal -0.5824776968678131 0.8128466845916075 0
    outer loop
      vertex -19.02598171358605 -11.769365344465976 0
      vertex -19.111087627168637 -11.830351379684073 6
      vertex -19.02598171358605 -11.769365344465976 6
    endloop
  endfacet
  facet normal -0.6343932841636268 0.7730104533627522 0
    outer loop
      vertex -18.94504669583989 -11.702943691966365 0
      vertex -19.02598171358605 -11.769365344465976 6
      vertex -18.94504669583989 -11.702943691966365 6
    endloop
  endfacet
  facet normal -0.6835923020228775 0.7298640726978299 0
    outer loop
      vertex -18.868629150101523 -11.631370849898476 0
      vertex -18.94504669583989 -11.702943691966365 6
      vertex -18.868629150101523 -11.631370849898476 6
    endloop
  endfacet
  facet normal -0.7298640726978384 0.6835923020228684 0
    outer loop
      vertex -18.797056308033635 -11.55495330416011 0
      vertex -18.868629150101523 -11.631370849898476 6
      vertex -18.797056308033635 -11.55495330416011 6
    endloop
  endfacet
  facet normal -0.7730104533627468 0.6343932841636333 0
    outer loop
      vertex -18.730634655534026 -11.474018286413953 0
      vertex -18.797056308033635 -11.55495330416011 6
      vertex -18.730634655534026 -11.474018286413953 6
    endloop
  endfacet
  facet normal -0.8128466845916131 0.582477696867805 0
    outer loop
      vertex -18.66964862031593 -11.388912372831363 0
      vertex -18.730634655534026 -11.474018286413953 6
      vertex -18.66964862031593 -11.388912372831363 6
    endloop
  endfacet
  facet normal -0.8492021815265732 0.5280678506503769 0
    outer loop
      vertex -18.6143593539449 -11.3 0
      vertex -18.66964862031593 -11.388912372831363 6
      vertex -18.6143593539449 -11.3 6
    endloop
  endfacet
  facet normal -0.8819212643483543 0.47139673682599903 0
    outer loop
      vertex -18.5650036135477 -11.207661904350402 0
      vertex -18.6143593539449 -11.3 6
      vertex -18.5650036135477 -11.207661904350402 6
    endloop
  endfacet
  facet normal -0.9108638249211753 0.41270702980439566 0
    outer loop
      vertex -18.52179274798194 -11.112293491784143 0
      vertex -18.5650036135477 -11.207661904350402 6
      vertex -18.52179274798194 -11.112293491784143 6
    endloop
  endfacet
  facet normal -0.9359059267573302 0.3522500479212215 0
    outer loop
      vertex -18.484911792807832 -11.014303144485059 0
      vertex -18.52179274798194 -11.112293491784143 6
      vertex -18.484911792807832 -11.014303144485059 6
    endloop
  endfacet
  facet normal -0.9569403357322023 0.29028467725448404 0
    outer loop
      vertex -18.45451867793749 -10.914110472164033 0
      vertex -18.484911792807832 -11.014303144485059 6
      vertex -18.45451867793749 -10.914110472164033 6
    endloop
  endfacet
  facet normal -0.9738769792773335 0.227076263034374 0
    outer loop
      vertex -18.43074355135483 -10.812144515225805 0
      vertex -18.45451867793749 -10.914110472164033 6
      vertex -18.43074355135483 -10.812144515225805 6
    endloop
  endfacet
  facet normal -0.9866433320848786 0.16289547339459093 -7.821833038869354e-20
    outer loop
      vertex -18.43074355135483 -10.812144515225805 6
      vertex -18.413688221801902 -10.708841907552083 6
      vertex -18.413688221801902 -10.708841907552083 0
    endloop
  endfacet
  facet normal -0.9951847266721981 0.09801714032954799 0
    outer loop
      vertex -18.403425722818234 -10.604645006768228 0
      vertex -18.413688221801902 -10.708841907552083 6
      vertex -18.403425722818234 -10.604645006768228 6
    endloop
  endfacet
  facet normal -0.9994645874763652 0.03271908282178692 0
    outer loop
      vertex -18.4 -10.5 0
      vertex -18.403425722818234 -10.604645006768228 6
      vertex -18.4 -10.5 6
    endloop
  endfacet
  facet normal -0.9994645874763652 -0.03271908282178692 -4.275536379035276e-20
    outer loop
      vertex -18.4 -10.5 6
      vertex -18.403425722818234 -10.395354993231772 6
      vertex -18.403425722818234 -10.395354993231772 0
    endloop
  endfacet
  facet normal -0.9951847266721981 -0.09801714032954799 -6.710551153201461e-20
    outer loop
      vertex -18.403425722818234 -10.395354993231772 6
      vertex -18.413688221801902 -10.291158092447917 6
      vertex -18.413688221801902 -10.291158092447917 0
    endloop
  endfacet
  facet normal 0.29028467725445295 -0.9569403357322117 0
    outer loop
      vertex -20.51430314448506 -8.98491179280783 0
      vertex -20.414110472164033 -8.954518677937491 6
      vertex -20.51430314448506 -8.98491179280783 6
    endloop
  endfacet
  facet normal -0.3522500479212364 -0.9359059267573246 0
    outer loop
      vertex -19.48569685551494 -8.98491179280783 0
      vertex -19.387706508215857 -9.02179274798194 6
      vertex -19.48569685551494 -8.98491179280783 6
    endloop
  endfacet
  facet normal -0.41270702980439566 -0.9108638249211753 0
    outer loop
      vertex -19.387706508215857 -9.02179274798194 0
      vertex -19.292338095649598 -9.065003613547699 6
      vertex -19.387706508215857 -9.02179274798194 6
    endloop
  endfacet
  facet normal -0.47139673682599903 -0.8819212643483543 0
    outer loop
      vertex -19.292338095649598 -9.065003613547699 0
      vertex -19.2 -9.114359353944899 6
      vertex -19.292338095649598 -9.065003613547699 6
    endloop
  endfacet
  facet normal 0.22707626303437775 -0.9738769792773325 0
    outer loop
      vertex -20.414110472164033 -8.954518677937491 0
      vertex -20.312144515225807 -8.930743551354832 6
      vertex -20.414110472164033 -8.954518677937491 6
    endloop
  endfacet
  facet normal 0.16289547339458546 -0.9866433320848794 0
    outer loop
      vertex -20.312144515225807 -8.930743551354832 0
      vertex -20.20884190755208 -8.913688221801904 6
      vertex -20.312144515225807 -8.930743551354832 6
    endloop
  endfacet
  facet normal 0.0980171403295681 -0.995184726672196 0
    outer loop
      vertex -20.20884190755208 -8.913688221801904 0
      vertex -20.10464500676823 -8.903425722818234 6
      vertex -20.20884190755208 -8.913688221801904 6
    endloop
  endfacet
  facet normal 0.03271908282176942 -0.9994645874763659 0
    outer loop
      vertex -20.10464500676823 -8.903425722818234 0
      vertex -20 -8.9 6
      vertex -20.10464500676823 -8.903425722818234 6
    endloop
  endfacet
  facet normal -0.03271908282176942 -0.9994645874763659 0
    outer loop
      vertex -20 -8.9 0
      vertex -19.89535499323177 -8.903425722818234 6
      vertex -20 -8.9 6
    endloop
  endfacet
  facet normal -0.0980171403295681 -0.995184726672196 0
    outer loop
      vertex -19.89535499323177 -8.903425722818234 0
      vertex -19.79115809244792 -8.913688221801904 6
      vertex -19.89535499323177 -8.903425722818234 6
    endloop
  endfacet
  facet normal -0.16289547339458546 -0.9866433320848794 0
    outer loop
      vertex -19.79115809244792 -8.913688221801904 0
      vertex -19.687855484774193 -8.930743551354832 6
      vertex -19.79115809244792 -8.913688221801904 6
    endloop
  endfacet
  facet normal -0.22707626303437775 -0.9738769792773325 0
    outer loop
      vertex -19.687855484774193 -8.930743551354832 0
      vertex -19.585889527835967 -8.954518677937491 6
      vertex -19.687855484774193 -8.930743551354832 6
    endloop
  endfacet
  facet normal -0.29028467725445295 -0.9569403357322117 0
    outer loop
      vertex -19.585889527835967 -8.954518677937491 0
      vertex -19.48569685551494 -8.98491179280783 6
      vertex -19.585889527835967 -8.954518677937491 6
    endloop
  endfacet
  facet normal -0.8819212643483543 -0.47139673682599903 0
    outer loop
      vertex -18.6143593539449 -9.7 0
      vertex -18.5650036135477 -9.792338095649598 6
      vertex -18.6143593539449 -9.7 6
    endloop
  endfacet
  facet normal -0.8492021815265732 -0.5280678506503769 0
    outer loop
      vertex -18.66964862031593 -9.611087627168637 0
      vertex -18.6143593539449 -9.7 6
      vertex -18.66964862031593 -9.611087627168637 6
    endloop
  endfacet
  facet normal -0.6835923020228775 -0.7298640726978299 0
    outer loop
      vertex -18.94504669583989 -9.297056308033635 0
      vertex -18.868629150101523 -9.368629150101524 6
      vertex -18.94504669583989 -9.297056308033635 6
    endloop
  endfacet
  facet normal -0.5280678506503647 -0.8492021815265809 0
    outer loop
      vertex -19.2 -9.114359353944899 0
      vertex -19.111087627168637 -9.169648620315927 6
      vertex -19.2 -9.114359353944899 6
    endloop
  endfacet
  facet normal -0.5824776968678131 -0.8128466845916075 0
    outer loop
      vertex -19.111087627168637 -9.169648620315927 0
      vertex -19.02598171358605 -9.230634655534024 6
      vertex -19.111087627168637 -9.169648620315927 6
    endloop
  endfacet
  facet normal -0.6343932841636268 -0.7730104533627522 0
    outer loop
      vertex -19.02598171358605 -9.230634655534024 0
      vertex -18.94504669583989 -9.297056308033635 6
      vertex -19.02598171358605 -9.230634655534024 6
    endloop
  endfacet
  facet normal -0.7730104533627468 -0.6343932841636333 0
    outer loop
      vertex -18.797056308033635 -9.44504669583989 0
      vertex -18.730634655534026 -9.525981713586047 6
      vertex -18.797056308033635 -9.44504669583989 6
    endloop
  endfacet
  facet normal -0.7298640726978384 -0.6835923020228684 0
    outer loop
      vertex -18.868629150101523 -9.368629150101524 0
      vertex -18.797056308033635 -9.44504669583989 6
      vertex -18.868629150101523 -9.368629150101524 6
    endloop
  endfacet
  facet normal -0.8128466845916131 -0.582477696867805 0
    outer loop
      vertex -18.730634655534026 -9.525981713586047 0
      vertex -18.66964862031593 -9.611087627168637 6
      vertex -18.730634655534026 -9.525981713586047 6
    endloop
  endfacet
  facet normal -0.9866433320848786 -0.16289547339459093 7.821833038869354e-20
    outer loop
      vertex -18.413688221801902 -10.291158092447917 6
      vertex -18.43074355135483 -10.187855484774195 6
      vertex -18.43074355135483 -10.187855484774195 0
    endloop
  endfacet
  facet normal -0.9738769792773335 -0.227076263034374 -2.2623456336696043e-20
    outer loop
      vertex -18.43074355135483 -10.187855484774195 6
      vertex -18.45451867793749 -10.085889527835967 6
      vertex -18.45451867793749 -10.085889527835967 0
    endloop
  endfacet
  facet normal -0.9569403357322023 -0.29028467725448404 0
    outer loop
      vertex -18.484911792807832 -9.985696855514941 0
      vertex -18.45451867793749 -10.085889527835967 6
      vertex -18.484911792807832 -9.985696855514941 6
    endloop
  endfacet
  facet normal -0.9359059267573302 -0.3522500479212215 2.0259954545524266e-20
    outer loop
      vertex -18.484911792807832 -9.985696855514941 6
      vertex -18.52179274798194 -9.887706508215857 6
      vertex -18.52179274798194 -9.887706508215857 0
    endloop
  endfacet
  facet normal -0.9108638249211753 -0.41270702980439566 0
    outer loop
      vertex -18.5650036135477 -9.792338095649598 0
      vertex -18.52179274798194 -9.887706508215857 6
      vertex -18.5650036135477 -9.792338095649598 6
    endloop
  endfacet
  facet normal -1 0 0
    outer loop
      vertex -24 -15 5
      vertex -24 -15 6
      vertex -24 15 5
    endloop
  endfacet
  facet normal 0 0 1
    outer loop
      vertex -24 -15 6
      vertex -20.888912372831363 -11.830351379684073 6
      vertex -20.97401828641395 -11.769365344465976 6
    endloop
  endfacet
  facet normal 0 0 1
    outer loop
      vertex -24 -15 6
      vertex -20.97401828641395 -11.769365344465976 6
      vertex -21.05495330416011 -11.702943691966365 6
    endloop
  endfacet
  facet normal 0 0 1
    outer loop
      vertex -24 -15 6
      vertex -20.8 -11.885640646055101 6
      vertex -20.888912372831363 -11.830351379684073 6
    endloop
  endfacet
  facet normal 0 0 1
    outer loop
      vertex -24 -15 6
      vertex -20.707661904350402 -11.934996386452301 6
      vertex -20.8 -11.885640646055101 6
    endloop
  endfacet
  facet normal 0 0 1
    outer loop
      vertex -24 -15 6
      vertex -20.51430314448506 -12.01508820719217 6
      vertex -20.612293491784143 -11.97820725201806 6
    endloop
  endfacet
  facet normal 0 0 1
    outer loop
      vertex -24 -15 6
      vertex -20.414110472164033 -12.045481322062509 6
      vertex -20.51430314448506 -12.01508820719217 6
    endloop
  endfacet
  facet normal 0 0 1
    outer loop
      vertex -24 -15 6
      vertex -20.612293491784143 -11.97820725201806 6
      vertex -20.707661904350402 -11.934996386452301 6
    endloop
  endfacet
  facet normal 0 0 1
    outer loop
      vertex -24 -15 6
      vertex -20.312144515225807 -12.069256448645168 6
      vertex -20.414110472164033 -12.045481322062509 6
    endloop
  endfacet
  facet normal 0 0 1
    outer loop
      vertex -24 -15 6
      vertex -20.20884190755208 -12.086311778198096 6
      vertex -20.312144515225807 -12.069256448645168 6
    endloop
  endfacet
  facet normal 0 0 1
    outer loop
      vertex -24 -15 6
      vertex -20.10464500676823 -12.096574277181766 6
      vertex -20.20884190755208 -12.086311778198096 6
    endloop
  endfacet
  facet normal 0 0 1
    outer loop
      vertex -24 -15 6
      vertex -20 -12.1 6
      vertex -20.10464500676823 -12.096574277181766 6
    endloop
  endfacet
  facet normal 0 0 1
    outer loop
      vertex -24 -15 6
      vertex -19.79115809244792 -12.086311778198096 6
      vertex -19.89535499323177 -12.096574277181766 6
    endloop
  endfacet
  facet normal 0 0 1
    outer loop
      vertex -24 -15 6
      vertex -19.89535499323177 -12.096574277181766 6
      vertex -20 -12.1 6
    endloop
  endfacet
  facet normal 0 0 1
    outer loop
      vertex -24 -15 6
      vertex -19.687855484774193 -12.069256448645168 6
      vertex -19.79115809244792 -12.086311778198096 6
    endloop
  endfacet
  facet normal 0 0 1
    outer loop
      vertex -24 -15 6
      vertex -19.585889527835967 -12.045481322062509 6
      vertex -19.687855484774193 -12.069256448645168 6
    endloop
  endfacet
  facet normal 0 0 1
    outer loop
      vertex -24 -15 6
      vertex -19.48569685551494 -12.01508820719217 6
      vertex -19.585889527835967 -12.045481322062509 6
    endloop
  endfacet
  facet normal 0 0 1
    outer loop
      vertex -24 -15 6
      vertex -19.387706508215857 -11.97820725201806 6
      vertex -19.48569685551494 -12.01508820719217 6
    endloop
  endfacet
  facet normal 0 0 1
    outer loop
      vertex -24 -15 6
      vertex -19.292338095649598 -11.934996386452301 6
      vertex -19.387706508215857 -11.97820725201806 6
    endloop
  endfacet
  facet normal 0 0 1
    outer loop
      vertex -24 -15 6
      vertex -19.2 -11.885640646055101 6
      vertex -19.292338095649598 -11.934996386452301 6
    endloop
  endfacet
  facet normal 0 0 1
    outer loop
      vertex -24 -15 6
      vertex -19.111087627168637 -11.830351379684073 6
      vertex -19.2 -11.885640646055101 6
    endloop
  endfacet
  facet normal 0 0 1
    outer loop
      vertex -24 -15 6
      vertex -21.3856406460551 -11.3 6
      vertex -21.4349963864523 -11.207661904350402 6
    endloop
  endfacet
  facet normal 0 0 1
    outer loop
      vertex -24 -15 6
      vertex -21.131370849898477 -11.631370849898476 6
      vertex -21.202943691966365 -11.55495330416011 6
    endloop
  endfacet
  facet normal 0 0 1
    outer loop
      vertex -24 -15 6
      vertex -21.202943691966365 -11.55495330416011 6
      vertex -21.269365344465974 -11.474018286413953 6
    endloop
  endfacet
  facet normal 0 0 1
    outer loop
      vertex -24 -15 6
      vertex -21.269365344465974 -11.474018286413953 6
      vertex -21.33035137968407 -11.388912372831363 6
    endloop
  endfacet
  facet normal 0 0 1
    outer loop
      vertex -24 -15 6
      vertex -21.33035137968407 -11.388912372831363 6
      vertex -21.3856406460551 -11.3 6
    endloop
  endfacet
  facet normal 0 0 1
    outer loop
      vertex -24 -15 6
      vertex -21.4349963864523 -11.207661904350402 6
      vertex -21.47820725201806 -11.112293491784143 6
    endloop
  endfacet
  facet normal 0 0 1
    outer loop
      vertex -24 -15 6
      vertex -21.47820725201806 -11.112293491784143 6
      vertex -21.515088207192168 -11.014303144485059 6
    endloop
  endfacet
  facet normal 0 0 1
    outer loop
      vertex -24 -15 6
      vertex -21.515088207192168 -11.014303144485059 6
      vertex -21.54548132206251 -10.914110472164033 6
    endloop
  endfacet
  facet normal 0 0 1
    outer loop
      vertex -24 -15 6
      vertex -21.54548132206251 -10.914110472164033 6
      vertex -21.56925644864517 -10.812144515225805 6
    endloop
  endfacet
  facet normal 0 0 1
    outer loop
      vertex -24 -15 6
      vertex -21.56925644864517 -10.812144515225805 6
      vertex -21.586311778198098 -10.708841907552083 6
    endloop
  endfacet
  facet normal 0 0 1
    outer loop
      vertex -24 -15 6
      vertex -21.05495330416011 -11.702943691966365 6
      vertex -21.131370849898477 -11.631370849898476 6
    endloop
  endfacet
  facet normal 0 0 1
    outer loop
      vertex -24 -15 6
      vertex -21.586311778198098 -10.708841907552083 6
      vertex -21.596574277181766 -10.604645006768228 6
    endloop
  endfacet
  facet normal 0 0 1
    outer loop
      vertex -24 -15 6
      vertex -21.596574277181766 -10.604645006768228 6
      vertex -21.6 -10.5 6
    endloop
  endfacet
  facet normal 0 0 1
    outer loop
      vertex -24 -15 6
      vertex -21.6 -10.5 6
      vertex -21.33035137968407 9.611087627168637 6
    endloop
  endfacet
  facet normal 0 0 1
    outer loop
      vertex -21.596574277181766 -10.395354993231772 6
      vertex -21.33035137968407 9.611087627168637 6
      vertex -21.6 -10.5 6
    endloop
  endfacet
  facet normal 0 0 1
    outer loop
      vertex -21.586311778198098 -10.291158092447917 6
      vertex -21.33035137968407 9.611087627168637 6
      vertex -21.596574277181766 -10.395354993231772 6
    endloop
  endfacet
  facet normal 0 0 1
    outer loop
      vertex -21.56925644864517 -10.187855484774195 6
      vertex -21.33035137968407 9.611087627168637 6
      vertex -21.586311778198098 -10.291158092447917 6
    endloop
  endfacet
  facet normal 0 0 1
    outer loop
      vertex -21.54548132206251 -10.085889527835967 6
      vertex -21.33035137968407 9.611087627168637 6
      vertex -21.56925644864517 -10.187855484774195 6
    endloop
  endfacet
  facet normal 0 0 1
    outer loop
      vertex -21.515088207192168 -9.985696855514941 6
      vertex -21.33035137968407 9.611087627168637 6
      vertex -21.54548132206251 -10.085889527835967 6
    endloop
  endfacet
  facet normal 0 0 1
    outer loop
      vertex -21.47820725201806 -9.887706508215857 6
      vertex -21.33035137968407 9.611087627168637 6
      vertex -21.515088207192168 -9.985696855514941 6
    endloop
  endfacet
  facet normal 0 0 1
    outer loop
      vertex -21.4349963864523 -9.792338095649598 6
      vertex -21.33035137968407 9.611087627168637 6
      vertex -21.47820725201806 -9.887706508215857 6
    endloop
  endfacet
  facet normal 0 0 1
    outer loop
      vertex -21.3856406460551 -9.7 6
      vertex -21.33035137968407 9.611087627168637 6
      vertex -21.4349963864523 -9.792338095649598 6
    endloop
  endfacet
  facet normal 0 0 1
    outer loop
      vertex -21.33035137968407 -9.611087627168637 6
      vertex -21.33035137968407 9.611087627168637 6
      vertex -21.3856406460551 -9.7 6
    endloop
  endfacet
  facet normal 0 0 1
    outer loop
      vertex -21.269365344465974 -9.525981713586047 6
      vertex -21.33035137968407 9.611087627168637 6
      vertex -21.33035137968407 -9.611087627168637 6
    endloop
  endfacet
  facet normal 0 0 1
    outer loop
      vertex -21.202943691966365 -9.44504669583989 6
      vertex -21.269365344465974 9.525981713586047 6
      vertex -21.269365344465974 -9.525981713586047 6
    endloop
  endfacet
  facet normal 0 0 1
    outer loop
      vertex -21.131370849898477 -9.368629150101524 6
      vertex -21.202943691966365 9.44504669583989 6
      vertex -21.202943691966365 -9.44504669583989 6
    endloop
  endfacet
  facet normal 0 0 1
    outer loop
      vertex -21.131370849898477 -9.368629150101524 6
      vertex -21.05495330416011 -9.297056308033635 6
      vertex -21.131370849898477 9.368629150101524 6
    endloop
  endfacet
  facet normal 0 0 1
    outer loop
      vertex -21.05495330416011 -9.297056308033635 6
      vertex -20.97401828641395 -9.230634655534024 6
      vertex -21.05495330416011 9.297056308033635 6
    endloop
  endfacet
  facet normal 0 0 1
    outer loop
      vertex -20.97401828641395 -9.230634655534024 6
      vertex -20.888912372831363 -9.169648620315927 6
      vertex -20.97401828641395 9.230634655534024 6
    endloop
  endfacet
  facet normal 0 0 1
    outer loop
      vertex -20.888912372831363 -9.169648620315927 6
      vertex -20.8 -9.114359353944899 6
      vertex -20.888912372831363 9.169648620315927 6
    endloop
  endfacet
  facet normal 0 0 1
    outer loop
      vertex -20.8 -9.114359353944899 6
      vertex -20.707661904350402 -9.065003613547699 6
      vertex -20.8 9.114359353944899 6
    endloop
  endfacet
  facet normal 0 0 1
    outer loop
      vertex -20.707661904350402 -9.065003613547699 6
      vertex -20.612293491784143 -9.02179274798194 6
      vertex -20.707661904350402 9.065003613547699 6
    endloop
  endfacet
  facet normal 0 0 1
    outer loop
      vertex -20.612293491784143 -9.02179274798194 6
      vertex -20.51430314448506 -8.98491179280783 6
      vertex -20.612293491784143 9.02179274798194 6
    endloop
  endfacet
  facet normal 0 -1 0
    outer loop
      vertex -24 -15 5
      vertex 24 -15 6
      vertex -24 -15 6
    endloop
  endfacet
  facet normal 0 0 1
    outer loop
      vertex -24 -15 6
      vertex -5.196152422706632 -3 6
      vertex -19.111087627168637 -11.830351379684073 6
    endloop
  endfacet
  facet normal 0 0 1
    outer loop
      vertex -20.51430314448506 -8.98491179280783 6
      vertex -20.414110472164033 -8.954518677937491 6
      vertex -20.51430314448506 8.98491179280783 6
    endloop
  endfacet
  facet normal 0 0 1
    outer loop
      vertex -20.414110472164033 -8.954518677937491 6
      vertex -20.312144515225807 -8.930743551354832 6
      vertex -20.414110472164033 8.954518677937491 6
    endloop
  endfacet
  facet normal 0 0 1
    outer loop
      vertex -20.312144515225807 -8.930743551354832 6
      vertex -20.20884190755208 -8.913688221801904 6
      vertex -20.312144515225807 8.930743551354832 6
    endloop
  endfacet
  facet normal 0 0 1
    outer loop
      vertex -20.20884190755208 -8.913688221801904 6
      vertex -20.10464500676823 -8.903425722818234 6
      vertex -20.20884190755208 8.913688221801904 6
    endloop
  endfacet
  facet normal 0 0 1
    outer loop
      vertex -20.10464500676823 -8.903425722818234 6
      vertex -20 -8.9 6
      vertex -20.10464500676823 8.903425722818234 6
    endloop
  endfacet
  facet normal 0 0 1
    outer loop
      vertex -20 -8.9 6
      vertex -19.89535499323177 -8.903425722818234 6
      vertex -20 8.9 6
    endloop
  endfacet
  facet normal 0 0 1
    outer loop
      vertex -19.89535499323177 -8.903425722818234 6
      vertex -19.79115809244792 -8.913688221801904 6
      vertex -19.89535499323177 8.903425722818234 6
    endloop
  endfacet
  facet normal 0 0 1
    outer loop
      vertex -19.79115809244792 -8.913688221801904 6
      vertex -19.687855484774193 -8.930743551354832 6
      vertex -19.79115809244792 8.913688221801904 6
    endloop
  endfacet
  facet normal 0 0 1
    outer loop
      vertex -19.687855484774193 -8.930743551354832 6
      vertex -19.585889527835967 -8.954518677937491 6
      vertex -19.687855484774193 8.930743551354832 6
    endloop
  endfacet
  facet normal 0 0 1
    outer loop
      vertex -19.585889527835967 -8.954518677937491 6
      vertex -19.48569685551494 -8.98491179280783 6
      vertex -19.585889527835967 8.954518677937491 6
    endloop
  endfacet
  facet normal 0 0 1
    outer loop
      vertex -19.48569685551494 -8.98491179280783 6
      vertex -19.387706508215857 -9.02179274798194 6
      vertex -19.48569685551494 8.98491179280783 6
    endloop
  endfacet
  facet normal 0 0 1
    outer loop
      vertex -19.387706508215857 -9.02179274798194 6
      vertex -19.292338095649598 -9.065003613547699 6
      vertex -19.387706508215857 9.02179274798194 6
    endloop
  endfacet
  facet normal 0 0 1
    outer loop
      vertex -19.292338095649598 -9.065003613547699 6
      vertex -19.2 -9.114359353944899 6
      vertex -19.292338095649598 9.065003613547699 6
    endloop
  endfacet
  facet normal 0 0 1
    outer loop
      vertex -19.2 -9.114359353944899 6
      vertex -19.111087627168637 -9.169648620315927 6
      vertex -19.2 9.114359353944899 6
    endloop
  endfacet
  facet normal 0 0 1
    outer loop
      vertex -19.111087627168637 -9.169648620315927 6
      vertex -19.02598171358605 -9.230634655534024 6
      vertex -19.111087627168637 9.169648620315927 6
    endloop
  endfacet
  facet normal 0 0 1
    outer loop
      vertex -19.02598171358605 -9.230634655534024 6
      vertex -18.94504669583989 -9.297056308033635 6
      vertex -19.02598171358605 9.230634655534024 6
    endloop
  endfacet
  facet normal 0 0 1
    outer loop
      vertex -5.196152422706632 -3 6
      vertex -19.02598171358605 -11.769365344465976 6
      vertex -19.111087627168637 -11.830351379684073 6
    endloop
  endfacet
  facet normal 0 0 1
    outer loop
      vertex -5.196152422706632 -3 6
      vertex -18.94504669583989 -11.702943691966365 6
      vertex -19.02598171358605 -11.769365344465976 6
    endloop
  endfacet
  facet normal 0 0 1
    outer loop
      vertex -5.196152422706632 -3 6
      vertex -18.868629150101523 -11.631370849898476 6
      vertex -18.94504669583989 -11.702943691966365 6
    endloop
  endfacet
  facet normal 0 0 1
    outer loop
      vertex -5.196152422706632 -3 6
      vertex -18.797056308033635 -11.55495330416011 6
      vertex -18.868629150101523 -11.631370849898476 6
    endloop
  endfacet
  facet normal 0 0 1
    outer loop
      vertex -5.3812364491961295 -2.653732141314008 6
      vertex -18.730634655534026 -11.474018286413953 6
      vertex -18.797056308033635 -11.55495330416011 6
    endloop
  endfacet
  facet normal 0 0 1
    outer loop
      vertex -5.3812364491961295 -2.653732141314008 6
      vertex -18.66964862031593 -11.388912372831363 6
      vertex -18.730634655534026 -11.474018286413953 6
    endloop
  endfacet
  facet normal 0 0 1
    outer loop
      vertex -5.3812364491961295 -2.653732141314008 6
      vertex -18.6143593539449 -11.3 6
      vertex -18.66964862031593 -11.388912372831363 6
    endloop
  endfacet
  facet normal 0 0 1
    outer loop
      vertex -5.54327719506772 -2.2961005941905386 6
      vertex -18.5650036135477 -11.207661904350402 6
      vertex -18.6143593539449 -11.3 6
    endloop
  endfacet
  facet normal 0 0 1
    outer loop
      vertex -5.54327719506772 -2.2961005941905386 6
      vertex -18.52179274798194 -11.112293491784143 6
      vertex -18.5650036135477 -11.207661904350402 6
    endloop
  endfacet
  facet normal 0 0 1
    outer loop
      vertex -5.681580776970634 -1.9286367918189695 6
      vertex -18.484911792807832 -11.014303144485059 6
      vertex -18.52179274798194 -11.112293491784143 6
    endloop
  endfacet
  facet normal 0 0 1
    outer loop
      vertex -5.681580776970634 -1.9286367918189695 6
      vertex -18.45451867793749 -10.914110472164033 6
      vertex -18.484911792807832 -11.014303144485059 6
    endloop
  endfacet
  facet normal 0 0 1
    outer loop
      vertex -5.79555495773441 -1.5529142706151244 6
      vertex -18.43074355135483 -10.812144515225805 6
      vertex -18.45451867793749 -10.914110472164033 6
    endloop
  endfacet
  facet normal 0 0 1
    outer loop
      vertex -5.884711682419383 -1.1705419320967696 6
      vertex -18.413688221801902 -10.708841907552083 6
      vertex -18.43074355135483 -10.812144515225805 6
    endloop
  endfacet
  facet normal 0 0 1
    outer loop
      vertex -5.884711682419383 -1.1705419320967696 6
      vertex -18.403425722818234 -10.604645006768228 6
      vertex -18.413688221801902 -10.708841907552083 6
    endloop
  endfacet
  facet normal 0 0 1
    outer loop
      vertex -5.98715353943162 -0.39241877538085834 6
      vertex -18.403425722818234 -10.395354993231772 6
      vertex -18.4 -10.5 6
    endloop
  endfacet
  facet normal 0 0 1
    outer loop
      vertex -5.948669168242862 -0.7831571533203094 6
      vertex -18.4 -10.5 6
      vertex -18.403425722818234 -10.604645006768228 6
    endloop
  endfacet
  facet normal 0 0 1
    outer loop
      vertex -6 0 6
      vertex -18.413688221801902 -10.291158092447917 6
      vertex -18.403425722818234 -10.395354993231772 6
    endloop
  endfacet
  facet normal 0 0 1
    outer loop
      vertex -5.98715353943162 0.39241877538085834 6
      vertex -18.43074355135483 -10.187855484774195 6
      vertex -18.413688221801902 -10.291158092447917 6
    endloop
  endfacet
  facet normal 0 0 1
    outer loop
      vertex -5.948669168242862 0.7831571533203094 6
      vertex -18.45451867793749 -10.085889527835967 6
      vertex -18.43074355135483 -10.187855484774195 6
    endloop
  endfacet
  facet normal 0 0 1
    outer loop
      vertex -5.884711682419383 1.1705419320967696 6
      vertex -18.484911792807832 -9.985696855514941 6
      vertex -18.45451867793749 -10.085889527835967 6
    endloop
  endfacet
  facet normal 0 0 1
    outer loop
      vertex -5.681580776970634 1.9286367918189695 6
      vertex -18.5650036135477 -9.792338095649598 6
      vertex -18.52179274798194 -9.887706508215857 6
    endloop
  endfacet
  facet normal 0 0 1
    outer loop
      vertex -5.681580776970634 1.9286367918189695 6
      vertex -18.6143593539449 -9.7 6
      vertex -18.5650036135477 -9.792338095649598 6
    endloop
  endfacet
  facet normal 0 0 1
    outer loop
      vertex -5.681580776970634 1.9286367918189695 6
      vertex -18.66964862031593 -9.611087627168637 6
      vertex -18.6143593539449 -9.7 6
    endloop
  endfacet
  facet normal 0 0 1
    outer loop
      vertex -5.681580776970634 1.9286367918189695 6
      vertex -18.52179274798194 -9.887706508215857 6
      vertex -18.484911792807832 -9.985696855514941 6
    endloop
  endfacet
  facet normal 0 0 1
    outer loop
      vertex -5.681580776970634 1.9286367918189695 6
      vertex -18.868629150101523 -9.368629150101524 6
      vertex -18.797056308033635 -9.44504669583989 6
    endloop
  endfacet
  facet normal 0 0 1
    outer loop
      vertex -5.681580776970634 1.9286367918189695 6
      vertex -18.94504669583989 -9.297056308033635 6
      vertex -18.868629150101523 -9.368629150101524 6
    endloop
  endfacet
  facet normal 0 0 1
    outer loop
      vertex -5.681580776970634 1.9286367918189695 6
      vertex -18.730634655534026 -9.525981713586047 6
      vertex -18.66964862031593 -9.611087627168637 6
    endloop
  endfacet
  facet normal 0 0 1
    outer loop
      vertex -5.681580776970634 1.9286367918189695 6
      vertex -18.797056308033635 -9.44504669583989 6
      vertex -18.730634655534026 -9.525981713586047 6
    endloop
  endfacet
  facet normal 0 0 1
    outer loop
      vertex -24 -15 6
      vertex -4.242640687119286 -4.242640687119286 6
      vertex -4.511038844873865 -3.956074890600413 6
    endloop
  endfacet
  facet normal 0 0 1
    outer loop
      vertex -24 -15 6
      vertex -3.956074890600413 -4.511038844873865 6
      vertex -4.242640687119286 -4.242640687119286 6
    endloop
  endfacet
  facet normal 0 0 1
    outer loop
      vertex -24 -15 6
      vertex -3.652568574052324 -4.760120041747411 6
      vertex -3.956074890600413 -4.511038844873865 6
    endloop
  endfacet
  facet normal 0 0 1
    outer loop
      vertex -24 -15 6
      vertex -3.333421398117613 -4.988817673815271 6
      vertex -3.652568574052324 -4.760120041747411 6
    endloop
  endfacet
  facet normal 0 0 1
    outer loop
      vertex -24 -15 6
      vertex -4.988817673815271 -3.333421398117613 6
      vertex -5.196152422706632 -3 6
    endloop
  endfacet
  facet normal 0 0 1
    outer loop
      vertex -24 -15 6
      vertex -4.760120041747411 -3.652568574052324 6
      vertex -4.988817673815271 -3.333421398117613 6
    endloop
  endfacet
  facet normal 0 0 1
    outer loop
      vertex -24 -15 6
      vertex -4.511038844873865 -3.956074890600413 6
      vertex -4.760120041747411 -3.652568574052324 6
    endloop
  endfacet
  facet normal 0 0 1
    outer loop
      vertex -24 -15 6
      vertex -3 -5.196152422706632 6
      vertex -3.333421398117613 -4.988817673815271 6
    endloop
  endfacet
  facet normal 0 0 1
    outer loop
      vertex -24 -15 6
      vertex -2.653732141314008 -5.3812364491961295 6
      vertex -3 -5.196152422706632 6
    endloop
  endfacet
  facet normal 0 0 1
    outer loop
      vertex -24 -15 6
      vertex -2.2961005941905386 -5.54327719506772 6
      vertex -2.653732141314008 -5.3812364491961295 6
    endloop
  endfacet
  facet normal 0 0 1
    outer loop
      vertex -24 -15 6
      vertex -1.9286367918189695 -5.681580776970634 6
      vertex -2.2961005941905386 -5.54327719506772 6
    endloop
  endfacet
  facet normal 0 0 1
    outer loop
      vertex -24 -15 6
      vertex -1.5529142706151244 -5.79555495773441 6
      vertex -1.9286367918189695 -5.681580776970634 6
    endloop
  endfacet
  facet normal 0 0 1
    outer loop
      vertex -24 -15 6
      vertex -0.39241877538085834 -5.98715353943162 6
      vertex -0.7831571533203094 -5.948669168242862 6
    endloop
  endfacet
  facet normal 0 0 1
    outer loop
      vertex -24 -15 6
      vertex 0 -6 6
      vertex -0.39241877538085834 -5.98715353943162 6
    endloop
  endfacet
  facet normal 0 0 1
    outer loop
      vertex -24 -15 6
      vertex 0.39241877538085834 -5.98715353943162 6
      vertex 0 -6 6
    endloop
  endfacet
  facet normal 0 0 1
    outer loop
      vertex -24 -15 6
      vertex -1.1705419320967696 -5.884711682419383 6
      vertex -1.5529142706151244 -5.79555495773441 6
    endloop
  endfacet
  facet normal 0 0 1
    outer loop
      vertex -24 -15 6
      vertex -0.7831571533203094 -5.948669168242862 6
      vertex -1.1705419320967696 -5.884711682419383 6
    endloop
  endfacet
  facet normal 0 0 1
    outer loop
      vertex -5.196152422706632 -3 6
      vertex -5.3812364491961295 -2.653732141314008 6
      vertex -18.797056308033635 -11.55495330416011 6
    endloop
  endfacet
  facet normal 0 0 1
    outer loop
      vertex -5.3812364491961295 -2.653732141314008 6
      vertex -5.54327719506772 -2.2961005941905386 6
      vertex -18.6143593539449 -11.3 6
    endloop
  endfacet
  facet normal 0 0 1
    outer loop
      vertex -24 -15 6
      vertex 0.7831571533203094 -5.948669168242862 6
      vertex 0.39241877538085834 -5.98715353943162 6
    endloop
  endfacet
  facet normal 0 0 1
    outer loop
      vertex -24 -15 6
      vertex 1.1705419320967696 -5.884711682419383 6
      vertex 0.7831571533203094 -5.948669168242862 6
    endloop
  endfacet
  facet normal 0 0 1
    outer loop
      vertex -24 -15 6
      vertex 1.5529142706151244 -5.79555495773441 6
      vertex 1.1705419320967696 -5.884711682419383 6
    endloop
  endfacet
  facet normal 0 0 1
    outer loop
      vertex -24 -15 6
      vertex 1.9286367918189695 -5.681580776970634 6
      vertex 1.5529142706151244 -5.79555495773441 6
    endloop
  endfacet
  facet normal 0 0 1
    outer loop
      vertex -5.79555495773441 -1.5529142706151244 6
      vertex -18.45451867793749 -10.914110472164033 6
      vertex -5.681580776970634 -1.9286367918189695 6
    endloop
  endfacet
  facet normal 0 0 1
    outer loop
      vertex -5.79555495773441 -1.5529142706151244 6
      vertex -5.884711682419383 -1.1705419320967696 6
      vertex -18.43074355135483 -10.812144515225805 6
    endloop
  endfacet
  facet normal 0 0 1
    outer loop
      vertex -5.54327719506772 -2.2961005941905386 6
      vertex -5.681580776970634 -1.9286367918189695 6
      vertex -18.52179274798194 -11.112293491784143 6
    endloop
  endfacet
  facet normal 0 0 1
    outer loop
      vertex -5.884711682419383 -1.1705419320967696 6
      vertex -5.948669168242862 -0.7831571533203094 6
      vertex -18.403425722818234 -10.604645006768228 6
    endloop
  endfacet
  facet normal 0 0 1
    outer loop
      vertex -5.948669168242862 -0.7831571533203094 6
      vertex -5.98715353943162 -0.39241877538085834 6
      vertex -18.4 -10.5 6
    endloop
  endfacet
  facet normal 0 0 1
    outer loop
      vertex -5.98715353943162 -0.39241877538085834 6
      vertex -6 0 6
      vertex -18.403425722818234 -10.395354993231772 6
    endloop
  endfacet
  facet normal 0 0 1
    outer loop
      vertex -6 0 6
      vertex -5.98715353943162 0.39241877538085834 6
      vertex -18.413688221801902 -10.291158092447917 6
    endloop
  endfacet
  facet normal 0 0 1
    outer loop
      vertex -5.98715353943162 0.39241877538085834 6
      vertex -5.948669168242862 0.7831571533203094 6
      vertex -18.43074355135483 -10.187855484774195 6
    endloop
  endfacet
  facet normal 0 0 1
    outer loop
      vertex -5.948669168242862 0.7831571533203094 6
      vertex -5.884711682419383 1.1705419320967696 6
      vertex -18.45451867793749 -10.085889527835967 6
    endloop
  endfacet
  facet normal 0 0 1
    outer loop
      vertex -5.884711682419383 1.1705419320967696 6
      vertex -5.79555495773441 1.5529142706151244 6
      vertex -18.484911792807832 -9.985696855514941 6
    endloop
  endfacet
  facet normal 0 0 1
    outer loop
      vertex -5.79555495773441 1.5529142706151244 6
      vertex -5.681580776970634 1.9286367918189695 6
      vertex -18.484911792807832 -9.985696855514941 6
    endloop
  endfacet
  facet normal -0.8819212643483554 -0.4713967368259969 0
    outer loop
      vertex -5.196152422706632 -3 6
      vertex -5.196152422706632 -3 8
      vertex -5.3812364491961295 -2.653732141314008 6
    endloop
  endfacet
  facet normal -0.9738769792773339 -0.2270762630343721 0
    outer loop
      vertex -5.79555495773441 -1.5529142706151244 6
      vertex -5.79555495773441 -1.5529142706151244 8
      vertex -5.884711682419383 -1.1705419320967696 6
    endloop
  endfacet
  facet normal -0.9359059267573253 -0.35225004792123465 0
    outer loop
      vertex -5.54327719506772 -2.2961005941905386 6
      vertex -5.54327719506772 -2.2961005941905386 8
      vertex -5.681580776970634 -1.9286367918189695 6
    endloop
  endfacet
  facet normal -0.9108638249211762 -0.41270702980439405 0
    outer loop
      vertex -5.3812364491961295 -2.653732141314008 6
      vertex -5.3812364491961295 -2.653732141314008 8
      vertex -5.54327719506772 -2.2961005941905386 6
    endloop
  endfacet
  facet normal -0.9569403357322086 -0.29028467725446333 4.3018179372490996e-18
    outer loop
      vertex -5.79555495773441 -1.5529142706151244 6
      vertex -5.681580776970634 -1.9286367918189695 6
      vertex -5.681580776970634 -1.9286367918189695 8
    endloop
  endfacet
  facet normal -0.9866433320848791 -0.162895473394588 0
    outer loop
      vertex -5.884711682419383 -1.1705419320967696 6
      vertex -5.884711682419383 -1.1705419320967696 8
      vertex -5.948669168242862 -0.7831571533203094 6
    endloop
  endfacet
  facet normal -0.995184726672197 -0.09801714032956008 0
    outer loop
      vertex -5.948669168242862 -0.7831571533203094 6
      vertex -5.948669168242862 -0.7831571533203094 8
      vertex -5.98715353943162 -0.39241877538085834 6
    endloop
  endfacet
  facet normal -0.9994645874763656 -0.0327190828217777 0
    outer loop
      vertex -5.98715353943162 -0.39241877538085834 6
      vertex -5.98715353943162 -0.39241877538085834 8
      vertex -6 0 6
    endloop
  endfacet
  facet normal -0.528067850650369 -0.8492021815265782 0
    outer loop
      vertex -3 -5.196152422706632 6
      vertex -3 -5.196152422706632 8
      vertex -3.333421398117613 -4.988817673815271 6
    endloop
  endfacet
  facet normal -0.4713967368259969 -0.8819212643483554 1.9939020384712603e-18
    outer loop
      vertex -3 -5.196152422706632 6
      vertex -2.653732141314008 -5.3812364491961295 6
      vertex -2.653732141314008 -5.3812364491961295 8
    endloop
  endfacet
  facet normal -0.41270702980439405 -0.9108638249211762 -4.356369658806247e-18
    outer loop
      vertex -2.653732141314008 -5.3812364491961295 6
      vertex -2.2961005941905386 -5.54327719506772 6
      vertex -2.2961005941905386 -5.54327719506772 8
    endloop
  endfacet
  facet normal -0.35225004792123465 -0.9359059267573253 2.3918573271892804e-18
    outer loop
      vertex -2.2961005941905386 -5.54327719506772 6
      vertex -1.9286367918189695 -5.681580776970634 6
      vertex -1.9286367918189695 -5.681580776970634 8
    endloop
  endfacet
  facet normal -0.2270762630343721 -0.9738769792773339 1.8275944652248826e-18
    outer loop
      vertex -1.5529142706151244 -5.79555495773441 6
      vertex -1.1705419320967696 -5.884711682419383 6
      vertex -1.1705419320967696 -5.884711682419383 8
    endloop
  endfacet
  facet normal -0.29028467725446333 -0.9569403357322086 4.3018179372490996e-18
    outer loop
      vertex -1.9286367918189695 -5.681580776970634 6
      vertex -1.5529142706151244 -5.79555495773441 6
      vertex -1.5529142706151244 -5.79555495773441 8
    endloop
  endfacet
  facet normal -0.162895473394588 -0.9866433320848791 -5.59189649068848e-19
    outer loop
      vertex -1.1705419320967696 -5.884711682419383 6
      vertex -0.7831571533203094 -5.948669168242862 6
      vertex -0.7831571533203094 -5.948669168242862 8
    endloop
  endfacet
  facet normal -0.09801714032956008 -0.995184726672197 -4.2192502488200923e-19
    outer loop
      vertex -0.7831571533203094 -5.948669168242862 6
      vertex -0.39241877538085834 -5.98715353943162 6
      vertex -0.39241877538085834 -5.98715353943162 8
    endloop
  endfacet
  facet normal -0.0327190828217777 -0.9994645874763656 3.122696081424078e-19
    outer loop
      vertex -0.39241877538085834 -5.98715353943162 6
      vertex 0 -6 6
      vertex 0 -6 8
    endloop
  endfacet
  facet normal -0.7730104533627372 -0.6343932841636453 0
    outer loop
      vertex -4.511038844873865 -3.956074890600413 6
      vertex -4.511038844873865 -3.956074890600413 8
      vertex -4.760120041747411 -3.652568574052324 6
    endloop
  endfacet
  facet normal -0.729864072697836 -0.6835923020228709 -3.2394311311272782e-18
    outer loop
      vertex -4.511038844873865 -3.956074890600413 6
      vertex -4.242640687119286 -4.242640687119286 6
      vertex -4.242640687119286 -4.242640687119286 8
    endloop
  endfacet
  facet normal -0.6835923020228709 -0.729864072697836 0
    outer loop
      vertex -3.956074890600413 -4.511038844873865 6
      vertex -3.956074890600413 -4.511038844873865 8
      vertex -4.242640687119286 -4.242640687119286 6
    endloop
  endfacet
  facet normal -0.8128466845916164 -0.5824776968678006 -5.0205708162265926e-18
    outer loop
      vertex -4.988817673815271 -3.333421398117613 6
      vertex -4.760120041747411 -3.652568574052324 6
      vertex -4.760120041747411 -3.652568574052324 8
    endloop
  endfacet
  facet normal -0.8492021815265782 -0.528067850650369 4.1945091079949714e-18
    outer loop
      vertex -5.196152422706632 -3 6
      vertex -4.988817673815271 -3.333421398117613 6
      vertex -4.988817673815271 -3.333421398117613 8
    endloop
  endfacet
  facet normal -0.6343932841636453 -0.7730104533627372 -8.90985090060918e-19
    outer loop
      vertex -3.956074890600413 -4.511038844873865 6
      vertex -3.652568574052324 -4.760120041747411 6
      vertex -3.652568574052324 -4.760120041747411 8
    endloop
  endfacet
  facet normal -0.5824776968678006 -0.8128466845916164 -5.0205708162265926e-18
    outer loop
      vertex -3.652568574052324 -4.760120041747411 6
      vertex -3.333421398117613 -4.988817673815271 6
      vertex -3.333421398117613 -4.988817673815271 8
    endloop
  endfacet
  facet normal -0.8492021815265782 -0.528067850650369 0
    outer loop
      vertex -5.196152422706632 -3 6
      vertex -4.988817673815271 -3.333421398117613 8
      vertex -5.196152422706632 -3 8
    endloop
  endfacet
  facet normal -0.8819212643483554 -0.4713967368259969 0
    outer loop
      vertex -5.3812364491961295 -2.653732141314008 6
      vertex -5.196152422706632 -3 8
      vertex -5.3812364491961295 -2.653732141314008 8
    endloop
  endfacet
  facet normal -0.9738769792773339 -0.2270762630343721 0
    outer loop
      vertex -5.884711682419383 -1.1705419320967696 6
      vertex -5.79555495773441 -1.5529142706151244 8
      vertex -5.884711682419383 -1.1705419320967696 8
    endloop
  endfacet
  facet normal -0.9108638249211762 -0.41270702980439405 0
    outer loop
      vertex -5.54327719506772 -2.2961005941905386 6
      vertex -5.3812364491961295 -2.653732141314008 8
      vertex -5.54327719506772 -2.2961005941905386 8
    endloop
  endfacet
  facet normal -0.9359059267573253 -0.35225004792123465 0
    outer loop
      vertex -5.681580776970634 -1.9286367918189695 6
      vertex -5.54327719506772 -2.2961005941905386 8
      vertex -5.681580776970634 -1.9286367918189695 8
    endloop
  endfacet
  facet normal -0.9569403357322086 -0.29028467725446333 0
    outer loop
      vertex -5.79555495773441 -1.5529142706151244 6
      vertex -5.681580776970634 -1.9286367918189695 8
      vertex -5.79555495773441 -1.5529142706151244 8
    endloop
  endfacet
  facet normal -0.9866433320848791 -0.162895473394588 0
    outer loop
      vertex -5.948669168242862 -0.7831571533203094 6
      vertex -5.884711682419383 -1.1705419320967696 8
      vertex -5.948669168242862 -0.7831571533203094 8
    endloop
  endfacet
  facet normal -0.995184726672197 -0.09801714032956008 0
    outer loop
      vertex -5.98715353943162 -0.39241877538085834 6
      vertex -5.948669168242862 -0.7831571533203094 8
      vertex -5.98715353943162 -0.39241877538085834 8
    endloop
  endfacet
  facet normal -0.9994645874763656 -0.0327190828217777 3.122696081424078e-19
    outer loop
      vertex -5.98715353943162 -0.39241877538085834 8
      vertex -6 0 8
      vertex -6 0 6
    endloop
  endfacet
  facet normal 0 0 1
    outer loop
      vertex -5.884711682419383 -1.1705419320967696 8
      vertex -5.948669168242862 0.7831571533203094 8
      vertex -5.948669168242862 -0.7831571533203094 8
    endloop
  endfacet
  facet normal 0 0 1
    outer loop
      vertex -5.79555495773441 -1.5529142706151244 8
      vertex -5.884711682419383 1.1705419320967696 8
      vertex -5.884711682419383 -1.1705419320967696 8
    endloop
  endfacet
  facet normal 0 0 1
    outer loop
      vertex -5.948669168242862 -0.7831571533203094 8
      vertex -5.98715353943162 0.39241877538085834 8
      vertex -5.98715353943162 -0.39241877538085834 8
    endloop
  endfacet
  facet normal 0 0 1
    outer loop
      vertex -5.79555495773441 -1.5529142706151244 8
      vertex -5.681580776970634 -1.9286367918189695 8
      vertex -5.79555495773441 1.5529142706151244 8
    endloop
  endfacet
  facet normal 0 0 1
    outer loop
      vertex -5.54327719506772 -2.2961005941905386 8
      vertex -5.681580776970634 1.9286367918189695 8
      vertex -5.681580776970634 -1.9286367918189695 8
    endloop
  endfacet
  facet normal 0 0 1
    outer loop
      vertex -5.3812364491961295 -2.653732141314008 8
      vertex -5.54327719506772 2.2961005941905386 8
      vertex -5.54327719506772 -2.2961005941905386 8
    endloop
  endfacet
  facet normal 0 0 1
    outer loop
      vertex -5.196152422706632 -3 8
      vertex -5.3812364491961295 2.653732141314008 8
      vertex -5.3812364491961295 -2.653732141314008 8
    endloop
  endfacet
  facet normal 0 0 1
    outer loop
      vertex -5.196152422706632 -3 8
      vertex -4.988817673815271 -3.333421398117613 8
      vertex -5.196152422706632 3 8
    endloop
  endfacet
  facet normal -0.4713967368259969 -0.8819212643483554 0
    outer loop
      vertex -3 -5.196152422706632 6
      vertex -2.653732141314008 -5.3812364491961295 8
      vertex -3 -5.196152422706632 8
    endloop
  endfacet
  facet normal -0.41270702980439405 -0.9108638249211762 0
    outer loop
      vertex -2.653732141314008 -5.3812364491961295 6
      vertex -2.2961005941905386 -5.54327719506772 8
      vertex -2.653732141314008 -5.3812364491961295 8
    endloop
  endfacet
  facet normal -0.35225004792123465 -0.9359059267573253 0
    outer loop
      vertex -2.2961005941905386 -5.54327719506772 6
      vertex -1.9286367918189695 -5.681580776970634 8
      vertex -2.2961005941905386 -5.54327719506772 8
    endloop
  endfacet
  facet normal -0.2270762630343721 -0.9738769792773339 0
    outer loop
      vertex -1.5529142706151244 -5.79555495773441 6
      vertex -1.1705419320967696 -5.884711682419383 8
      vertex -1.5529142706151244 -5.79555495773441 8
    endloop
  endfacet
  facet normal -0.29028467725446333 -0.9569403357322086 0
    outer loop
      vertex -1.9286367918189695 -5.681580776970634 6
      vertex -1.5529142706151244 -5.79555495773441 8
      vertex -1.9286367918189695 -5.681580776970634 8
    endloop
  endfacet
  facet normal -0.162895473394588 -0.9866433320848791 0
    outer loop
      vertex -1.1705419320967696 -5.884711682419383 6
      vertex -0.7831571533203094 -5.948669168242862 8
      vertex -1.1705419320967696 -5.884711682419383 8
    endloop
  endfacet
  facet normal -0.09801714032956008 -0.995184726672197 0
    outer loop
      vertex -0.7831571533203094 -5.948669168242862 6
      vertex -0.39241877538085834 -5.98715353943162 8
      vertex -0.7831571533203094 -5.948669168242862 8
    endloop
  endfacet
  facet normal -0.0327190828217777 -0.9994645874763656 0
    outer loop
      vertex -0.39241877538085834 -5.98715353943162 6
      vertex 0 -6 8
      vertex -0.39241877538085834 -5.98715353943162 8
    endloop
  endfacet
  facet normal -0.6343932841636453 -0.7730104533627372 0
    outer loop
      vertex -3.956074890600413 -4.511038844873865 6
      vertex -3.652568574052324 -4.760120041747411 8
      vertex -3.956074890600413 -4.511038844873865 8
    endloop
  endfacet
  facet normal -0.729864072697836 -0.6835923020228709 0
    outer loop
      vertex -4.511038844873865 -3.956074890600413 6
      vertex -4.242640687119286 -4.242640687119286 8
      vertex -4.511038844873865 -3.956074890600413 8
    endloop
  endfacet
  facet normal -0.6835923020228709 -0.729864072697836 0
    outer loop
      vertex -4.242640687119286 -4.242640687119286 6
      vertex -3.956074890600413 -4.511038844873865 8
      vertex -4.242640687119286 -4.242640687119286 8
    endloop
  endfacet
  facet normal -0.8128466845916164 -0.5824776968678006 0
    outer loop
      vertex -4.988817673815271 -3.333421398117613 6
      vertex -4.760120041747411 -3.652568574052324 8
      vertex -4.988817673815271 -3.333421398117613 8
    endloop
  endfacet
  facet normal -0.7730104533627372 -0.6343932841636453 0
    outer loop
      vertex -4.760120041747411 -3.652568574052324 6
      vertex -4.511038844873865 -3.956074890600413 8
      vertex -4.760120041747411 -3.652568574052324 8
    endloop
  endfacet
  facet normal -0.5824776968678006 -0.8128466845916164 0
    outer loop
      vertex -3.652568574052324 -4.760120041747411 6
      vertex -3.333421398117613 -4.988817673815271 8
      vertex -3.652568574052324 -4.760120041747411 8
    endloop
  endfacet
  facet normal -0.528067850650369 -0.8492021815265782 0
    outer loop
      vertex -3.333421398117613 -4.988817673815271 6
      vertex -3 -5.196152422706632 8
      vertex -3.333421398117613 -4.988817673815271 8
    endloop
  endfacet
  facet normal 0 0 1
    outer loop
      vertex -4.511038844873865 -3.956074890600413 8
      vertex -4.760120041747411 3.652568574052324 8
      vertex -4.760120041747411 -3.652568574052324 8
    endloop
  endfacet
  facet normal 0 0 1
    outer loop
      vertex -4.511038844873865 -3.956074890600413 8
      vertex -4.242640687119286 -4.242640687119286 8
      vertex -4.511038844873865 3.956074890600413 8
    endloop
  endfacet
  facet normal 0 0 1
    outer loop
      vertex -3.956074890600413 -4.511038844873865 8
      vertex -4.242640687119286 4.242640687119286 8
      vertex -4.242640687119286 -4.242640687119286 8
    endloop
  endfacet
  facet normal 0 0 1
    outer loop
      vertex -3.956074890600413 -4.511038844873865 8
      vertex -3.652568574052324 -4.760120041747411 8
      vertex -3.956074890600413 4.511038844873865 8
    endloop
  endfacet
  facet normal 0 0 1
    outer loop
      vertex -4.988817673815271 -3.333421398117613 8
      vertex -4.760120041747411 -3.652568574052324 8
      vertex -4.988817673815271 3.333421398117613 8
    endloop
  endfacet
  facet normal 0 0 1
    outer loop
      vertex -3.652568574052324 -4.760120041747411 8
      vertex -3.333421398117613 -4.988817673815271 8
      vertex -3.652568574052324 4.760120041747411 8
    endloop
  endfacet
  facet normal 0 0 1
    outer loop
      vertex -3 -5.196152422706632 8
      vertex -3.333421398117613 4.988817673815271 8
      vertex -3.333421398117613 -4.988817673815271 8
    endloop
  endfacet
  facet normal 0 0 1
    outer loop
      vertex -3 -5.196152422706632 8
      vertex -2.653732141314008 -5.3812364491961295 8
      vertex -3 5.196152422706632 8
    endloop
  endfacet
  facet normal 0 0 1
    outer loop
      vertex -2.653732141314008 -5.3812364491961295 8
      vertex -2.2961005941905386 -5.54327719506772 8
      vertex -2.653732141314008 5.3812364491961295 8
    endloop
  endfacet
  facet normal 0 0 1
    outer loop
      vertex -2.2961005941905386 -5.54327719506772 8
      vertex -1.9286367918189695 -5.681580776970634 8
      vertex -2.2961005941905386 5.54327719506772 8
    endloop
  endfacet
  facet normal 0 0 1
    outer loop
      vertex -1.9286367918189695 -5.681580776970634 8
      vertex -1.5529142706151244 -5.79555495773441 8
      vertex -1.9286367918189695 5.681580776970634 8
    endloop
  endfacet
  facet normal 0 0 1
    outer loop
      vertex -1.5529142706151244 -5.79555495773441 8
      vertex -1.1705419320967696 -5.884711682419383 8
      vertex -1.5529142706151244 5.79555495773441 8
    endloop
  endfacet
  facet normal 0 0 1
    outer loop
      vertex -1.1705419320967696 -5.884711682419383 8
      vertex -0.7831571533203094 -5.948669168242862 8
      vertex -1.1705419320967696 5.884711682419383 8
    endloop
  endfacet
  facet normal 0 0 1
    outer loop
      vertex -0.7831571533203094 -5.948669168242862 8
      vertex -0.39241877538085834 -5.98715353943162 8
      vertex -0.7831571533203094 5.948669168242862 8
    endloop
  endfacet
  facet normal 0 0 1
    outer loop
      vertex -0.39241877538085834 -5.98715353943162 8
      vertex 0 -6 8
      vertex -0.39241877538085834 5.98715353943162 8
    endloop
  endfacet
  facet normal -1 0 0
    outer loop
      vertex -24 -15 6
      vertex -24 15 6
      vertex -24 15 5
    endloop
  endfacet
  facet normal 0 0 1
    outer loop
      vertex -24 -15 6
      vertex -21.596574277181766 10.604645006768228 6
      vertex -24 15 6
    endloop
  endfacet
  facet normal 0 0 1
    outer loop
      vertex -24 -15 6
      vertex -21.3856406460551 9.7 6
      vertex -21.4349963864523 9.792338095649598 6
    endloop
  endfacet
  facet normal 0 0 1
    outer loop
      vertex -24 -15 6
      vertex -21.4349963864523 9.792338095649598 6
      vertex -21.47820725201806 9.887706508215857 6
    endloop
  endfacet
  facet normal 0 0 1
    outer loop
      vertex -24 -15 6
      vertex -21.33035137968407 9.611087627168637 6
      vertex -21.3856406460551 9.7 6
    endloop
  endfacet
  facet normal 0 0 1
    outer loop
      vertex -24 -15 6
      vertex -21.54548132206251 10.085889527835967 6
      vertex -21.56925644864517 10.187855484774195 6
    endloop
  endfacet
  facet normal 0 0 1
    outer loop
      vertex -24 -15 6
      vertex -21.515088207192168 9.985696855514941 6
      vertex -21.54548132206251 10.085889527835967 6
    endloop
  endfacet
  facet normal 0 0 1
    outer loop
      vertex -24 -15 6
      vertex -21.47820725201806 9.887706508215857 6
      vertex -21.515088207192168 9.985696855514941 6
    endloop
  endfacet
  facet normal 0 0 1
    outer loop
      vertex -24 -15 6
      vertex -21.56925644864517 10.187855484774195 6
      vertex -21.586311778198098 10.291158092447917 6
    endloop
  endfacet
  facet normal 0 0 1
    outer loop
      vertex -24 -15 6
      vertex -21.586311778198098 10.291158092447917 6
      vertex -21.596574277181766 10.395354993231772 6
    endloop
  endfacet
  facet normal 0 0 1
    outer loop
      vertex -24 -15 6
      vertex -21.596574277181766 10.395354993231772 6
      vertex -21.6 10.5 6
    endloop
  endfacet
  facet normal 0 0 1
    outer loop
      vertex -24 -15 6
      vertex -21.6 10.5 6
      vertex -21.596574277181766 10.604645006768228 6
    endloop
  endfacet
  facet normal 0 0 1
    outer loop
      vertex -21.202943691966365 -9.44504669583989 6
      vertex -21.202943691966365 9.44504669583989 6
      vertex -21.269365344465974 9.525981713586047 6
    endloop
  endfacet
  facet normal 0 0 1
    outer loop
      vertex -21.131370849898477 -9.368629150101524 6
      vertex -21.131370849898477 9.368629150101524 6
      vertex -21.202943691966365 9.44504669583989 6
    endloop
  endfacet
  facet normal 0 0 1
    outer loop
      vertex -21.269365344465974 -9.525981713586047 6
      vertex -21.269365344465974 9.525981713586047 6
      vertex -21.33035137968407 9.611087627168637 6
    endloop
  endfacet
  facet normal 0 0 1
    outer loop
      vertex -21.05495330416011 -9.297056308033635 6
      vertex -21.05495330416011 9.297056308033635 6
      vertex -21.131370849898477 9.368629150101524 6
    endloop
  endfacet
  facet normal 0 0 1
    outer loop
      vertex -20.97401828641395 -9.230634655534024 6
      vertex -20.97401828641395 9.230634655534024 6
      vertex -21.05495330416011 9.297056308033635 6
    endloop
  endfacet
  facet normal 0 0 1
    outer loop
      vertex -20.888912372831363 -9.169648620315927 6
      vertex -20.888912372831363 9.169648620315927 6
      vertex -20.97401828641395 9.230634655534024 6
    endloop
  endfacet
  facet normal 0 0 1
    outer loop
      vertex -20.8 -9.114359353944899 6
      vertex -20.8 9.114359353944899 6
      vertex -20.888912372831363 9.169648620315927 6
    endloop
  endfacet
  facet normal 0 0 1
    outer loop
      vertex -20.707661904350402 -9.065003613547699 6
      vertex -20.707661904350402 9.065003613547699 6
      vertex -20.8 9.114359353944899 6
    endloop
  endfacet
  facet normal 0 0 1
    outer loop
      vertex -20.612293491784143 -9.02179274798194 6
      vertex -20.612293491784143 9.02179274798194 6
      vertex -20.707661904350402 9.065003613547699 6
    endloop
  endfacet
  facet normal 0 0 1
    outer loop
      vertex -20.51430314448506 -8.98491179280783 6
      vertex -20.51430314448506 8.98491179280783 6
      vertex -20.612293491784143 9.02179274798194 6
    endloop
  endfacet
  facet normal 0 0 1
    outer loop
      vertex -24 15 6
      vertex -21.596574277181766 10.604645006768228 6
      vertex -21.586311778198098 10.708841907552083 6
    endloop
  endfacet
  facet normal 0 0 1
    outer loop
      vertex -24 15 6
      vertex -21.56925644864517 10.812144515225805 6
      vertex -21.54548132206251 10.914110472164033 6
    endloop
  endfacet
  facet normal 0 0 1
    outer loop
      vertex -24 15 6
      vertex -21.586311778198098 10.708841907552083 6
      vertex -21.56925644864517 10.812144515225805 6
    endloop
  endfacet
  facet normal 0 0 1
    outer loop
      vertex -24 15 6
      vertex -21.54548132206251 10.914110472164033 6
      vertex -21.515088207192168 11.014303144485059 6
    endloop
  endfacet
  facet normal 0 0 1
    outer loop
      vertex -24 15 6
      vertex -21.515088207192168 11.014303144485059 6
      vertex -21.47820725201806 11.112293491784143 6
    endloop
  endfacet
  facet normal 0 0 1
    outer loop
      vertex -24 15 6
      vertex -21.47820725201806 11.112293491784143 6
      vertex -21.4349963864523 11.207661904350402 6
    endloop
  endfacet
  facet normal 0 0 1
    outer loop
      vertex -24 15 6
      vertex -21.4349963864523 11.207661904350402 6
      vertex -21.3856406460551 11.3 6
    endloop
  endfacet
  facet normal 0 0 1
    outer loop
      vertex -24 15 6
      vertex -21.3856406460551 11.3 6
      vertex -21.33035137968407 11.388912372831363 6
    endloop
  endfacet
  facet normal 0 0 1
    outer loop
      vertex -24 15 6
      vertex -21.33035137968407 11.388912372831363 6
      vertex -21.269365344465974 11.474018286413953 6
    endloop
  endfacet
  facet normal 0 0 1
    outer loop
      vertex -24 15 6
      vertex -21.202943691966365 11.55495330416011 6
      vertex -21.131370849898477 11.631370849898476 6
    endloop
  endfacet
  facet normal 0 0 1
    outer loop
      vertex -24 15 6
      vertex -21.269365344465974 11.474018286413953 6
      vertex -21.202943691966365 11.55495330416011 6
    endloop
  endfacet
  facet normal 0 0 1
    outer loop
      vertex -24 15 6
      vertex -21.131370849898477 11.631370849898476 6
      vertex -21.05495330416011 11.702943691966365 6
    endloop
  endfacet
  facet normal 0 0 1
    outer loop
      vertex -24 15 6
      vertex -20.97401828641395 11.769365344465976 6
      vertex -20.888912372831363 11.830351379684073 6
    endloop
  endfacet
  facet normal 0 0 1
    outer loop
      vertex -24 15 6
      vertex -21.05495330416011 11.702943691966365 6
      vertex -20.97401828641395 11.769365344465976 6
    endloop
  endfacet
  facet normal 0 0 1
    outer loop
      vertex -24 15 6
      vertex -20.888912372831363 11.830351379684073 6
      vertex -20.8 11.885640646055101 6
    endloop
  endfacet
  facet normal 0 0 1
    outer loop
      vertex -24 15 6
      vertex -20.8 11.885640646055101 6
      vertex -20.707661904350402 11.934996386452301 6
    endloop
  endfacet
  facet normal 0 0 1
    outer loop
      vertex -24 15 6
      vertex -20.707661904350402 11.934996386452301 6
      vertex -20.612293491784143 11.97820725201806 6
    endloop
  endfacet
  facet normal 0 0 1
    outer loop
      vertex -24 15 6
      vertex -20.612293491784143 11.97820725201806 6
      vertex -20.51430314448506 12.01508820719217 6
    endloop
  endfacet
  facet normal 0 0 1
    outer loop
      vertex -24 15 6
      vertex -20.51430314448506 12.01508820719217 6
      vertex -20.414110472164033 12.045481322062509 6
    endloop
  endfacet
  facet normal 0 0 1
    outer loop
      vertex -24 15 6
      vertex -20.414110472164033 12.045481322062509 6
      vertex -20.312144515225807 12.069256448645168 6
    endloop
  endfacet
  facet normal 0 0 1
    outer loop
      vertex -24 15 6
      vertex -20.312144515225807 12.069256448645168 6
      vertex -20.20884190755208 12.086311778198096 6
    endloop
  endfacet
  facet normal 0 0 1
    outer loop
      vertex -24 15 6
      vertex -20.20884190755208 12.086311778198096 6
      vertex -20.10464500676823 12.096574277181766 6
    endloop
  endfacet
  facet normal 0 0 1
    outer loop
      vertex -24 15 6
      vertex -20.10464500676823 12.096574277181766 6
      vertex -20 12.1 6
    endloop
  endfacet
  facet normal 0 0 1
    outer loop
      vertex -24 15 6
      vertex -20 12.1 6
      vertex -19.89535499323177 12.096574277181766 6
    endloop
  endfacet
  facet normal 0 0 1
    outer loop
      vertex -24 15 6
      vertex -19.89535499323177 12.096574277181766 6
      vertex -19.79115809244792 12.086311778198096 6
    endloop
  endfacet
  facet normal 0 0 1
    outer loop
      vertex -24 15 6
      vertex -19.79115809244792 12.086311778198096 6
      vertex -19.687855484774193 12.069256448645168 6
    endloop
  endfacet
  facet normal 0 0 1
    outer loop
      vertex -24 15 6
      vertex -19.687855484774193 12.069256448645168 6
      vertex -19.585889527835967 12.045481322062509 6
    endloop
  endfacet
  facet normal 0 0 1
    outer loop
      vertex -24 15 6
      vertex -19.585889527835967 12.045481322062509 6
      vertex -19.48569685551494 12.01508820719217 6
    endloop
  endfacet
  facet normal 0 0 1
    outer loop
      vertex -24 15 6
      vertex -19.387706508215857 11.97820725201806 6
      vertex -19.292338095649598 11.934996386452301 6
    endloop
  endfacet
  facet normal 0 0 1
    outer loop
      vertex -24 15 6
      vertex -19.292338095649598 11.934996386452301 6
      vertex -19.2 11.885640646055101 6
    endloop
  endfacet
  facet normal 0 0 1
    outer loop
      vertex -24 15 6
      vertex -19.48569685551494 12.01508820719217 6
      vertex -19.387706508215857 11.97820725201806 6
    endloop
  endfacet
  facet normal 0 0 1
    outer loop
      vertex -24 15 6
      vertex -19.2 11.885640646055101 6
      vertex -19.111087627168637 11.830351379684073 6
    endloop
  endfacet
  facet normal 0 1 0
    outer loop
      vertex -24 15 5
      vertex -24 15 6
      vertex 24 15 5
    endloop
  endfacet
  facet normal 0 0 1
    outer loop
      vertex -20.414110472164033 -8.954518677937491 6
      vertex -20.414110472164033 8.954518677937491 6
      vertex -20.51430314448506 8.98491179280783 6
    endloop
  endfacet
  facet normal 0 0 1
    outer loop
      vertex -20.312144515225807 -8.930743551354832 6
      vertex -20.312144515225807 8.930743551354832 6
      vertex -20.414110472164033 8.954518677937491 6
    endloop
  endfacet
  facet normal 0 0 1
    outer loop
      vertex -20.20884190755208 -8.913688221801904 6
      vertex -20.20884190755208 8.913688221801904 6
      vertex -20.312144515225807 8.930743551354832 6
    endloop
  endfacet
  facet normal 0 0 1
    outer loop
      vertex -20.10464500676823 -8.903425722818234 6
      vertex -20.10464500676823 8.903425722818234 6
      vertex -20.20884190755208 8.913688221801904 6
    endloop
  endfacet
  facet normal 0 0 1
    outer loop
      vertex -20 -8.9 6
      vertex -20 8.9 6
      vertex -20.10464500676823 8.903425722818234 6
    endloop
  endfacet
  facet normal 0 0 1
    outer loop
      vertex -19.89535499323177 -8.903425722818234 6
      vertex -19.89535499323177 8.903425722818234 6
      vertex -20 8.9 6
    endloop
  endfacet
  facet normal 0 0 1
    outer loop
      vertex -19.79115809244792 -8.913688221801904 6
      vertex -19.79115809244792 8.913688221801904 6
      vertex -19.89535499323177 8.903425722818234 6
    endloop
  endfacet
  facet normal 0 0 1
    outer loop
      vertex -19.687855484774193 -8.930743551354832 6
      vertex -19.687855484774193 8.930743551354832 6
      vertex -19.79115809244792 8.913688221801904 6
    endloop
  endfacet
  facet normal 0 0 1
    outer loop
      vertex -19.585889527835967 -8.954518677937491 6
      vertex -19.585889527835967 8.954518677937491 6
      vertex -19.687855484774193 8.930743551354832 6
    endloop
  endfacet
  facet normal 0 0 1
    outer loop
      vertex -19.48569685551494 -8.98491179280783 6
      vertex -19.48569685551494 8.98491179280783 6
      vertex -19.585889527835967 8.954518677937491 6
    endloop
  endfacet
  facet normal 0 0 1
    outer loop
      vertex -19.387706508215857 -9.02179274798194 6
      vertex -19.387706508215857 9.02179274798194 6
      vertex -19.48569685551494 8.98491179280783 6
    endloop
  endfacet
  facet normal 0 0 1
    outer loop
      vertex -19.292338095649598 -9.065003613547699 6
      vertex -19.292338095649598 9.065003613547699 6
      vertex -19.387706508215857 9.02179274798194 6
    endloop
  endfacet
  facet normal 0 0 1
    outer loop
      vertex -19.2 -9.114359353944899 6
      vertex -19.2 9.114359353944899 6
      vertex -19.292338095649598 9.065003613547699 6
    endloop
  endfacet
  facet normal 0 0 1
    outer loop
      vertex -19.111087627168637 -9.169648620315927 6
      vertex -19.111087627168637 9.169648620315927 6
      vertex -19.2 9.114359353944899 6
    endloop
  endfacet
  facet normal 0 0 1
    outer loop
      vertex -19.02598171358605 -9.230634655534024 6
      vertex -19.02598171358605 9.230634655534024 6
      vertex -19.111087627168637 9.169648620315927 6
    endloop
  endfacet
  facet normal 0 0 1
    outer loop
      vertex -18.94504669583989 -9.297056308033635 6
      vertex -18.868629150101523 9.368629150101524 6
      vertex -18.94504669583989 9.297056308033635 6
    endloop
  endfacet
  facet normal 0 0 1
    outer loop
      vertex -18.94504669583989 -9.297056308033635 6
      vertex -18.94504669583989 9.297056308033635 6
      vertex -19.02598171358605 9.230634655534024 6
    endloop
  endfacet
  facet normal 0 0 1
    outer loop
      vertex -18.94504669583989 -9.297056308033635 6
      vertex -18.797056308033635 9.44504669583989 6
      vertex -18.868629150101523 9.368629150101524 6
    endloop
  endfacet
  facet normal 0 0 1
    outer loop
      vertex -18.94504669583989 -9.297056308033635 6
      vertex -18.730634655534026 9.525981713586047 6
      vertex -18.797056308033635 9.44504669583989 6
    endloop
  endfacet
  facet normal 0 0 1
    outer loop
      vertex -24 15 6
      vertex -19.111087627168637 11.830351379684073 6
      vertex -5.196152422706632 3 6
    endloop
  endfacet
  facet normal 0 0 1
    outer loop
      vertex -5.681580776970634 1.9286367918189695 6
      vertex -18.730634655534026 9.525981713586047 6
      vertex -18.94504669583989 -9.297056308033635 6
    endloop
  endfacet
  facet normal 0 0 1
    outer loop
      vertex -5.681580776970634 1.9286367918189695 6
      vertex -18.66964862031593 9.611087627168637 6
      vertex -18.730634655534026 9.525981713586047 6
    endloop
  endfacet
  facet normal 0 0 1
    outer loop
      vertex -5.681580776970634 1.9286367918189695 6
      vertex -18.6143593539449 9.7 6
      vertex -18.66964862031593 9.611087627168637 6
    endloop
  endfacet
  facet normal 0 0 1
    outer loop
      vertex -5.681580776970634 1.9286367918189695 6
      vertex -18.52179274798194 9.887706508215857 6
      vertex -18.5650036135477 9.792338095649598 6
    endloop
  endfacet
  facet normal 0 0 1
    outer loop
      vertex -5.681580776970634 1.9286367918189695 6
      vertex -18.5650036135477 9.792338095649598 6
      vertex -18.6143593539449 9.7 6
    endloop
  endfacet
  facet normal 0 0 1
    outer loop
      vertex -5.681580776970634 1.9286367918189695 6
      vertex -18.484911792807832 9.985696855514941 6
      vertex -18.52179274798194 9.887706508215857 6
    endloop
  endfacet
  facet normal 0 0 1
    outer loop
      vertex -5.681580776970634 1.9286367918189695 6
      vertex -18.45451867793749 10.085889527835967 6
      vertex -18.484911792807832 9.985696855514941 6
    endloop
  endfacet
  facet normal 0 0 1
    outer loop
      vertex -5.681580776970634 1.9286367918189695 6
      vertex -18.43074355135483 10.187855484774195 6
      vertex -18.45451867793749 10.085889527835967 6
    endloop
  endfacet
  facet normal 0 0 1
    outer loop
      vertex -5.681580776970634 1.9286367918189695 6
      vertex -18.413688221801902 10.291158092447917 6
      vertex -18.43074355135483 10.187855484774195 6
    endloop
  endfacet
  facet normal 0 0 1
    outer loop
      vertex -5.681580776970634 1.9286367918189695 6
      vertex -18.403425722818234 10.395354993231772 6
      vertex -18.413688221801902 10.291158092447917 6
    endloop
  endfacet
  facet normal 0 0 1
    outer loop
      vertex -5.681580776970634 1.9286367918189695 6
      vertex -18.403425722818234 10.604645006768228 6
      vertex -18.4 10.5 6
    endloop
  endfacet
  facet normal 0 0 1
    outer loop
      vertex -5.681580776970634 1.9286367918189695 6
      vertex -18.4 10.5 6
      vertex -18.403425722818234 10.395354993231772 6
    endloop
  endfacet
  facet normal 0 0 1
    outer loop
      vertex -5.681580776970634 1.9286367918189695 6
      vertex -18.43074355135483 10.812144515225805 6
      vertex -18.413688221801902 10.708841907552083 6
    endloop
  endfacet
  facet normal 0 0 1
    outer loop
      vertex -5.681580776970634 1.9286367918189695 6
      vertex -18.413688221801902 10.708841907552083 6
      vertex -18.403425722818234 10.604645006768228 6
    endloop
  endfacet
  facet normal 0 0 1
    outer loop
      vertex -5.681580776970634 1.9286367918189695 6
      vertex -18.45451867793749 10.914110472164033 6
      vertex -18.43074355135483 10.812144515225805 6
    endloop
  endfacet
  facet normal 0 0 1
    outer loop
      vertex -5.681580776970634 1.9286367918189695 6
      vertex -18.484911792807832 11.014303144485059 6
      vertex -18.45451867793749 10.914110472164033 6
    endloop
  endfacet
  facet normal 0 0 1
    outer loop
      vertex -5.54327719506772 2.2961005941905386 6
      vertex -18.52179274798194 11.112293491784143 6
      vertex -18.484911792807832 11.014303144485059 6
    endloop
  endfacet
  facet normal 0 0 1
    outer loop
      vertex -5.54327719506772 2.2961005941905386 6
      vertex -18.5650036135477 11.207661904350402 6
      vertex -18.52179274798194 11.112293491784143 6
    endloop
  endfacet
  facet normal 0 0 1
    outer loop
      vertex -5.196152422706632 3 6
      vertex -19.111087627168637 11.830351379684073 6
      vertex -19.02598171358605 11.769365344465976 6
    endloop
  endfacet
  facet normal 0 0 1
    outer loop
      vertex -5.3812364491961295 2.653732141314008 6
      vertex -18.730634655534026 11.474018286413953 6
      vertex -18.66964862031593 11.388912372831363 6
    endloop
  endfacet
  facet normal 0 0 1
    outer loop
      vertex -5.3812364491961295 2.653732141314008 6
      vertex -18.6143593539449 11.3 6
      vertex -18.5650036135477 11.207661904350402 6
    endloop
  endfacet
  facet normal 0 0 1
    outer loop
      vertex -5.3812364491961295 2.653732141314008 6
      vertex -18.66964862031593 11.388912372831363 6
      vertex -18.6143593539449 11.3 6
    endloop
  endfacet
  facet normal 0 0 1
    outer loop
      vertex -5.196152422706632 3 6
      vertex -18.94504669583989 11.702943691966365 6
      vertex -18.868629150101523 11.631370849898476 6
    endloop
  endfacet
  facet normal 0 0 1
    outer loop
      vertex -5.196152422706632 3 6
      vertex -18.868629150101523 11.631370849898476 6
      vertex -18.797056308033635 11.55495330416011 6
    endloop
  endfacet
  facet normal 0 0 1
    outer loop
      vertex -5.196152422706632 3 6
      vertex -19.02598171358605 11.769365344465976 6
      vertex -18.94504669583989 11.702943691966365 6
    endloop
  endfacet
  facet normal 0 0 1
    outer loop
      vertex -5.196152422706632 3 6
      vertex -18.797056308033635 11.55495330416011 6
      vertex -18.730634655534026 11.474018286413953 6
    endloop
  endfacet
  facet normal 0 0 1
    outer loop
      vertex -24 15 6
      vertex -5.196152422706632 3 6
      vertex -4.988817673815271 3.333421398117613 6
    endloop
  endfacet
  facet normal 0 0 1
    outer loop
      vertex -24 15 6
      vertex -4.988817673815271 3.333421398117613 6
      vertex -4.760120041747411 3.652568574052324 6
    endloop
  endfacet
  facet normal 0 0 1
    outer loop
      vertex -24 15 6
      vertex -4.760120041747411 3.652568574052324 6
      vertex -4.511038844873865 3.956074890600413 6
    endloop
  endfacet
  facet normal 0 0 1
    outer loop
      vertex -24 15 6
      vertex -4.511038844873865 3.956074890600413 6
      vertex -4.242640687119286 4.242640687119286 6
    endloop
  endfacet
  facet normal 0 0 1
    outer loop
      vertex -24 15 6
      vertex -4.242640687119286 4.242640687119286 6
      vertex -3.956074890600413 4.511038844873865 6
    endloop
  endfacet
  facet normal 0 0 1
    outer loop
      vertex -24 15 6
      vertex -3.956074890600413 4.511038844873865 6
      vertex -3.652568574052324 4.760120041747411 6
    endloop
  endfacet
  facet normal 0 0 1
    outer loop
      vertex -24 15 6
      vertex -3.652568574052324 4.760120041747411 6
      vertex -3.333421398117613 4.988817673815271 6
    endloop
  endfacet
  facet normal 0 0 1
    outer loop
      vertex -5.681580776970634 1.9286367918189695 6
      vertex -5.54327719506772 2.2961005941905386 6
      vertex -18.484911792807832 11.014303144485059 6
    endloop
  endfacet
  facet normal -0.9994645874763656 0.0327190828217777 0
    outer loop
      vertex -6 0 6
      vertex -6 0 8
      vertex -5.98715353943162 0.39241877538085834 6
    endloop
  endfacet
  facet normal -0.995184726672197 0.09801714032956008 0
    outer loop
      vertex -5.98715353943162 0.39241877538085834 6
      vertex -5.98715353943162 0.39241877538085834 8
      vertex -5.948669168242862 0.7831571533203094 6
    endloop
  endfacet
  facet normal -0.9866433320848791 0.162895473394588 0
    outer loop
      vertex -5.948669168242862 0.7831571533203094 6
      vertex -5.948669168242862 0.7831571533203094 8
      vertex -5.884711682419383 1.1705419320967696 6
    endloop
  endfacet
  facet normal -0.9738769792773339 0.2270762630343721 0
    outer loop
      vertex -5.884711682419383 1.1705419320967696 6
      vertex -5.884711682419383 1.1705419320967696 8
      vertex -5.79555495773441 1.5529142706151244 6
    endloop
  endfacet
  facet normal -0.9569403357322086 0.29028467725446333 0
    outer loop
      vertex -5.79555495773441 1.5529142706151244 6
      vertex -5.79555495773441 1.5529142706151244 8
      vertex -5.681580776970634 1.9286367918189695 6
    endloop
  endfacet
  facet normal -0.9359059267573253 0.35225004792123465 0
    outer loop
      vertex -5.681580776970634 1.9286367918189695 6
      vertex -5.681580776970634 1.9286367918189695 8
      vertex -5.54327719506772 2.2961005941905386 6
    endloop
  endfacet
  facet normal -0.9108638249211762 0.41270702980439405 0
    outer loop
      vertex -5.54327719506772 2.2961005941905386 6
      vertex -5.54327719506772 2.2961005941905386 8
      vertex -5.3812364491961295 2.653732141314008 6
    endloop
  endfacet
  facet normal -0.8819212643483554 0.4713967368259969 0
    outer loop
      vertex -5.3812364491961295 2.653732141314008 6
      vertex -5.3812364491961295 2.653732141314008 8
      vertex -5.196152422706632 3 6
    endloop
  endfacet
  facet normal -0.8492021815265782 0.528067850650369 0
    outer loop
      vertex -5.196152422706632 3 6
      vertex -5.196152422706632 3 8
      vertex -4.988817673815271 3.333421398117613 6
    endloop
  endfacet
  facet normal 0 0 1
    outer loop
      vertex -5.54327719506772 2.2961005941905386 6
      vertex -5.3812364491961295 2.653732141314008 6
      vertex -18.5650036135477 11.207661904350402 6
    endloop
  endfacet
  facet normal 0 0 1
    outer loop
      vertex -5.3812364491961295 2.653732141314008 6
      vertex -5.196152422706632 3 6
      vertex -18.730634655534026 11.474018286413953 6
    endloop
  endfacet
  facet normal 0 0 1
    outer loop
      vertex -24 15 6
      vertex -3.333421398117613 4.988817673815271 6
      vertex -3 5.196152422706632 6
    endloop
  endfacet
  facet normal 0 0 1
    outer loop
      vertex -24 15 6
      vertex -3 5.196152422706632 6
      vertex -2.653732141314008 5.3812364491961295 6
    endloop
  endfacet
  facet normal 0 0 1
    outer loop
      vertex -24 15 6
      vertex -2.653732141314008 5.3812364491961295 6
      vertex -2.2961005941905386 5.54327719506772 6
    endloop
  endfacet
  facet normal 0 0 1
    outer loop
      vertex -24 15 6
      vertex -2.2961005941905386 5.54327719506772 6
      vertex -1.9286367918189695 5.681580776970634 6
    endloop
  endfacet
  facet normal -0.8128466845916164 0.5824776968678006 0
    outer loop
      vertex -4.988817673815271 3.333421398117613 6
      vertex -4.988817673815271 3.333421398117613 8
      vertex -4.760120041747411 3.652568574052324 6
    endloop
  endfacet
  facet normal -0.7730104533627372 0.6343932841636453 0
    outer loop
      vertex -4.760120041747411 3.652568574052324 6
      vertex -4.760120041747411 3.652568574052324 8
      vertex -4.511038844873865 3.956074890600413 6
    endloop
  endfacet
  facet normal -0.729864072697836 0.6835923020228709 0
    outer loop
      vertex -4.511038844873865 3.956074890600413 6
      vertex -4.511038844873865 3.956074890600413 8
      vertex -4.242640687119286 4.242640687119286 6
    endloop
  endfacet
  facet normal -0.6835923020228709 0.729864072697836 0
    outer loop
      vertex -4.242640687119286 4.242640687119286 6
      vertex -4.242640687119286 4.242640687119286 8
      vertex -3.956074890600413 4.511038844873865 6
    endloop
  endfacet
  facet normal -0.6343932841636453 0.7730104533627372 0
    outer loop
      vertex -3.956074890600413 4.511038844873865 6
      vertex -3.956074890600413 4.511038844873865 8
      vertex -3.652568574052324 4.760120041747411 6
    endloop
  endfacet
  facet normal -0.5824776968678006 0.8128466845916164 0
    outer loop
      vertex -3.652568574052324 4.760120041747411 6
      vertex -3.652568574052324 4.760120041747411 8
      vertex -3.333421398117613 4.988817673815271 6
    endloop
  endfacet
  facet normal -0.528067850650369 0.8492021815265782 0
    outer loop
      vertex -3.333421398117613 4.988817673815271 6
      vertex -3.333421398117613 4.988817673815271 8
      vertex -3 5.196152422706632 6
    endloop
  endfacet
  facet normal -0.4713967368259969 0.8819212643483554 0
    outer loop
      vertex -3 5.196152422706632 6
      vertex -3 5.196152422706632 8
      vertex -2.653732141314008 5.3812364491961295 6
    endloop
  endfacet
  facet normal -0.41270702980439405 0.9108638249211762 0
    outer loop
      vertex -2.653732141314008 5.3812364491961295 6
      vertex -2.653732141314008 5.3812364491961295 8
      vertex -2.2961005941905386 5.54327719506772 6
    endloop
  endfacet
  facet normal -0.35225004792123465 0.9359059267573253 0
    outer loop
      vertex -2.2961005941905386 5.54327719506772 6
      vertex -2.2961005941905386 5.54327719506772 8
      vertex -1.9286367918189695 5.681580776970634 6
    endloop
  endfacet
  facet normal -0.29028467725446333 0.9569403357322086 0
    outer loop
      vertex -1.9286367918189695 5.681580776970634 6
      vertex -1.9286367918189695 5.681580776970634 8
      vertex -1.5529142706151244 5.79555495773441 6
    endloop
  endfacet
  facet normal -0.2270762630343721 0.9738769792773339 0
    outer loop
      vertex -1.5529142706151244 5.79555495773441 6
      vertex -1.5529142706151244 5.79555495773441 8
      vertex -1.1705419320967696 5.884711682419383 6
    endloop
  endfacet
  facet normal -0.162895473394588 0.9866433320848791 0
    outer loop
      vertex -1.1705419320967696 5.884711682419383 6
      vertex -1.1705419320967696 5.884711682419383 8
      vertex -0.7831571533203094 5.948669168242862 6
    endloop
  endfacet
  facet normal -0.09801714032956008 0.995184726672197 0
    outer loop
      vertex -0.7831571533203094 5.948669168242862 6
      vertex -0.7831571533203094 5.948669168242862 8
      vertex -0.39241877538085834 5.98715353943162 6
    endloop
  endfacet
  facet normal -0.0327190828217777 0.9994645874763656 0
    outer loop
      vertex -0.39241877538085834 5.98715353943162 6
      vertex -0.39241877538085834 5.98715353943162 8
      vertex 0 6 6
    endloop
  endfacet
  facet normal -0.9994645874763656 0.0327190828217777 0
    outer loop
      vertex -5.98715353943162 0.39241877538085834 6
      vertex -6 0 8
      vertex -5.98715353943162 0.39241877538085834 8
    endloop
  endfacet
  facet normal -0.995184726672197 0.09801714032956008 0
    outer loop
      vertex -5.948669168242862 0.7831571533203094 6
      vertex -5.98715353943162 0.39241877538085834 8
      vertex -5.948669168242862 0.7831571533203094 8
    endloop
  endfacet
  facet normal -0.9866433320848791 0.162895473394588 0
    outer loop
      vertex -5.884711682419383 1.1705419320967696 6
      vertex -5.948669168242862 0.7831571533203094 8
      vertex -5.884711682419383 1.1705419320967696 8
    endloop
  endfacet
  facet normal -0.9738769792773339 0.2270762630343721 0
    outer loop
      vertex -5.79555495773441 1.5529142706151244 6
      vertex -5.884711682419383 1.1705419320967696 8
      vertex -5.79555495773441 1.5529142706151244 8
    endloop
  endfacet
  facet normal -0.9569403357322086 0.29028467725446333 0
    outer loop
      vertex -5.681580776970634 1.9286367918189695 6
      vertex -5.79555495773441 1.5529142706151244 8
      vertex -5.681580776970634 1.9286367918189695 8
    endloop
  endfacet
  facet normal -0.9359059267573253 0.35225004792123465 0
    outer loop
      vertex -5.54327719506772 2.2961005941905386 6
      vertex -5.681580776970634 1.9286367918189695 8
      vertex -5.54327719506772 2.2961005941905386 8
    endloop
  endfacet
  facet normal -0.9108638249211762 0.41270702980439405 0
    outer loop
      vertex -5.3812364491961295 2.653732141314008 6
      vertex -5.54327719506772 2.2961005941905386 8
      vertex -5.3812364491961295 2.653732141314008 8
    endloop
  endfacet
  facet normal -0.8819212643483554 0.4713967368259969 0
    outer loop
      vertex -5.196152422706632 3 6
      vertex -5.3812364491961295 2.653732141314008 8
      vertex -5.196152422706632 3 8
    endloop
  endfacet
  facet normal 0 0 1
    outer loop
      vertex -5.98715353943162 -0.39241877538085834 8
      vertex -5.98715353943162 0.39241877538085834 8
      vertex -6 0 8
    endloop
  endfacet
  facet normal 0 0 1
    outer loop
      vertex -5.948669168242862 -0.7831571533203094 8
      vertex -5.948669168242862 0.7831571533203094 8
      vertex -5.98715353943162 0.39241877538085834 8
    endloop
  endfacet
  facet normal 0 0 1
    outer loop
      vertex -5.884711682419383 -1.1705419320967696 8
      vertex -5.884711682419383 1.1705419320967696 8
      vertex -5.948669168242862 0.7831571533203094 8
    endloop
  endfacet
  facet normal 0 0 1
    outer loop
      vertex -5.79555495773441 -1.5529142706151244 8
      vertex -5.79555495773441 1.5529142706151244 8
      vertex -5.884711682419383 1.1705419320967696 8
    endloop
  endfacet
  facet normal 0 0 1
    outer loop
      vertex -5.681580776970634 -1.9286367918189695 8
      vertex -5.681580776970634 1.9286367918189695 8
      vertex -5.79555495773441 1.5529142706151244 8
    endloop
  endfacet
  facet normal 0 0 1
    outer loop
      vertex -5.54327719506772 -2.2961005941905386 8
      vertex -5.54327719506772 2.2961005941905386 8
      vertex -5.681580776970634 1.9286367918189695 8
    endloop
  endfacet
  facet normal 0 0 1
    outer loop
      vertex -5.3812364491961295 -2.653732141314008 8
      vertex -5.3812364491961295 2.653732141314008 8
      vertex -5.54327719506772 2.2961005941905386 8
    endloop
  endfacet
  facet normal 0 0 1
    outer loop
      vertex -5.196152422706632 -3 8
      vertex -5.196152422706632 3 8
      vertex -5.3812364491961295 2.653732141314008 8
    endloop
  endfacet
  facet normal -0.8492021815265782 0.528067850650369 0
    outer loop
      vertex -4.988817673815271 3.333421398117613 6
      vertex -5.196152422706632 3 8
      vertex -4.988817673815271 3.333421398117613 8
    endloop
  endfacet
  facet normal -0.8128466845916164 0.5824776968678006 0
    outer loop
      vertex -4.760120041747411 3.652568574052324 6
      vertex -4.988817673815271 3.333421398117613 8
      vertex -4.760120041747411 3.652568574052324 8
    endloop
  endfacet
  facet normal -0.7730104533627372 0.6343932841636453 0
    outer loop
      vertex -4.511038844873865 3.956074890600413 6
      vertex -4.760120041747411 3.652568574052324 8
      vertex -4.511038844873865 3.956074890600413 8
    endloop
  endfacet
  facet normal -0.729864072697836 0.6835923020228709 0
    outer loop
      vertex -4.242640687119286 4.242640687119286 6
      vertex -4.511038844873865 3.956074890600413 8
      vertex -4.242640687119286 4.242640687119286 8
    endloop
  endfacet
  facet normal -0.6835923020228709 0.729864072697836 0
    outer loop
      vertex -3.956074890600413 4.511038844873865 6
      vertex -4.242640687119286 4.242640687119286 8
      vertex -3.956074890600413 4.511038844873865 8
    endloop
  endfacet
  facet normal -0.6343932841636453 0.7730104533627372 0
    outer loop
      vertex -3.652568574052324 4.760120041747411 6
      vertex -3.956074890600413 4.511038844873865 8
      vertex -3.652568574052324 4.760120041747411 8
    endloop
  endfacet
  facet normal -0.5824776968678006 0.8128466845916164 0
    outer loop
      vertex -3.333421398117613 4.988817673815271 6
      vertex -3.652568574052324 4.760120041747411 8
      vertex -3.333421398117613 4.988817673815271 8
    endloop
  endfacet
  facet normal 0 0 1
    outer loop
      vertex -4.988817673815271 -3.333421398117613 8
      vertex -4.988817673815271 3.333421398117613 8
      vertex -5.196152422706632 3 8
    endloop
  endfacet
  facet normal 0 0 1
    outer loop
      vertex -4.760120041747411 -3.652568574052324 8
      vertex -4.760120041747411 3.652568574052324 8
      vertex -4.988817673815271 3.333421398117613 8
    endloop
  endfacet
  facet normal 0 0 1
    outer loop
      vertex -4.511038844873865 -3.956074890600413 8
      vertex -4.511038844873865 3.956074890600413 8
      vertex -4.760120041747411 3.652568574052324 8
    endloop
  endfacet
  facet normal 0 0 1
    outer loop
      vertex -4.242640687119286 -4.242640687119286 8
      vertex -4.242640687119286 4.242640687119286 8
      vertex -4.511038844873865 3.956074890600413 8
    endloop
  endfacet
  facet normal 0 0 1
    outer loop
      vertex -3.956074890600413 -4.511038844873865 8
      vertex -3.956074890600413 4.511038844873865 8
      vertex -4.242640687119286 4.242640687119286 8
    endloop
  endfacet
  facet normal 0 0 1
    outer loop
      vertex -3.652568574052324 -4.760120041747411 8
      vertex -3.652568574052324 4.760120041747411 8
      vertex -3.956074890600413 4.511038844873865 8
    endloop
  endfacet
  facet normal 0 0 1
    outer loop
      vertex -3.333421398117613 -4.988817673815271 8
      vertex -3.333421398117613 4.988817673815271 8
      vertex -3.652568574052324 4.760120041747411 8
    endloop
  endfacet
  facet normal 0 0 1
    outer loop
      vertex -3 -5.196152422706632 8
      vertex -3 5.196152422706632 8
      vertex -3.333421398117613 4.988817673815271 8
    endloop
  endfacet
  facet normal 0 0 1
    outer loop
      vertex -2.653732141314008 -5.3812364491961295 8
      vertex -2.653732141314008 5.3812364491961295 8
      vertex -3 5.196152422706632 8
    endloop
  endfacet
  facet normal 0 0 1
    outer loop
      vertex -2.2961005941905386 -5.54327719506772 8
      vertex -2.2961005941905386 5.54327719506772 8
      vertex -2.653732141314008 5.3812364491961295 8
    endloop
  endfacet
  facet normal 0 0 1
    outer loop
      vertex -1.9286367918189695 -5.681580776970634 8
      vertex -1.9286367918189695 5.681580776970634 8
      vertex -2.2961005941905386 5.54327719506772 8
    endloop
  endfacet
  facet normal 0 0 1
    outer loop
      vertex -1.5529142706151244 -5.79555495773441 8
      vertex -1.5529142706151244 5.79555495773441 8
      vertex -1.9286367918189695 5.681580776970634 8
    endloop
  endfacet
  facet normal 0 0 1
    outer loop
      vertex -1.1705419320967696 -5.884711682419383 8
      vertex -1.1705419320967696 5.884711682419383 8
      vertex -1.5529142706151244 5.79555495773441 8
    endloop
  endfacet
  facet normal 0 0 1
    outer loop
      vertex -0.7831571533203094 -5.948669168242862 8
      vertex -0.7831571533203094 5.948669168242862 8
      vertex -1.1705419320967696 5.884711682419383 8
    endloop
  endfacet
  facet normal 0 0 1
    outer loop
      vertex -0.39241877538085834 -5.98715353943162 8
      vertex -0.39241877538085834 5.98715353943162 8
      vertex -0.7831571533203094 5.948669168242862 8
    endloop
  endfacet
  facet normal 0 0 1
    outer loop
      vertex -0.39241877538085834 5.98715353943162 8
      vertex 0 -6 8
      vertex 0 6 8
    endloop
  endfacet
  facet normal -0.528067850650369 0.8492021815265782 0
    outer loop
      vertex -3 5.196152422706632 6
      vertex -3.333421398117613 4.988817673815271 8
      vertex -3 5.196152422706632 8
    endloop
  endfacet
  facet normal -0.4713967368259969 0.8819212643483554 0
    outer loop
      vertex -2.653732141314008 5.3812364491961295 6
      vertex -3 5.196152422706632 8
      vertex -2.653732141314008 5.3812364491961295 8
    endloop
  endfacet
  facet normal -0.41270702980439405 0.9108638249211762 0
    outer loop
      vertex -2.2961005941905386 5.54327719506772 6
      vertex -2.653732141314008 5.3812364491961295 8
      vertex -2.2961005941905386 5.54327719506772 8
    endloop
  endfacet
  facet normal -0.35225004792123465 0.9359059267573253 0
    outer loop
      vertex -1.9286367918189695 5.681580776970634 6
      vertex -2.2961005941905386 5.54327719506772 8
      vertex -1.9286367918189695 5.681580776970634 8
    endloop
  endfacet
  facet normal -0.29028467725446333 0.9569403357322086 0
    outer loop
      vertex -1.5529142706151244 5.79555495773441 6
      vertex -1.9286367918189695 5.681580776970634 8
      vertex -1.5529142706151244 5.79555495773441 8
    endloop
  endfacet
  facet normal -0.2270762630343721 0.9738769792773339 0
    outer loop
      vertex -1.1705419320967696 5.884711682419383 6
      vertex -1.5529142706151244 5.79555495773441 8
      vertex -1.1705419320967696 5.884711682419383 8
    endloop
  endfacet
  facet normal -0.162895473394588 0.9866433320848791 0
    outer loop
      vertex -0.7831571533203094 5.948669168242862 6
      vertex -1.1705419320967696 5.884711682419383 8
      vertex -0.7831571533203094 5.948669168242862 8
    endloop
  endfacet
  facet normal -0.09801714032956008 0.995184726672197 0
    outer loop
      vertex -0.39241877538085834 5.98715353943162 6
      vertex -0.7831571533203094 5.948669168242862 8
      vertex -0.39241877538085834 5.98715353943162 8
    endloop
  endfacet
  facet normal -0.0327190828217777 0.9994645874763656 -3.122696081424078e-19
    outer loop
      vertex -0.39241877538085834 5.98715353943162 8
      vertex 0 6 8
      vertex 0 6 6
    endloop
  endfacet
  facet normal 0 0 1
    outer loop
      vertex -24 15 6
      vertex -1.9286367918189695 5.681580776970634 6
      vertex 24 15 6
    endloop
  endfacet
  facet normal 0 -1 0
    outer loop
      vertex -24 -15 5
      vertex 24 -15 5
      vertex 24 -15 6
    endloop
  endfacet
  facet normal 0 0 1
    outer loop
      vertex -24 -15 6
      vertex 24 -15 6
      vertex 1.9286367918189695 -5.681580776970634 6
    endloop
  endfacet
  facet normal 0.0327190828217777 -0.9994645874763656 -3.122696081424078e-19
    outer loop
      vertex 0 -6 6
      vertex 0.39241877538085834 -5.98715353943162 6
      vertex 0.39241877538085834 -5.98715353943162 8
    endloop
  endfacet
  facet normal 0.09801714032956008 -0.995184726672197 4.2192502488200923e-19
    outer loop
      vertex 0.39241877538085834 -5.98715353943162 6
      vertex 0.7831571533203094 -5.948669168242862 6
      vertex 0.7831571533203094 -5.948669168242862 8
    endloop
  endfacet
  facet normal 0.162895473394588 -0.9866433320848791 5.59189649068848e-19
    outer loop
      vertex 0.7831571533203094 -5.948669168242862 6
      vertex 1.1705419320967696 -5.884711682419383 6
      vertex 1.1705419320967696 -5.884711682419383 8
    endloop
  endfacet
  facet normal 0.2270762630343721 -0.9738769792773339 -1.8275944652248826e-18
    outer loop
      vertex 1.1705419320967696 -5.884711682419383 6
      vertex 1.5529142706151244 -5.79555495773441 6
      vertex 1.5529142706151244 -5.79555495773441 8
    endloop
  endfacet
  facet normal 0.29028467725446333 -0.9569403357322086 -4.3018179372490996e-18
    outer loop
      vertex 1.5529142706151244 -5.79555495773441 6
      vertex 1.9286367918189695 -5.681580776970634 6
      vertex 1.9286367918189695 -5.681580776970634 8
    endloop
  endfacet
  facet normal 0.35225004792123465 -0.9359059267573253 -2.3918573271892804e-18
    outer loop
      vertex 1.9286367918189695 -5.681580776970634 6
      vertex 2.2961005941905386 -5.54327719506772 6
      vertex 2.2961005941905386 -5.54327719506772 8
    endloop
  endfacet
  facet normal 0.41270702980439405 -0.9108638249211762 4.356369658806247e-18
    outer loop
      vertex 2.2961005941905386 -5.54327719506772 6
      vertex 2.653732141314008 -5.3812364491961295 6
      vertex 2.653732141314008 -5.3812364491961295 8
    endloop
  endfacet
  facet normal 0.4713967368259969 -0.8819212643483554 -1.9939020384712603e-18
    outer loop
      vertex 2.653732141314008 -5.3812364491961295 6
      vertex 3 -5.196152422706632 6
      vertex 3 -5.196152422706632 8
    endloop
  endfacet
  facet normal 0.528067850650369 -0.8492021815265782 -4.1945091079949714e-18
    outer loop
      vertex 3 -5.196152422706632 6
      vertex 3.333421398117613 -4.988817673815271 6
      vertex 3.333421398117613 -4.988817673815271 8
    endloop
  endfacet
  facet normal 0.5824776968678006 -0.8128466845916164 5.0205708162265926e-18
    outer loop
      vertex 3.333421398117613 -4.988817673815271 6
      vertex 3.652568574052324 -4.760120041747411 6
      vertex 3.652568574052324 -4.760120041747411 8
    endloop
  endfacet
  facet normal 0.6343932841636453 -0.7730104533627372 8.90985090060918e-19
    outer loop
      vertex 3.652568574052324 -4.760120041747411 6
      vertex 3.956074890600413 -4.511038844873865 6
      vertex 3.956074890600413 -4.511038844873865 8
    endloop
  endfacet
  facet normal 0.6835923020228709 -0.729864072697836 3.2394311311272782e-18
    outer loop
      vertex 3.956074890600413 -4.511038844873865 6
      vertex 4.242640687119286 -4.242640687119286 6
      vertex 4.242640687119286 -4.242640687119286 8
    endloop
  endfacet
  facet normal 0.729864072697836 -0.6835923020228709 3.2394311311272782e-18
    outer loop
      vertex 4.242640687119286 -4.242640687119286 6
      vertex 4.511038844873865 -3.956074890600413 6
      vertex 4.511038844873865 -3.956074890600413 8
    endloop
  endfacet
  facet normal 0.7730104533627372 -0.6343932841636453 8.90985090060918e-19
    outer loop
      vertex 4.511038844873865 -3.956074890600413 6
      vertex 4.760120041747411 -3.652568574052324 6
      vertex 4.760120041747411 -3.652568574052324 8
    endloop
  endfacet
  facet normal 0.8128466845916164 -0.5824776968678006 5.0205708162265926e-18
    outer loop
      vertex 4.760120041747411 -3.652568574052324 6
      vertex 4.988817673815271 -3.333421398117613 6
      vertex 4.988817673815271 -3.333421398117613 8
    endloop
  endfacet
  facet normal 0 0 1
    outer loop
      vertex 1.9286367918189695 -5.681580776970634 6
      vertex 24 -15 6
      vertex 2.2961005941905386 -5.54327719506772 6
    endloop
  endfacet
  facet normal 0 0 1
    outer loop
      vertex 2.2961005941905386 -5.54327719506772 6
      vertex 24 -15 6
      vertex 2.653732141314008 -5.3812364491961295 6
    endloop
  endfacet
  facet normal 0 0 1
    outer loop
      vertex 2.653732141314008 -5.3812364491961295 6
      vertex 24 -15 6
      vertex 3 -5.196152422706632 6
    endloop
  endfacet
  facet normal 0 0 1
    outer loop
      vertex 3 -5.196152422706632 6
      vertex 24 -15 6
      vertex 3.333421398117613 -4.988817673815271 6
    endloop
  endfacet
  facet normal 0 0 1
    outer loop
      vertex 5.196152422706632 -3 6
      vertex 18.730634655534026 -11.474018286413953 6
      vertex 5.3812364491961295 -2.653732141314008 6
    endloop
  endfacet
  facet normal 0 0 1
    outer loop
      vertex 5.3812364491961295 -2.653732141314008 6
      vertex 18.5650036135477 -11.207661904350402 6
      vertex 5.54327719506772 -2.2961005941905386 6
    endloop
  endfacet
  facet normal 0 0 1
    outer loop
      vertex 5.54327719506772 -2.2961005941905386 6
      vertex 18.484911792807832 -11.014303144485059 6
      vertex 5.681580776970634 -1.9286367918189695 6
    endloop
  endfacet
  facet normal 0.8492021815265782 -0.528067850650369 -4.1945091079949714e-18
    outer loop
      vertex 4.988817673815271 -3.333421398117613 6
      vertex 5.196152422706632 -3 6
      vertex 5.196152422706632 -3 8
    endloop
  endfacet
  facet normal 0.8819212643483554 -0.4713967368259969 -1.9939020384712603e-18
    outer loop
      vertex 5.196152422706632 -3 6
      vertex 5.3812364491961295 -2.653732141314008 6
      vertex 5.3812364491961295 -2.653732141314008 8
    endloop
  endfacet
  facet normal 0.9108638249211762 -0.41270702980439405 4.356369658806247e-18
    outer loop
      vertex 5.3812364491961295 -2.653732141314008 6
      vertex 5.54327719506772 -2.2961005941905386 6
      vertex 5.54327719506772 -2.2961005941905386 8
    endloop
  endfacet
  facet normal 0.9359059267573253 -0.35225004792123465 -2.3918573271892804e-18
    outer loop
      vertex 5.54327719506772 -2.2961005941905386 6
      vertex 5.681580776970634 -1.9286367918189695 6
      vertex 5.681580776970634 -1.9286367918189695 8
    endloop
  endfacet
  facet normal 0.9569403357322086 -0.29028467725446333 -4.3018179372490996e-18
    outer loop
      vertex 5.681580776970634 -1.9286367918189695 6
      vertex 5.79555495773441 -1.5529142706151244 6
      vertex 5.79555495773441 -1.5529142706151244 8
    endloop
  endfacet
  facet normal 0.9738769792773339 -0.2270762630343721 -1.8275944652248826e-18
    outer loop
      vertex 5.79555495773441 -1.5529142706151244 6
      vertex 5.884711682419383 -1.1705419320967696 6
      vertex 5.884711682419383 -1.1705419320967696 8
    endloop
  endfacet
  facet normal 0.9866433320848791 -0.162895473394588 5.59189649068848e-19
    outer loop
      vertex 5.884711682419383 -1.1705419320967696 6
      vertex 5.948669168242862 -0.7831571533203094 6
      vertex 5.948669168242862 -0.7831571533203094 8
    endloop
  endfacet
  facet normal 0.995184726672197 -0.09801714032956008 4.2192502488200923e-19
    outer loop
      vertex 5.948669168242862 -0.7831571533203094 6
      vertex 5.98715353943162 -0.39241877538085834 6
      vertex 5.98715353943162 -0.39241877538085834 8
    endloop
  endfacet
  facet normal 0.9994645874763656 -0.0327190828217777 -3.122696081424078e-19
    outer loop
      vertex 5.98715353943162 -0.39241877538085834 6
      vertex 6 0 6
      vertex 6 0 8
    endloop
  endfacet
  facet normal 0.0327190828217777 -0.9994645874763656 0
    outer loop
      vertex 0 -6 6
      vertex 0.39241877538085834 -5.98715353943162 8
      vertex 0 -6 8
    endloop
  endfacet
  facet normal 0.09801714032956008 -0.995184726672197 0
    outer loop
      vertex 0.39241877538085834 -5.98715353943162 6
      vertex 0.7831571533203094 -5.948669168242862 8
      vertex 0.39241877538085834 -5.98715353943162 8
    endloop
  endfacet
  facet normal 0.162895473394588 -0.9866433320848791 0
    outer loop
      vertex 0.7831571533203094 -5.948669168242862 6
      vertex 1.1705419320967696 -5.884711682419383 8
      vertex 0.7831571533203094 -5.948669168242862 8
    endloop
  endfacet
  facet normal 0.2270762630343721 -0.9738769792773339 0
    outer loop
      vertex 1.1705419320967696 -5.884711682419383 6
      vertex 1.5529142706151244 -5.79555495773441 8
      vertex 1.1705419320967696 -5.884711682419383 8
    endloop
  endfacet
  facet normal 0.29028467725446333 -0.9569403357322086 0
    outer loop
      vertex 1.5529142706151244 -5.79555495773441 6
      vertex 1.9286367918189695 -5.681580776970634 8
      vertex 1.5529142706151244 -5.79555495773441 8
    endloop
  endfacet
  facet normal 0.35225004792123465 -0.9359059267573253 0
    outer loop
      vertex 1.9286367918189695 -5.681580776970634 6
      vertex 2.2961005941905386 -5.54327719506772 8
      vertex 1.9286367918189695 -5.681580776970634 8
    endloop
  endfacet
  facet normal 0.41270702980439405 -0.9108638249211762 0
    outer loop
      vertex 2.2961005941905386 -5.54327719506772 6
      vertex 2.653732141314008 -5.3812364491961295 8
      vertex 2.2961005941905386 -5.54327719506772 8
    endloop
  endfacet
  facet normal 0.4713967368259969 -0.8819212643483554 0
    outer loop
      vertex 2.653732141314008 -5.3812364491961295 6
      vertex 3 -5.196152422706632 8
      vertex 2.653732141314008 -5.3812364491961295 8
    endloop
  endfacet
  facet normal 0.528067850650369 -0.8492021815265782 0
    outer loop
      vertex 3 -5.196152422706632 6
      vertex 3.333421398117613 -4.988817673815271 8
      vertex 3 -5.196152422706632 8
    endloop
  endfacet
  facet normal 0.5824776968678006 -0.8128466845916164 0
    outer loop
      vertex 3.333421398117613 -4.988817673815271 6
      vertex 3.652568574052324 -4.760120041747411 8
      vertex 3.333421398117613 -4.988817673815271 8
    endloop
  endfacet
  facet normal 0.6343932841636453 -0.7730104533627372 0
    outer loop
      vertex 3.652568574052324 -4.760120041747411 6
      vertex 3.956074890600413 -4.511038844873865 8
      vertex 3.652568574052324 -4.760120041747411 8
    endloop
  endfacet
  facet normal 0.6835923020228709 -0.729864072697836 0
    outer loop
      vertex 3.956074890600413 -4.511038844873865 6
      vertex 4.242640687119286 -4.242640687119286 8
      vertex 3.956074890600413 -4.511038844873865 8
    endloop
  endfacet
  facet normal 0.729864072697836 -0.6835923020228709 0
    outer loop
      vertex 4.242640687119286 -4.242640687119286 6
      vertex 4.511038844873865 -3.956074890600413 8
      vertex 4.242640687119286 -4.242640687119286 8
    endloop
  endfacet
  facet normal 0.7730104533627372 -0.6343932841636453 0
    outer loop
      vertex 4.511038844873865 -3.956074890600413 6
      vertex 4.760120041747411 -3.652568574052324 8
      vertex 4.511038844873865 -3.956074890600413 8
    endloop
  endfacet
  facet normal 0.8128466845916164 -0.5824776968678006 0
    outer loop
      vertex 4.760120041747411 -3.652568574052324 6
      vertex 4.988817673815271 -3.333421398117613 8
      vertex 4.760120041747411 -3.652568574052324 8
    endloop
  endfacet
  facet normal 0.8492021815265782 -0.528067850650369 0
    outer loop
      vertex 4.988817673815271 -3.333421398117613 6
      vertex 5.196152422706632 -3 8
      vertex 4.988817673815271 -3.333421398117613 8
    endloop
  endfacet
  facet normal 0 0 1
    outer loop
      vertex 0 -6 8
      vertex 0.39241877538085834 -5.98715353943162 8
      vertex 0 6 8
    endloop
  endfacet
  facet normal 0 0 1
    outer loop
      vertex 0.39241877538085834 -5.98715353943162 8
      vertex 0.7831571533203094 -5.948669168242862 8
      vertex 0.39241877538085834 5.98715353943162 8
    endloop
  endfacet
  facet normal 0 0 1
    outer loop
      vertex 0.7831571533203094 -5.948669168242862 8
      vertex 1.1705419320967696 -5.884711682419383 8
      vertex 0.7831571533203094 5.948669168242862 8
    endloop
  endfacet
  facet normal 0 0 1
    outer loop
      vertex 1.1705419320967696 -5.884711682419383 8
      vertex 1.5529142706151244 -5.79555495773441 8
      vertex 1.1705419320967696 5.884711682419383 8
    endloop
  endfacet
  facet normal 0 0 1
    outer loop
      vertex 1.5529142706151244 -5.79555495773441 8
      vertex 1.9286367918189695 -5.681580776970634 8
      vertex 1.5529142706151244 5.79555495773441 8
    endloop
  endfacet
  facet normal 0 0 1
    outer loop
      vertex 1.9286367918189695 -5.681580776970634 8
      vertex 2.2961005941905386 -5.54327719506772 8
      vertex 1.9286367918189695 5.681580776970634 8
    endloop
  endfacet
  facet normal 0 0 1
    outer loop
      vertex 2.2961005941905386 -5.54327719506772 8
      vertex 2.653732141314008 -5.3812364491961295 8
      vertex 2.2961005941905386 5.54327719506772 8
    endloop
  endfacet
  facet normal 0 0 1
    outer loop
      vertex 2.653732141314008 -5.3812364491961295 8
      vertex 3 -5.196152422706632 8
      vertex 2.653732141314008 5.3812364491961295 8
    endloop
  endfacet
  facet normal 0 0 1
    outer loop
      vertex 3 -5.196152422706632 8
      vertex 3.333421398117613 -4.988817673815271 8
      vertex 3 5.196152422706632 8
    endloop
  endfacet
  facet normal 0 0 1
    outer loop
      vertex 3.333421398117613 -4.988817673815271 8
      vertex 3.652568574052324 -4.760120041747411 8
      vertex 3.333421398117613 4.988817673815271 8
    endloop
  endfacet
  facet normal 0 0 1
    outer loop
      vertex 3.652568574052324 -4.760120041747411 8
      vertex 3.956074890600413 -4.511038844873865 8
      vertex 3.652568574052324 4.760120041747411 8
    endloop
  endfacet
  facet normal 0 0 1
    outer loop
      vertex 3.956074890600413 -4.511038844873865 8
      vertex 4.242640687119286 -4.242640687119286 8
      vertex 3.956074890600413 4.511038844873865 8
    endloop
  endfacet
  facet normal 0 0 1
    outer loop
      vertex 4.242640687119286 -4.242640687119286 8
      vertex 4.511038844873865 -3.956074890600413 8
      vertex 4.242640687119286 4.242640687119286 8
    endloop
  endfacet
  facet normal 0 0 1
    outer loop
      vertex 4.511038844873865 -3.956074890600413 8
      vertex 4.760120041747411 -3.652568574052324 8
      vertex 4.511038844873865 3.956074890600413 8
    endloop
  endfacet
  facet normal 0 0 1
    outer loop
      vertex 4.760120041747411 -3.652568574052324 8
      vertex 4.988817673815271 -3.333421398117613 8
      vertex 4.760120041747411 3.652568574052324 8
    endloop
  endfacet
  facet normal 0 0 1
    outer loop
      vertex 4.988817673815271 -3.333421398117613 8
      vertex 5.196152422706632 -3 8
      vertex 4.988817673815271 3.333421398117613 8
    endloop
  endfacet
  facet normal 0.8819212643483554 -0.4713967368259969 0
    outer loop
      vertex 5.196152422706632 -3 6
      vertex 5.3812364491961295 -2.653732141314008 8
      vertex 5.196152422706632 -3 8
    endloop
  endfacet
  facet normal 0.9108638249211762 -0.41270702980439405 0
    outer loop
      vertex 5.3812364491961295 -2.653732141314008 6
      vertex 5.54327719506772 -2.2961005941905386 8
      vertex 5.3812364491961295 -2.653732141314008 8
    endloop
  endfacet
  facet normal 0.9359059267573253 -0.35225004792123465 0
    outer loop
      vertex 5.54327719506772 -2.2961005941905386 6
      vertex 5.681580776970634 -1.9286367918189695 8
      vertex 5.54327719506772 -2.2961005941905386 8
    endloop
  endfacet
  facet normal 0.9569403357322086 -0.29028467725446333 0
    outer loop
      vertex 5.681580776970634 -1.9286367918189695 6
      vertex 5.79555495773441 -1.5529142706151244 8
      vertex 5.681580776970634 -1.9286367918189695 8
    endloop
  endfacet
  facet normal 0.9738769792773339 -0.2270762630343721 0
    outer loop
      vertex 5.79555495773441 -1.5529142706151244 6
      vertex 5.884711682419383 -1.1705419320967696 8
      vertex 5.79555495773441 -1.5529142706151244 8
    endloop
  endfacet
  facet normal 0.9866433320848791 -0.162895473394588 0
    outer loop
      vertex 5.884711682419383 -1.1705419320967696 6
      vertex 5.948669168242862 -0.7831571533203094 8
      vertex 5.884711682419383 -1.1705419320967696 8
    endloop
  endfacet
  facet normal 0.995184726672197 -0.09801714032956008 0
    outer loop
      vertex 5.948669168242862 -0.7831571533203094 6
      vertex 5.98715353943162 -0.39241877538085834 8
      vertex 5.948669168242862 -0.7831571533203094 8
    endloop
  endfacet
  facet normal 0.9994645874763656 -0.0327190828217777 0
    outer loop
      vertex 5.98715353943162 -0.39241877538085834 6
      vertex 6 0 8
      vertex 5.98715353943162 -0.39241877538085834 8
    endloop
  endfacet
  facet normal 0 0 1
    outer loop
      vertex 5.196152422706632 -3 8
      vertex 5.3812364491961295 -2.653732141314008 8
      vertex 5.196152422706632 3 8
    endloop
  endfacet
  facet normal 0 0 1
    outer loop
      vertex 5.3812364491961295 -2.653732141314008 8
      vertex 5.54327719506772 -2.2961005941905386 8
      vertex 5.3812364491961295 2.653732141314008 8
    endloop
  endfacet
  facet normal 0 0 1
    outer loop
      vertex 5.54327719506772 -2.2961005941905386 8
      vertex 5.681580776970634 -1.9286367918189695 8
      vertex 5.54327719506772 2.2961005941905386 8
    endloop
  endfacet
  facet normal 0 0 1
    outer loop
      vertex 5.681580776970634 -1.9286367918189695 8
      vertex 5.79555495773441 -1.5529142706151244 8
      vertex 5.681580776970634 1.9286367918189695 8
    endloop
  endfacet
  facet normal 0 0 1
    outer loop
      vertex 5.79555495773441 -1.5529142706151244 8
      vertex 5.884711682419383 -1.1705419320967696 8
      vertex 5.79555495773441 1.5529142706151244 8
    endloop
  endfacet
  facet normal 0 0 1
    outer loop
      vertex 5.884711682419383 -1.1705419320967696 8
      vertex 5.948669168242862 -0.7831571533203094 8
      vertex 5.884711682419383 1.1705419320967696 8
    endloop
  endfacet
  facet normal 0 0 1
    outer loop
      vertex 5.948669168242862 -0.7831571533203094 8
      vertex 5.98715353943162 -0.39241877538085834 8
      vertex 5.948669168242862 0.7831571533203094 8
    endloop
  endfacet
  facet normal 0 0 1
    outer loop
      vertex 3.333421398117613 -4.988817673815271 6
      vertex 24 -15 6
      vertex 3.652568574052324 -4.760120041747411 6
    endloop
  endfacet
  facet normal 0 0 1
    outer loop
      vertex 3.652568574052324 -4.760120041747411 6
      vertex 24 -15 6
      vertex 3.956074890600413 -4.511038844873865 6
    endloop
  endfacet
  facet normal 0 0 1
    outer loop
      vertex 3.956074890600413 -4.511038844873865 6
      vertex 24 -15 6
      vertex 4.242640687119286 -4.242640687119286 6
    endloop
  endfacet
  facet normal 0 0 1
    outer loop
      vertex 4.242640687119286 -4.242640687119286 6
      vertex 24 -15 6
      vertex 4.511038844873865 -3.956074890600413 6
    endloop
  endfacet
  facet normal 0 0 1
    outer loop
      vertex 4.511038844873865 -3.956074890600413 6
      vertex 24 -15 6
      vertex 4.760120041747411 -3.652568574052324 6
    endloop
  endfacet
  facet normal 0 0 1
    outer loop
      vertex 4.760120041747411 -3.652568574052324 6
      vertex 24 -15 6
      vertex 4.988817673815271 -3.333421398117613 6
    endloop
  endfacet
  facet normal 0 0 1
    outer loop
      vertex 4.988817673815271 -3.333421398117613 6
      vertex 24 -15 6
      vertex 5.196152422706632 -3 6
    endloop
  endfacet
  facet normal 0 0 1
    outer loop
      vertex 5.196152422706632 -3 6
      vertex 18.797056308033635 -11.55495330416011 6
      vertex 18.730634655534026 -11.474018286413953 6
    endloop
  endfacet
  facet normal 0 0 1
    outer loop
      vertex 5.196152422706632 -3 6
      vertex 19.02598171358605 -11.769365344465976 6
      vertex 18.94504669583989 -11.702943691966365 6
    endloop
  endfacet
  facet normal 0 0 1
    outer loop
      vertex 5.196152422706632 -3 6
      vertex 18.868629150101523 -11.631370849898476 6
      vertex 18.797056308033635 -11.55495330416011 6
    endloop
  endfacet
  facet normal 0 0 1
    outer loop
      vertex 5.196152422706632 -3 6
      vertex 18.94504669583989 -11.702943691966365 6
      vertex 18.868629150101523 -11.631370849898476 6
    endloop
  endfacet
  facet normal 0 0 1
    outer loop
      vertex 5.3812364491961295 -2.653732141314008 6
      vertex 18.66964862031593 -11.388912372831363 6
      vertex 18.6143593539449 -11.3 6
    endloop
  endfacet
  facet normal 0 0 1
    outer loop
      vertex 5.3812364491961295 -2.653732141314008 6
      vertex 18.6143593539449 -11.3 6
      vertex 18.5650036135477 -11.207661904350402 6
    endloop
  endfacet
  facet normal 0 0 1
    outer loop
      vertex 5.3812364491961295 -2.653732141314008 6
      vertex 18.730634655534026 -11.474018286413953 6
      vertex 18.66964862031593 -11.388912372831363 6
    endloop
  endfacet
  facet normal 0 0 1
    outer loop
      vertex 5.196152422706632 -3 6
      vertex 19.111087627168637 -11.830351379684073 6
      vertex 19.02598171358605 -11.769365344465976 6
    endloop
  endfacet
  facet normal 0 0 1
    outer loop
      vertex 5.54327719506772 -2.2961005941905386 6
      vertex 18.5650036135477 -11.207661904350402 6
      vertex 18.52179274798194 -11.112293491784143 6
    endloop
  endfacet
  facet normal 0 0 1
    outer loop
      vertex 5.54327719506772 -2.2961005941905386 6
      vertex 18.52179274798194 -11.112293491784143 6
      vertex 18.484911792807832 -11.014303144485059 6
    endloop
  endfacet
  facet normal 0 0 1
    outer loop
      vertex 5.681580776970634 -1.9286367918189695 6
      vertex 18.484911792807832 -11.014303144485059 6
      vertex 18.45451867793749 -10.914110472164033 6
    endloop
  endfacet
  facet normal 0 0 1
    outer loop
      vertex 5.681580776970634 -1.9286367918189695 6
      vertex 18.45451867793749 -10.914110472164033 6
      vertex 18.43074355135483 -10.812144515225805 6
    endloop
  endfacet
  facet normal 0 0 1
    outer loop
      vertex 5.681580776970634 -1.9286367918189695 6
      vertex 18.413688221801902 -10.708841907552083 6
      vertex 18.403425722818234 -10.604645006768228 6
    endloop
  endfacet
  facet normal 0 0 1
    outer loop
      vertex 5.681580776970634 -1.9286367918189695 6
      vertex 18.43074355135483 -10.812144515225805 6
      vertex 18.413688221801902 -10.708841907552083 6
    endloop
  endfacet
  facet normal 0 0 1
    outer loop
      vertex 5.681580776970634 -1.9286367918189695 6
      vertex 18.403425722818234 -10.604645006768228 6
      vertex 18.4 -10.5 6
    endloop
  endfacet
  facet normal 0 0 1
    outer loop
      vertex 5.681580776970634 -1.9286367918189695 6
      vertex 18.4 -10.5 6
      vertex 18.403425722818234 -10.395354993231772 6
    endloop
  endfacet
  facet normal 0 0 1
    outer loop
      vertex 5.681580776970634 -1.9286367918189695 6
      vertex 18.403425722818234 -10.395354993231772 6
      vertex 18.413688221801902 -10.291158092447917 6
    endloop
  endfacet
  facet normal 0 0 1
    outer loop
      vertex 5.681580776970634 -1.9286367918189695 6
      vertex 18.413688221801902 -10.291158092447917 6
      vertex 18.43074355135483 -10.187855484774195 6
    endloop
  endfacet
  facet normal 0 0 1
    outer loop
      vertex 5.681580776970634 -1.9286367918189695 6
      vertex 18.43074355135483 -10.187855484774195 6
      vertex 18.45451867793749 -10.085889527835967 6
    endloop
  endfacet
  facet normal 0 0 1
    outer loop
      vertex 5.681580776970634 -1.9286367918189695 6
      vertex 18.45451867793749 -10.085889527835967 6
      vertex 18.484911792807832 -9.985696855514941 6
    endloop
  endfacet
  facet normal 0 0 1
    outer loop
      vertex 5.681580776970634 -1.9286367918189695 6
      vertex 18.484911792807832 -9.985696855514941 6
      vertex 18.52179274798194 -9.887706508215857 6
    endloop
  endfacet
  facet normal 0 0 1
    outer loop
      vertex 5.681580776970634 -1.9286367918189695 6
      vertex 18.52179274798194 -9.887706508215857 6
      vertex 18.5650036135477 -9.792338095649598 6
    endloop
  endfacet
  facet normal 0 0 1
    outer loop
      vertex 5.681580776970634 -1.9286367918189695 6
      vertex 18.5650036135477 -9.792338095649598 6
      vertex 18.6143593539449 -9.7 6
    endloop
  endfacet
  facet normal 0 0 1
    outer loop
      vertex 5.681580776970634 -1.9286367918189695 6
      vertex 18.6143593539449 -9.7 6
      vertex 18.66964862031593 -9.611087627168637 6
    endloop
  endfacet
  facet normal 0 0 1
    outer loop
      vertex 5.681580776970634 -1.9286367918189695 6
      vertex 18.66964862031593 -9.611087627168637 6
      vertex 18.730634655534026 -9.525981713586047 6
    endloop
  endfacet
  facet normal 0 0 1
    outer loop
      vertex 5.681580776970634 -1.9286367918189695 6
      vertex 18.730634655534026 -9.525981713586047 6
      vertex 18.94504669583989 9.297056308033635 6
    endloop
  endfacet
  facet normal 0 0 1
    outer loop
      vertex 5.196152422706632 -3 6
      vertex 24 -15 6
      vertex 19.111087627168637 -11.830351379684073 6
    endloop
  endfacet
  facet normal 0 0 1
    outer loop
      vertex 18.797056308033635 -9.44504669583989 6
      vertex 18.94504669583989 9.297056308033635 6
      vertex 18.730634655534026 -9.525981713586047 6
    endloop
  endfacet
  facet normal 0 0 1
    outer loop
      vertex 18.868629150101523 -9.368629150101524 6
      vertex 18.94504669583989 9.297056308033635 6
      vertex 18.797056308033635 -9.44504669583989 6
    endloop
  endfacet
  facet normal 0 0 1
    outer loop
      vertex 18.868629150101523 -9.368629150101524 6
      vertex 18.94504669583989 -9.297056308033635 6
      vertex 18.94504669583989 9.297056308033635 6
    endloop
  endfacet
  facet normal 0 0 1
    outer loop
      vertex 18.94504669583989 -9.297056308033635 6
      vertex 19.02598171358605 -9.230634655534024 6
      vertex 18.94504669583989 9.297056308033635 6
    endloop
  endfacet
  facet normal 0 0 1
    outer loop
      vertex 19.02598171358605 -9.230634655534024 6
      vertex 19.111087627168637 -9.169648620315927 6
      vertex 19.02598171358605 9.230634655534024 6
    endloop
  endfacet
  facet normal 0 0 1
    outer loop
      vertex 19.111087627168637 -9.169648620315927 6
      vertex 19.2 -9.114359353944899 6
      vertex 19.111087627168637 9.169648620315927 6
    endloop
  endfacet
  facet normal 0 0 1
    outer loop
      vertex 19.2 -9.114359353944899 6
      vertex 19.292338095649598 -9.065003613547699 6
      vertex 19.2 9.114359353944899 6
    endloop
  endfacet
  facet normal 0 0 1
    outer loop
      vertex 19.292338095649598 -9.065003613547699 6
      vertex 19.387706508215857 -9.02179274798194 6
      vertex 19.292338095649598 9.065003613547699 6
    endloop
  endfacet
  facet normal 0 0 1
    outer loop
      vertex 19.387706508215857 -9.02179274798194 6
      vertex 19.48569685551494 -8.98491179280783 6
      vertex 19.387706508215857 9.02179274798194 6
    endloop
  endfacet
  facet normal 0 0 1
    outer loop
      vertex 19.48569685551494 -8.98491179280783 6
      vertex 19.585889527835967 -8.954518677937491 6
      vertex 19.48569685551494 8.98491179280783 6
    endloop
  endfacet
  facet normal 0 0 1
    outer loop
      vertex 19.585889527835967 -8.954518677937491 6
      vertex 19.687855484774193 -8.930743551354832 6
      vertex 19.585889527835967 8.954518677937491 6
    endloop
  endfacet
  facet normal 0 0 1
    outer loop
      vertex 19.687855484774193 -8.930743551354832 6
      vertex 19.79115809244792 -8.913688221801904 6
      vertex 19.687855484774193 8.930743551354832 6
    endloop
  endfacet
  facet normal 0 0 1
    outer loop
      vertex 19.79115809244792 -8.913688221801904 6
      vertex 19.89535499323177 -8.903425722818234 6
      vertex 19.79115809244792 8.913688221801904 6
    endloop
  endfacet
  facet normal 0 0 1
    outer loop
      vertex 19.89535499323177 -8.903425722818234 6
      vertex 20 -8.9 6
      vertex 19.89535499323177 8.903425722818234 6
    endloop
  endfacet
  facet normal 0 0 1
    outer loop
      vertex 20 -8.9 6
      vertex 20.10464500676823 -8.903425722818234 6
      vertex 20 8.9 6
    endloop
  endfacet
  facet normal 0 0 1
    outer loop
      vertex 20.10464500676823 -8.903425722818234 6
      vertex 20.20884190755208 -8.913688221801904 6
      vertex 20.10464500676823 8.903425722818234 6
    endloop
  endfacet
  facet normal 0 0 1
    outer loop
      vertex 20.20884190755208 -8.913688221801904 6
      vertex 20.312144515225807 -8.930743551354832 6
      vertex 20.20884190755208 8.913688221801904 6
    endloop
  endfacet
  facet normal 0 0 1
    outer loop
      vertex 20.312144515225807 -8.930743551354832 6
      vertex 20.414110472164033 -8.954518677937491 6
      vertex 20.312144515225807 8.930743551354832 6
    endloop
  endfacet
  facet normal 0 0 1
    outer loop
      vertex 20.414110472164033 -8.954518677937491 6
      vertex 20.51430314448506 -8.98491179280783 6
      vertex 20.414110472164033 8.954518677937491 6
    endloop
  endfacet
  facet normal 1 0 0
    outer loop
      vertex 24 -15 5
      vertex 24 15 6
      vertex 24 -15 6
    endloop
  endfacet
  facet normal 0 0 1
    outer loop
      vertex 24 -15 6
      vertex 19.2 -11.885640646055101 6
      vertex 19.111087627168637 -11.830351379684073 6
    endloop
  endfacet
  facet normal 0 0 1
    outer loop
      vertex 24 -15 6
      vertex 19.48569685551494 -12.01508820719217 6
      vertex 19.387706508215857 -11.97820725201806 6
    endloop
  endfacet
  facet normal 0 0 1
    outer loop
      vertex 24 -15 6
      vertex 19.387706508215857 -11.97820725201806 6
      vertex 19.292338095649598 -11.934996386452301 6
    endloop
  endfacet
  facet normal 0 0 1
    outer loop
      vertex 24 -15 6
      vertex 19.292338095649598 -11.934996386452301 6
      vertex 19.2 -11.885640646055101 6
    endloop
  endfacet
  facet normal 0 0 1
    outer loop
      vertex 24 -15 6
      vertex 19.585889527835967 -12.045481322062509 6
      vertex 19.48569685551494 -12.01508820719217 6
    endloop
  endfacet
  facet normal 0 0 1
    outer loop
      vertex 24 -15 6
      vertex 19.687855484774193 -12.069256448645168 6
      vertex 19.585889527835967 -12.045481322062509 6
    endloop
  endfacet
  facet normal 0 0 1
    outer loop
      vertex 24 -15 6
      vertex 19.79115809244792 -12.086311778198096 6
      vertex 19.687855484774193 -12.069256448645168 6
    endloop
  endfacet
  facet normal 0 0 1
    outer loop
      vertex 24 -15 6
      vertex 19.89535499323177 -12.096574277181766 6
      vertex 19.79115809244792 -12.086311778198096 6
    endloop
  endfacet
  facet normal 0 0 1
    outer loop
      vertex 24 -15 6
      vertex 20 -12.1 6
      vertex 19.89535499323177 -12.096574277181766 6
    endloop
  endfacet
  facet normal 0 0 1
    outer loop
      vertex 24 -15 6
      vertex 20.10464500676823 -12.096574277181766 6
      vertex 20 -12.1 6
    endloop
  endfacet
  facet normal 0 0 1
    outer loop
      vertex 24 -15 6
      vertex 20.20884190755208 -12.086311778198096 6
      vertex 20.10464500676823 -12.096574277181766 6
    endloop
  endfacet
  facet normal 0 0 1
    outer loop
      vertex 24 -15 6
      vertex 20.312144515225807 -12.069256448645168 6
      vertex 20.20884190755208 -12.086311778198096 6
    endloop
  endfacet
  facet normal 0 0 1
    outer loop
      vertex 24 -15 6
      vertex 20.414110472164033 -12.045481322062509 6
      vertex 20.312144515225807 -12.069256448645168 6
    endloop
  endfacet
  facet normal 0 0 1
    outer loop
      vertex 24 -15 6
      vertex 20.51430314448506 -12.01508820719217 6
      vertex 20.414110472164033 -12.045481322062509 6
    endloop
  endfacet
  facet normal 0 0 1
    outer loop
      vertex 24 -15 6
      vertex 20.612293491784143 -11.97820725201806 6
      vertex 20.51430314448506 -12.01508820719217 6
    endloop
  endfacet
  facet normal 0 0 1
    outer loop
      vertex 24 -15 6
      vertex 20.707661904350402 -11.934996386452301 6
      vertex 20.612293491784143 -11.97820725201806 6
    endloop
  endfacet
  facet normal 0 0 1
    outer loop
      vertex 24 -15 6
      vertex 20.8 -11.885640646055101 6
      vertex 20.707661904350402 -11.934996386452301 6
    endloop
  endfacet
  facet normal 0 0 1
    outer loop
      vertex 24 -15 6
      vertex 20.888912372831363 -11.830351379684073 6
      vertex 20.8 -11.885640646055101 6
    endloop
  endfacet
  facet normal 0 0 1
    outer loop
      vertex 24 -15 6
      vertex 20.97401828641395 -11.769365344465976 6
      vertex 20.888912372831363 -11.830351379684073 6
    endloop
  endfacet
  facet normal 0 0 1
    outer loop
      vertex 24 -15 6
      vertex 21.05495330416011 -11.702943691966365 6
      vertex 20.97401828641395 -11.769365344465976 6
    endloop
  endfacet
  facet normal 0 0 1
    outer loop
      vertex 24 -15 6
      vertex 21.131370849898477 -11.631370849898476 6
      vertex 21.05495330416011 -11.702943691966365 6
    endloop
  endfacet
  facet normal 0 0 1
    outer loop
      vertex 24 -15 6
      vertex 21.202943691966365 -11.55495330416011 6
      vertex 21.131370849898477 -11.631370849898476 6
    endloop
  endfacet
  facet normal 0 0 1
    outer loop
      vertex 24 -15 6
      vertex 21.269365344465974 -11.474018286413953 6
      vertex 21.202943691966365 -11.55495330416011 6
    endloop
  endfacet
  facet normal 0 0 1
    outer loop
      vertex 24 -15 6
      vertex 21.33035137968407 -11.388912372831363 6
      vertex 21.269365344465974 -11.474018286413953 6
    endloop
  endfacet
  facet normal 0 0 1
    outer loop
      vertex 24 -15 6
      vertex 21.3856406460551 -11.3 6
      vertex 21.33035137968407 -11.388912372831363 6
    endloop
  endfacet
  facet normal 0 0 1
    outer loop
      vertex 24 -15 6
      vertex 21.4349963864523 -11.207661904350402 6
      vertex 21.3856406460551 -11.3 6
    endloop
  endfacet
  facet normal 0 0 1
    outer loop
      vertex 24 -15 6
      vertex 21.47820725201806 -11.112293491784143 6
      vertex 21.4349963864523 -11.207661904350402 6
    endloop
  endfacet
  facet normal 0 0 1
    outer loop
      vertex 24 -15 6
      vertex 21.515088207192168 -11.014303144485059 6
      vertex 21.47820725201806 -11.112293491784143 6
    endloop
  endfacet
  facet normal 0 0 1
    outer loop
      vertex 24 -15 6
      vertex 21.54548132206251 -10.914110472164033 6
      vertex 21.515088207192168 -11.014303144485059 6
    endloop
  endfacet
  facet normal 0 0 1
    outer loop
      vertex 24 -15 6
      vertex 21.56925644864517 -10.812144515225805 6
      vertex 21.54548132206251 -10.914110472164033 6
    endloop
  endfacet
  facet normal 0 0 1
    outer loop
      vertex 24 -15 6
      vertex 21.586311778198098 -10.708841907552083 6
      vertex 21.56925644864517 -10.812144515225805 6
    endloop
  endfacet
  facet normal 0 0 1
    outer loop
      vertex 24 -15 6
      vertex 21.596574277181766 -10.604645006768228 6
      vertex 21.586311778198098 -10.708841907552083 6
    endloop
  endfacet
  facet normal 0 0 1
    outer loop
      vertex 20.51430314448506 -8.98491179280783 6
      vertex 20.612293491784143 -9.02179274798194 6
      vertex 20.51430314448506 8.98491179280783 6
    endloop
  endfacet
  facet normal 0 0 1
    outer loop
      vertex 20.612293491784143 -9.02179274798194 6
      vertex 20.707661904350402 -9.065003613547699 6
      vertex 20.612293491784143 9.02179274798194 6
    endloop
  endfacet
  facet normal 0 0 1
    outer loop
      vertex 20.707661904350402 -9.065003613547699 6
      vertex 20.8 -9.114359353944899 6
      vertex 20.707661904350402 9.065003613547699 6
    endloop
  endfacet
  facet normal 0 0 1
    outer loop
      vertex 20.8 -9.114359353944899 6
      vertex 20.888912372831363 -9.169648620315927 6
      vertex 20.8 9.114359353944899 6
    endloop
  endfacet
  facet normal 0 0 1
    outer loop
      vertex 20.888912372831363 -9.169648620315927 6
      vertex 20.97401828641395 -9.230634655534024 6
      vertex 20.888912372831363 9.169648620315927 6
    endloop
  endfacet
  facet normal 0 0 1
    outer loop
      vertex 20.97401828641395 -9.230634655534024 6
      vertex 21.05495330416011 -9.297056308033635 6
      vertex 20.97401828641395 9.230634655534024 6
    endloop
  endfacet
  facet normal 0 0 1
    outer loop
      vertex 21.05495330416011 -9.297056308033635 6
      vertex 21.131370849898477 -9.368629150101524 6
      vertex 21.05495330416011 9.297056308033635 6
    endloop
  endfacet
  facet normal 0 0 1
    outer loop
      vertex 21.33035137968407 -9.611087627168637 6
      vertex 21.269365344465974 9.525981713586047 6
      vertex 21.269365344465974 -9.525981713586047 6
    endloop
  endfacet
  facet normal 0 0 1
    outer loop
      vertex 21.202943691966365 -9.44504669583989 6
      vertex 21.131370849898477 9.368629150101524 6
      vertex 21.131370849898477 -9.368629150101524 6
    endloop
  endfacet
  facet normal 0 0 1
    outer loop
      vertex 21.269365344465974 -9.525981713586047 6
      vertex 21.202943691966365 9.44504669583989 6
      vertex 21.202943691966365 -9.44504669583989 6
    endloop
  endfacet
  facet normal 0 0 1
    outer loop
      vertex 24 15 6
      vertex 21.6 -10.5 6
      vertex 21.596574277181766 -10.604645006768228 6
    endloop
  endfacet
  facet normal 0 0 1
    outer loop
      vertex 24 15 6
      vertex 21.596574277181766 -10.395354993231772 6
      vertex 21.6 -10.5 6
    endloop
  endfacet
  facet normal 0 0 1
    outer loop
      vertex 24 15 6
      vertex 21.586311778198098 -10.291158092447917 6
      vertex 21.596574277181766 -10.395354993231772 6
    endloop
  endfacet
  facet normal 0 0 1
    outer loop
      vertex 24 15 6
      vertex 21.56925644864517 -10.187855484774195 6
      vertex 21.586311778198098 -10.291158092447917 6
    endloop
  endfacet
  facet normal 0 0 1
    outer loop
      vertex 24 15 6
      vertex 21.47820725201806 -9.887706508215857 6
      vertex 21.515088207192168 -9.985696855514941 6
    endloop
  endfacet
  facet normal 0 0 1
    outer loop
      vertex 24 15 6
      vertex 21.54548132206251 -10.085889527835967 6
      vertex 21.56925644864517 -10.187855484774195 6
    endloop
  endfacet
  facet normal 0 0 1
    outer loop
      vertex 24 15 6
      vertex 21.515088207192168 -9.985696855514941 6
      vertex 21.54548132206251 -10.085889527835967 6
    endloop
  endfacet
  facet normal 0 0 1
    outer loop
      vertex 24 15 6
      vertex 21.33035137968407 -9.611087627168637 6
      vertex 21.3856406460551 -9.7 6
    endloop
  endfacet
  facet normal 0 0 1
    outer loop
      vertex 24 15 6
      vertex 21.4349963864523 -9.792338095649598 6
      vertex 21.47820725201806 -9.887706508215857 6
    endloop
  endfacet
  facet normal 0 0 1
    outer loop
      vertex 24 15 6
      vertex 21.3856406460551 -9.7 6
      vertex 21.4349963864523 -9.792338095649598 6
    endloop
  endfacet
  facet normal 0 0 1
    outer loop
      vertex 24 -15 6
      vertex 24 15 6
      vertex 21.596574277181766 -10.604645006768228 6
    endloop
  endfacet
  facet normal 0 1 0
    outer loop
      vertex -24 15 6
      vertex 24 15 6
      vertex 24 15 5
    endloop
  endfacet
  facet normal 0.5824776968678006 0.8128466845916164 0
    outer loop
      vertex 3.333421398117613 4.988817673815271 6
      vertex 3.333421398117613 4.988817673815271 8
      vertex 3.652568574052324 4.760120041747411 6
    endloop
  endfacet
  facet normal 0.6343932841636453 0.7730104533627372 0
    outer loop
      vertex 3.652568574052324 4.760120041747411 6
      vertex 3.652568574052324 4.760120041747411 8
      vertex 3.956074890600413 4.511038844873865 6
    endloop
  endfacet
  facet normal 0.8492021815265782 0.528067850650369 0
    outer loop
      vertex 4.988817673815271 3.333421398117613 6
      vertex 4.988817673815271 3.333421398117613 8
      vertex 5.196152422706632 3 6
    endloop
  endfacet
  facet normal 0.8128466845916164 0.5824776968678006 0
    outer loop
      vertex 4.760120041747411 3.652568574052324 6
      vertex 4.760120041747411 3.652568574052324 8
      vertex 4.988817673815271 3.333421398117613 6
    endloop
  endfacet
  facet normal 0.6835923020228709 0.729864072697836 -3.2394311311272782e-18
    outer loop
      vertex 4.242640687119286 4.242640687119286 6
      vertex 3.956074890600413 4.511038844873865 6
      vertex 3.956074890600413 4.511038844873865 8
    endloop
  endfacet
  facet normal 0.729864072697836 0.6835923020228709 0
    outer loop
      vertex 4.242640687119286 4.242640687119286 6
      vertex 4.242640687119286 4.242640687119286 8
      vertex 4.511038844873865 3.956074890600413 6
    endloop
  endfacet
  facet normal 0.7730104533627372 0.6343932841636453 -8.90985090060918e-19
    outer loop
      vertex 4.760120041747411 3.652568574052324 6
      vertex 4.511038844873865 3.956074890600413 6
      vertex 4.511038844873865 3.956074890600413 8
    endloop
  endfacet
  facet normal 0.0327190828217777 0.9994645874763656 0
    outer loop
      vertex 0 6 6
      vertex 0 6 8
      vertex 0.39241877538085834 5.98715353943162 6
    endloop
  endfacet
  facet normal 0.09801714032956008 0.995184726672197 0
    outer loop
      vertex 0.39241877538085834 5.98715353943162 6
      vertex 0.39241877538085834 5.98715353943162 8
      vertex 0.7831571533203094 5.948669168242862 6
    endloop
  endfacet
  facet normal 0.162895473394588 0.9866433320848791 0
    outer loop
      vertex 0.7831571533203094 5.948669168242862 6
      vertex 0.7831571533203094 5.948669168242862 8
      vertex 1.1705419320967696 5.884711682419383 6
    endloop
  endfacet
  facet normal 0.29028467725446333 0.9569403357322086 0
    outer loop
      vertex 1.5529142706151244 5.79555495773441 6
      vertex 1.5529142706151244 5.79555495773441 8
      vertex 1.9286367918189695 5.681580776970634 6
    endloop
  endfacet
  facet normal 0.2270762630343721 0.9738769792773339 0
    outer loop
      vertex 1.1705419320967696 5.884711682419383 6
      vertex 1.1705419320967696 5.884711682419383 8
      vertex 1.5529142706151244 5.79555495773441 6
    endloop
  endfacet
  facet normal 0.35225004792123465 0.9359059267573253 0
    outer loop
      vertex 1.9286367918189695 5.681580776970634 6
      vertex 1.9286367918189695 5.681580776970634 8
      vertex 2.2961005941905386 5.54327719506772 6
    endloop
  endfacet
  facet normal 0.41270702980439405 0.9108638249211762 0
    outer loop
      vertex 2.2961005941905386 5.54327719506772 6
      vertex 2.2961005941905386 5.54327719506772 8
      vertex 2.653732141314008 5.3812364491961295 6
    endloop
  endfacet
  facet normal 0.4713967368259969 0.8819212643483554 0
    outer loop
      vertex 2.653732141314008 5.3812364491961295 6
      vertex 2.653732141314008 5.3812364491961295 8
      vertex 3 5.196152422706632 6
    endloop
  endfacet
  facet normal 0.528067850650369 0.8492021815265782 4.1945091079949714e-18
    outer loop
      vertex 3.333421398117613 4.988817673815271 6
      vertex 3 5.196152422706632 6
      vertex 3 5.196152422706632 8
    endloop
  endfacet
  facet normal 0 0 1
    outer loop
      vertex 5.681580776970634 -1.9286367918189695 6
      vertex 18.484911792807832 9.985696855514941 6
      vertex 5.79555495773441 -1.5529142706151244 6
    endloop
  endfacet
  facet normal 0 0 1
    outer loop
      vertex 5.79555495773441 -1.5529142706151244 6
      vertex 18.484911792807832 9.985696855514941 6
      vertex 5.884711682419383 -1.1705419320967696 6
    endloop
  endfacet
  facet normal 0 0 1
    outer loop
      vertex 5.884711682419383 -1.1705419320967696 6
      vertex 18.45451867793749 10.085889527835967 6
      vertex 5.948669168242862 -0.7831571533203094 6
    endloop
  endfacet
  facet normal 0 0 1
    outer loop
      vertex 5.948669168242862 -0.7831571533203094 6
      vertex 18.43074355135483 10.187855484774195 6
      vertex 5.98715353943162 -0.39241877538085834 6
    endloop
  endfacet
  facet normal 0 0 1
    outer loop
      vertex 5.98715353943162 -0.39241877538085834 6
      vertex 18.413688221801902 10.291158092447917 6
      vertex 6 0 6
    endloop
  endfacet
  facet normal 0 0 1
    outer loop
      vertex 6 0 6
      vertex 18.403425722818234 10.395354993231772 6
      vertex 5.98715353943162 0.39241877538085834 6
    endloop
  endfacet
  facet normal 0 0 1
    outer loop
      vertex 5.98715353943162 0.39241877538085834 6
      vertex 18.4 10.5 6
      vertex 5.948669168242862 0.7831571533203094 6
    endloop
  endfacet
  facet normal 0 0 1
    outer loop
      vertex 5.948669168242862 0.7831571533203094 6
      vertex 18.403425722818234 10.604645006768228 6
      vertex 5.884711682419383 1.1705419320967696 6
    endloop
  endfacet
  facet normal 0 0 1
    outer loop
      vertex 5.681580776970634 1.9286367918189695 6
      vertex 18.52179274798194 11.112293491784143 6
      vertex 5.54327719506772 2.2961005941905386 6
    endloop
  endfacet
  facet normal 0 0 1
    outer loop
      vertex 5.884711682419383 1.1705419320967696 6
      vertex 18.43074355135483 10.812144515225805 6
      vertex 5.79555495773441 1.5529142706151244 6
    endloop
  endfacet
  facet normal 0 0 1
    outer loop
      vertex 5.681580776970634 1.9286367918189695 6
      vertex 5.79555495773441 1.5529142706151244 6
      vertex 18.45451867793749 10.914110472164033 6
    endloop
  endfacet
  facet normal 0.9994645874763656 0.0327190828217777 3.122696081424078e-19
    outer loop
      vertex 6 0 6
      vertex 5.98715353943162 0.39241877538085834 6
      vertex 5.98715353943162 0.39241877538085834 8
    endloop
  endfacet
  facet normal 0.995184726672197 0.09801714032956008 -4.2192502488200923e-19
    outer loop
      vertex 5.98715353943162 0.39241877538085834 6
      vertex 5.948669168242862 0.7831571533203094 6
      vertex 5.948669168242862 0.7831571533203094 8
    endloop
  endfacet
  facet normal 0.9866433320848791 0.162895473394588 -5.59189649068848e-19
    outer loop
      vertex 5.948669168242862 0.7831571533203094 6
      vertex 5.884711682419383 1.1705419320967696 6
      vertex 5.884711682419383 1.1705419320967696 8
    endloop
  endfacet
  facet normal 0.9569403357322086 0.29028467725446333 0
    outer loop
      vertex 5.681580776970634 1.9286367918189695 6
      vertex 5.681580776970634 1.9286367918189695 8
      vertex 5.79555495773441 1.5529142706151244 6
    endloop
  endfacet
  facet normal 0.9108638249211762 0.41270702980439405 -4.356369658806247e-18
    outer loop
      vertex 5.54327719506772 2.2961005941905386 6
      vertex 5.3812364491961295 2.653732141314008 6
      vertex 5.3812364491961295 2.653732141314008 8
    endloop
  endfacet
  facet normal 0.9359059267573253 0.35225004792123465 2.3918573271892804e-18
    outer loop
      vertex 5.681580776970634 1.9286367918189695 6
      vertex 5.54327719506772 2.2961005941905386 6
      vertex 5.54327719506772 2.2961005941905386 8
    endloop
  endfacet
  facet normal 0.9738769792773339 0.2270762630343721 1.8275944652248826e-18
    outer loop
      vertex 5.884711682419383 1.1705419320967696 6
      vertex 5.79555495773441 1.5529142706151244 6
      vertex 5.79555495773441 1.5529142706151244 8
    endloop
  endfacet
  facet normal 0.8819212643483554 0.4713967368259969 1.9939020384712603e-18
    outer loop
      vertex 5.3812364491961295 2.653732141314008 6
      vertex 5.196152422706632 3 6
      vertex 5.196152422706632 3 8
    endloop
  endfacet
  facet normal 0 0 1
    outer loop
      vertex -1.9286367918189695 5.681580776970634 6
      vertex -1.5529142706151244 5.79555495773441 6
      vertex 24 15 6
    endloop
  endfacet
  facet normal 0 0 1
    outer loop
      vertex -1.5529142706151244 5.79555495773441 6
      vertex -1.1705419320967696 5.884711682419383 6
      vertex 24 15 6
    endloop
  endfacet
  facet normal 0 0 1
    outer loop
      vertex -1.1705419320967696 5.884711682419383 6
      vertex -0.7831571533203094 5.948669168242862 6
      vertex 24 15 6
    endloop
  endfacet
  facet normal 0 0 1
    outer loop
      vertex -0.7831571533203094 5.948669168242862 6
      vertex -0.39241877538085834 5.98715353943162 6
      vertex 24 15 6
    endloop
  endfacet
  facet normal 0 0 1
    outer loop
      vertex 5.54327719506772 2.2961005941905386 6
      vertex 18.6143593539449 11.3 6
      vertex 5.3812364491961295 2.653732141314008 6
    endloop
  endfacet
  facet normal 0 0 1
    outer loop
      vertex 5.3812364491961295 2.653732141314008 6
      vertex 18.797056308033635 11.55495330416011 6
      vertex 5.196152422706632 3 6
    endloop
  endfacet
  facet normal 0 0 1
    outer loop
      vertex 0.7831571533203094 5.948669168242862 6
      vertex 1.1705419320967696 5.884711682419383 6
      vertex 24 15 6
    endloop
  endfacet
  facet normal 0 0 1
    outer loop
      vertex 1.1705419320967696 5.884711682419383 6
      vertex 1.5529142706151244 5.79555495773441 6
      vertex 24 15 6
    endloop
  endfacet
  facet normal 0 0 1
    outer loop
      vertex -0.39241877538085834 5.98715353943162 6
      vertex 0 6 6
      vertex 24 15 6
    endloop
  endfacet
  facet normal 0 0 1
    outer loop
      vertex 0 6 6
      vertex 0.39241877538085834 5.98715353943162 6
      vertex 24 15 6
    endloop
  endfacet
  facet normal 0 0 1
    outer loop
      vertex 0.39241877538085834 5.98715353943162 6
      vertex 0.7831571533203094 5.948669168242862 6
      vertex 24 15 6
    endloop
  endfacet
  facet normal 0 0 1
    outer loop
      vertex 1.5529142706151244 5.79555495773441 6
      vertex 1.9286367918189695 5.681580776970634 6
      vertex 24 15 6
    endloop
  endfacet
  facet normal 0 0 1
    outer loop
      vertex 1.9286367918189695 5.681580776970634 6
      vertex 2.2961005941905386 5.54327719506772 6
      vertex 24 15 6
    endloop
  endfacet
  facet normal 0 0 1
    outer loop
      vertex 2.2961005941905386 5.54327719506772 6
      vertex 2.653732141314008 5.3812364491961295 6
      vertex 24 15 6
    endloop
  endfacet
  facet normal 0 0 1
    outer loop
      vertex 2.653732141314008 5.3812364491961295 6
      vertex 3 5.196152422706632 6
      vertex 24 15 6
    endloop
  endfacet
  facet normal 0 0 1
    outer loop
      vertex 3.333421398117613 4.988817673815271 6
      vertex 24 15 6
      vertex 3 5.196152422706632 6
    endloop
  endfacet
  facet normal 0.528067850650369 0.8492021815265782 0
    outer loop
      vertex 3.333421398117613 4.988817673815271 6
      vertex 3 5.196152422706632 8
      vertex 3.333421398117613 4.988817673815271 8
    endloop
  endfacet
  facet normal 0.5824776968678006 0.8128466845916164 0
    outer loop
      vertex 3.652568574052324 4.760120041747411 6
      vertex 3.333421398117613 4.988817673815271 8
      vertex 3.652568574052324 4.760120041747411 8
    endloop
  endfacet
  facet normal 0.7730104533627372 0.6343932841636453 0
    outer loop
      vertex 4.760120041747411 3.652568574052324 6
      vertex 4.511038844873865 3.956074890600413 8
      vertex 4.760120041747411 3.652568574052324 8
    endloop
  endfacet
  facet normal 0.8128466845916164 0.5824776968678006 0
    outer loop
      vertex 4.988817673815271 3.333421398117613 6
      vertex 4.760120041747411 3.652568574052324 8
      vertex 4.988817673815271 3.333421398117613 8
    endloop
  endfacet
  facet normal 0.6835923020228709 0.729864072697836 0
    outer loop
      vertex 4.242640687119286 4.242640687119286 6
      vertex 3.956074890600413 4.511038844873865 8
      vertex 4.242640687119286 4.242640687119286 8
    endloop
  endfacet
  facet normal 0.729864072697836 0.6835923020228709 0
    outer loop
      vertex 4.511038844873865 3.956074890600413 6
      vertex 4.242640687119286 4.242640687119286 8
      vertex 4.511038844873865 3.956074890600413 8
    endloop
  endfacet
  facet normal 0.6343932841636453 0.7730104533627372 0
    outer loop
      vertex 3.956074890600413 4.511038844873865 6
      vertex 3.652568574052324 4.760120041747411 8
      vertex 3.956074890600413 4.511038844873865 8
    endloop
  endfacet
  facet normal 0 0 1
    outer loop
      vertex 0.39241877538085834 -5.98715353943162 8
      vertex 0.39241877538085834 5.98715353943162 8
      vertex 0 6 8
    endloop
  endfacet
  facet normal 0 0 1
    outer loop
      vertex 0.7831571533203094 -5.948669168242862 8
      vertex 0.7831571533203094 5.948669168242862 8
      vertex 0.39241877538085834 5.98715353943162 8
    endloop
  endfacet
  facet normal 0 0 1
    outer loop
      vertex 1.1705419320967696 -5.884711682419383 8
      vertex 1.1705419320967696 5.884711682419383 8
      vertex 0.7831571533203094 5.948669168242862 8
    endloop
  endfacet
  facet normal 0 0 1
    outer loop
      vertex 1.5529142706151244 -5.79555495773441 8
      vertex 1.5529142706151244 5.79555495773441 8
      vertex 1.1705419320967696 5.884711682419383 8
    endloop
  endfacet
  facet normal 0 0 1
    outer loop
      vertex 1.9286367918189695 -5.681580776970634 8
      vertex 1.9286367918189695 5.681580776970634 8
      vertex 1.5529142706151244 5.79555495773441 8
    endloop
  endfacet
  facet normal 0 0 1
    outer loop
      vertex 2.2961005941905386 -5.54327719506772 8
      vertex 2.2961005941905386 5.54327719506772 8
      vertex 1.9286367918189695 5.681580776970634 8
    endloop
  endfacet
  facet normal 0 0 1
    outer loop
      vertex 2.653732141314008 -5.3812364491961295 8
      vertex 2.653732141314008 5.3812364491961295 8
      vertex 2.2961005941905386 5.54327719506772 8
    endloop
  endfacet
  facet normal 0 0 1
    outer loop
      vertex 3 -5.196152422706632 8
      vertex 3 5.196152422706632 8
      vertex 2.653732141314008 5.3812364491961295 8
    endloop
  endfacet
  facet normal 0 0 1
    outer loop
      vertex 3.333421398117613 -4.988817673815271 8
      vertex 3.333421398117613 4.988817673815271 8
      vertex 3 5.196152422706632 8
    endloop
  endfacet
  facet normal 0 0 1
    outer loop
      vertex 3.652568574052324 -4.760120041747411 8
      vertex 3.652568574052324 4.760120041747411 8
      vertex 3.333421398117613 4.988817673815271 8
    endloop
  endfacet
  facet normal 0 0 1
    outer loop
      vertex 4.988817673815271 -3.333421398117613 8
      vertex 4.988817673815271 3.333421398117613 8
      vertex 4.760120041747411 3.652568574052324 8
    endloop
  endfacet
  facet normal 0 0 1
    outer loop
      vertex 3.956074890600413 -4.511038844873865 8
      vertex 3.956074890600413 4.511038844873865 8
      vertex 3.652568574052324 4.760120041747411 8
    endloop
  endfacet
  facet normal 0 0 1
    outer loop
      vertex 4.242640687119286 -4.242640687119286 8
      vertex 4.242640687119286 4.242640687119286 8
      vertex 3.956074890600413 4.511038844873865 8
    endloop
  endfacet
  facet normal 0 0 1
    outer loop
      vertex 4.511038844873865 -3.956074890600413 8
      vertex 4.511038844873865 3.956074890600413 8
      vertex 4.242640687119286 4.242640687119286 8
    endloop
  endfacet
  facet normal 0 0 1
    outer loop
      vertex 4.760120041747411 -3.652568574052324 8
      vertex 4.760120041747411 3.652568574052324 8
      vertex 4.511038844873865 3.956074890600413 8
    endloop
  endfacet
  facet normal 0.0327190828217777 0.9994645874763656 0
    outer loop
      vertex 0.39241877538085834 5.98715353943162 6
      vertex 0 6 8
      vertex 0.39241877538085834 5.98715353943162 8
    endloop
  endfacet
  facet normal 0.09801714032956008 0.995184726672197 0
    outer loop
      vertex 0.7831571533203094 5.948669168242862 6
      vertex 0.39241877538085834 5.98715353943162 8
      vertex 0.7831571533203094 5.948669168242862 8
    endloop
  endfacet
  facet normal 0.162895473394588 0.9866433320848791 0
    outer loop
      vertex 1.1705419320967696 5.884711682419383 6
      vertex 0.7831571533203094 5.948669168242862 8
      vertex 1.1705419320967696 5.884711682419383 8
    endloop
  endfacet
  facet normal 0.29028467725446333 0.9569403357322086 0
    outer loop
      vertex 1.9286367918189695 5.681580776970634 6
      vertex 1.5529142706151244 5.79555495773441 8
      vertex 1.9286367918189695 5.681580776970634 8
    endloop
  endfacet
  facet normal 0.2270762630343721 0.9738769792773339 0
    outer loop
      vertex 1.5529142706151244 5.79555495773441 6
      vertex 1.1705419320967696 5.884711682419383 8
      vertex 1.5529142706151244 5.79555495773441 8
    endloop
  endfacet
  facet normal 0.35225004792123465 0.9359059267573253 0
    outer loop
      vertex 2.2961005941905386 5.54327719506772 6
      vertex 1.9286367918189695 5.681580776970634 8
      vertex 2.2961005941905386 5.54327719506772 8
    endloop
  endfacet
  facet normal 0.41270702980439405 0.9108638249211762 0
    outer loop
      vertex 2.653732141314008 5.3812364491961295 6
      vertex 2.2961005941905386 5.54327719506772 8
      vertex 2.653732141314008 5.3812364491961295 8
    endloop
  endfacet
  facet normal 0.4713967368259969 0.8819212643483554 0
    outer loop
      vertex 3 5.196152422706632 6
      vertex 2.653732141314008 5.3812364491961295 8
      vertex 3 5.196152422706632 8
    endloop
  endfacet
  facet normal 0.9994645874763656 0.0327190828217777 0
    outer loop
      vertex 6 0 6
      vertex 5.98715353943162 0.39241877538085834 8
      vertex 6 0 8
    endloop
  endfacet
  facet normal 0.995184726672197 0.09801714032956008 0
    outer loop
      vertex 5.98715353943162 0.39241877538085834 6
      vertex 5.948669168242862 0.7831571533203094 8
      vertex 5.98715353943162 0.39241877538085834 8
    endloop
  endfacet
  facet normal 0.9866433320848791 0.162895473394588 0
    outer loop
      vertex 5.948669168242862 0.7831571533203094 6
      vertex 5.884711682419383 1.1705419320967696 8
      vertex 5.948669168242862 0.7831571533203094 8
    endloop
  endfacet
  facet normal 0.9569403357322086 0.29028467725446333 0
    outer loop
      vertex 5.79555495773441 1.5529142706151244 6
      vertex 5.681580776970634 1.9286367918189695 8
      vertex 5.79555495773441 1.5529142706151244 8
    endloop
  endfacet
  facet normal 0.9359059267573253 0.35225004792123465 0
    outer loop
      vertex 5.681580776970634 1.9286367918189695 6
      vertex 5.54327719506772 2.2961005941905386 8
      vertex 5.681580776970634 1.9286367918189695 8
    endloop
  endfacet
  facet normal 0.9108638249211762 0.41270702980439405 0
    outer loop
      vertex 5.54327719506772 2.2961005941905386 6
      vertex 5.3812364491961295 2.653732141314008 8
      vertex 5.54327719506772 2.2961005941905386 8
    endloop
  endfacet
  facet normal 0.9738769792773339 0.2270762630343721 0
    outer loop
      vertex 5.884711682419383 1.1705419320967696 6
      vertex 5.79555495773441 1.5529142706151244 8
      vertex 5.884711682419383 1.1705419320967696 8
    endloop
  endfacet
  facet normal 0.8819212643483554 0.4713967368259969 0
    outer loop
      vertex 5.3812364491961295 2.653732141314008 6
      vertex 5.196152422706632 3 8
      vertex 5.3812364491961295 2.653732141314008 8
    endloop
  endfacet
  facet normal 0.8492021815265782 0.528067850650369 0
    outer loop
      vertex 5.196152422706632 3 6
      vertex 4.988817673815271 3.333421398117613 8
      vertex 5.196152422706632 3 8
    endloop
  endfacet
  facet normal 0 0 1
    outer loop
      vertex 5.196152422706632 -3 8
      vertex 5.196152422706632 3 8
      vertex 4.988817673815271 3.333421398117613 8
    endloop
  endfacet
  facet normal 0 0 1
    outer loop
      vertex 5.3812364491961295 -2.653732141314008 8
      vertex 5.3812364491961295 2.653732141314008 8
      vertex 5.196152422706632 3 8
    endloop
  endfacet
  facet normal 0 0 1
    outer loop
      vertex 5.54327719506772 -2.2961005941905386 8
      vertex 5.54327719506772 2.2961005941905386 8
      vertex 5.3812364491961295 2.653732141314008 8
    endloop
  endfacet
  facet normal 0 0 1
    outer loop
      vertex 5.681580776970634 -1.9286367918189695 8
      vertex 5.681580776970634 1.9286367918189695 8
      vertex 5.54327719506772 2.2961005941905386 8
    endloop
  endfacet
  facet normal 0 0 1
    outer loop
      vertex 5.79555495773441 -1.5529142706151244 8
      vertex 5.79555495773441 1.5529142706151244 8
      vertex 5.681580776970634 1.9286367918189695 8
    endloop
  endfacet
  facet normal 0 0 1
    outer loop
      vertex 5.98715353943162 -0.39241877538085834 8
      vertex 6 0 8
      vertex 5.98715353943162 0.39241877538085834 8
    endloop
  endfacet
  facet normal 0 0 1
    outer loop
      vertex 5.98715353943162 -0.39241877538085834 8
      vertex 5.98715353943162 0.39241877538085834 8
      vertex 5.948669168242862 0.7831571533203094 8
    endloop
  endfacet
  facet normal 0 0 1
    outer loop
      vertex 5.884711682419383 -1.1705419320967696 8
      vertex 5.884711682419383 1.1705419320967696 8
      vertex 5.79555495773441 1.5529142706151244 8
    endloop
  endfacet
  facet normal 0 0 1
    outer loop
      vertex 5.948669168242862 -0.7831571533203094 8
      vertex 5.948669168242862 0.7831571533203094 8
      vertex 5.884711682419383 1.1705419320967696 8
    endloop
  endfacet
  facet normal 0 0 1
    outer loop
      vertex 4.760120041747411 3.652568574052324 6
      vertex 24 15 6
      vertex 4.511038844873865 3.956074890600413 6
    endloop
  endfacet
  facet normal 0 0 1
    outer loop
      vertex 4.760120041747411 3.652568574052324 6
      vertex 4.988817673815271 3.333421398117613 6
      vertex 24 15 6
    endloop
  endfacet
  facet normal 0 0 1
    outer loop
      vertex 4.988817673815271 3.333421398117613 6
      vertex 5.196152422706632 3 6
      vertex 24 15 6
    endloop
  endfacet
  facet normal 0 0 1
    outer loop
      vertex 3.333421398117613 4.988817673815271 6
      vertex 3.652568574052324 4.760120041747411 6
      vertex 24 15 6
    endloop
  endfacet
  facet normal 0 0 1
    outer loop
      vertex 3.652568574052324 4.760120041747411 6
      vertex 3.956074890600413 4.511038844873865 6
      vertex 24 15 6
    endloop
  endfacet
  facet normal 0 0 1
    outer loop
      vertex 4.242640687119286 4.242640687119286 6
      vertex 24 15 6
      vertex 3.956074890600413 4.511038844873865 6
    endloop
  endfacet
  facet normal 0 0 1
    outer loop
      vertex 4.242640687119286 4.242640687119286 6
      vertex 4.511038844873865 3.956074890600413 6
      vertex 24 15 6
    endloop
  endfacet
  facet normal 0 0 1
    outer loop
      vertex 5.681580776970634 -1.9286367918189695 6
      vertex 18.797056308033635 9.44504669583989 6
      vertex 18.730634655534026 9.525981713586047 6
    endloop
  endfacet
  facet normal 0 0 1
    outer loop
      vertex 5.681580776970634 -1.9286367918189695 6
      vertex 18.730634655534026 9.525981713586047 6
      vertex 18.66964862031593 9.611087627168637 6
    endloop
  endfacet
  facet normal 0 0 1
    outer loop
      vertex 5.681580776970634 -1.9286367918189695 6
      vertex 18.94504669583989 9.297056308033635 6
      vertex 18.868629150101523 9.368629150101524 6
    endloop
  endfacet
  facet normal 0 0 1
    outer loop
      vertex 5.681580776970634 -1.9286367918189695 6
      vertex 18.868629150101523 9.368629150101524 6
      vertex 18.797056308033635 9.44504669583989 6
    endloop
  endfacet
  facet normal 0 0 1
    outer loop
      vertex 5.681580776970634 -1.9286367918189695 6
      vertex 18.52179274798194 9.887706508215857 6
      vertex 18.484911792807832 9.985696855514941 6
    endloop
  endfacet
  facet normal 0 0 1
    outer loop
      vertex 5.681580776970634 -1.9286367918189695 6
      vertex 18.66964862031593 9.611087627168637 6
      vertex 18.6143593539449 9.7 6
    endloop
  endfacet
  facet normal 0 0 1
    outer loop
      vertex 5.681580776970634 -1.9286367918189695 6
      vertex 18.5650036135477 9.792338095649598 6
      vertex 18.52179274798194 9.887706508215857 6
    endloop
  endfacet
  facet normal 0 0 1
    outer loop
      vertex 5.681580776970634 -1.9286367918189695 6
      vertex 18.6143593539449 9.7 6
      vertex 18.5650036135477 9.792338095649598 6
    endloop
  endfacet
  facet normal 0 0 1
    outer loop
      vertex 5.884711682419383 -1.1705419320967696 6
      vertex 18.484911792807832 9.985696855514941 6
      vertex 18.45451867793749 10.085889527835967 6
    endloop
  endfacet
  facet normal 0 0 1
    outer loop
      vertex 5.948669168242862 -0.7831571533203094 6
      vertex 18.45451867793749 10.085889527835967 6
      vertex 18.43074355135483 10.187855484774195 6
    endloop
  endfacet
  facet normal 0 0 1
    outer loop
      vertex 5.98715353943162 -0.39241877538085834 6
      vertex 18.43074355135483 10.187855484774195 6
      vertex 18.413688221801902 10.291158092447917 6
    endloop
  endfacet
  facet normal 0 0 1
    outer loop
      vertex 6 0 6
      vertex 18.413688221801902 10.291158092447917 6
      vertex 18.403425722818234 10.395354993231772 6
    endloop
  endfacet
  facet normal 0 0 1
    outer loop
      vertex 5.948669168242862 0.7831571533203094 6
      vertex 18.4 10.5 6
      vertex 18.403425722818234 10.604645006768228 6
    endloop
  endfacet
  facet normal 0 0 1
    outer loop
      vertex 5.98715353943162 0.39241877538085834 6
      vertex 18.403425722818234 10.395354993231772 6
      vertex 18.4 10.5 6
    endloop
  endfacet
  facet normal 0 0 1
    outer loop
      vertex 5.884711682419383 1.1705419320967696 6
      vertex 18.403425722818234 10.604645006768228 6
      vertex 18.413688221801902 10.708841907552083 6
    endloop
  endfacet
  facet normal 0 0 1
    outer loop
      vertex 5.884711682419383 1.1705419320967696 6
      vertex 18.413688221801902 10.708841907552083 6
      vertex 18.43074355135483 10.812144515225805 6
    endloop
  endfacet
  facet normal 0 0 1
    outer loop
      vertex 5.79555495773441 1.5529142706151244 6
      vertex 18.43074355135483 10.812144515225805 6
      vertex 18.45451867793749 10.914110472164033 6
    endloop
  endfacet
  facet normal 0 0 1
    outer loop
      vertex 5.681580776970634 1.9286367918189695 6
      vertex 18.45451867793749 10.914110472164033 6
      vertex 18.484911792807832 11.014303144485059 6
    endloop
  endfacet
  facet normal 0 0 1
    outer loop
      vertex 5.681580776970634 1.9286367918189695 6
      vertex 18.484911792807832 11.014303144485059 6
      vertex 18.52179274798194 11.112293491784143 6
    endloop
  endfacet
  facet normal 0 0 1
    outer loop
      vertex 5.54327719506772 2.2961005941905386 6
      vertex 18.52179274798194 11.112293491784143 6
      vertex 18.5650036135477 11.207661904350402 6
    endloop
  endfacet
  facet normal 0 0 1
    outer loop
      vertex 5.54327719506772 2.2961005941905386 6
      vertex 18.5650036135477 11.207661904350402 6
      vertex 18.6143593539449 11.3 6
    endloop
  endfacet
  facet normal 0 0 1
    outer loop
      vertex 5.3812364491961295 2.653732141314008 6
      vertex 18.6143593539449 11.3 6
      vertex 18.66964862031593 11.388912372831363 6
    endloop
  endfacet
  facet normal 0 0 1
    outer loop
      vertex 5.3812364491961295 2.653732141314008 6
      vertex 18.730634655534026 11.474018286413953 6
      vertex 18.797056308033635 11.55495330416011 6
    endloop
  endfacet
  facet normal 0 0 1
    outer loop
      vertex 5.3812364491961295 2.653732141314008 6
      vertex 18.66964862031593 11.388912372831363 6
      vertex 18.730634655534026 11.474018286413953 6
    endloop
  endfacet
  facet normal 0 0 1
    outer loop
      vertex 5.196152422706632 3 6
      vertex 18.797056308033635 11.55495330416011 6
      vertex 18.868629150101523 11.631370849898476 6
    endloop
  endfacet
  facet normal 0 0 1
    outer loop
      vertex 5.196152422706632 3 6
      vertex 18.868629150101523 11.631370849898476 6
      vertex 18.94504669583989 11.702943691966365 6
    endloop
  endfacet
  facet normal 0 0 1
    outer loop
      vertex 5.196152422706632 3 6
      vertex 18.94504669583989 11.702943691966365 6
      vertex 19.02598171358605 11.769365344465976 6
    endloop
  endfacet
  facet normal 0 0 1
    outer loop
      vertex 5.196152422706632 3 6
      vertex 19.02598171358605 11.769365344465976 6
      vertex 19.111087627168637 11.830351379684073 6
    endloop
  endfacet
  facet normal 0 0 1
    outer loop
      vertex 19.02598171358605 -9.230634655534024 6
      vertex 19.02598171358605 9.230634655534024 6
      vertex 18.94504669583989 9.297056308033635 6
    endloop
  endfacet
  facet normal 0 0 1
    outer loop
      vertex 19.111087627168637 -9.169648620315927 6
      vertex 19.111087627168637 9.169648620315927 6
      vertex 19.02598171358605 9.230634655534024 6
    endloop
  endfacet
  facet normal 0 0 1
    outer loop
      vertex 19.2 -9.114359353944899 6
      vertex 19.2 9.114359353944899 6
      vertex 19.111087627168637 9.169648620315927 6
    endloop
  endfacet
  facet normal 0 0 1
    outer loop
      vertex 19.292338095649598 -9.065003613547699 6
      vertex 19.292338095649598 9.065003613547699 6
      vertex 19.2 9.114359353944899 6
    endloop
  endfacet
  facet normal 0 0 1
    outer loop
      vertex 19.387706508215857 -9.02179274798194 6
      vertex 19.387706508215857 9.02179274798194 6
      vertex 19.292338095649598 9.065003613547699 6
    endloop
  endfacet
  facet normal 0 0 1
    outer loop
      vertex 19.48569685551494 -8.98491179280783 6
      vertex 19.48569685551494 8.98491179280783 6
      vertex 19.387706508215857 9.02179274798194 6
    endloop
  endfacet
  facet normal 0 0 1
    outer loop
      vertex 19.585889527835967 -8.954518677937491 6
      vertex 19.585889527835967 8.954518677937491 6
      vertex 19.48569685551494 8.98491179280783 6
    endloop
  endfacet
  facet normal 0 0 1
    outer loop
      vertex 19.687855484774193 -8.930743551354832 6
      vertex 19.687855484774193 8.930743551354832 6
      vertex 19.585889527835967 8.954518677937491 6
    endloop
  endfacet
  facet normal 0 0 1
    outer loop
      vertex 19.79115809244792 -8.913688221801904 6
      vertex 19.79115809244792 8.913688221801904 6
      vertex 19.687855484774193 8.930743551354832 6
    endloop
  endfacet
  facet normal 0 0 1
    outer loop
      vertex 19.89535499323177 -8.903425722818234 6
      vertex 19.89535499323177 8.903425722818234 6
      vertex 19.79115809244792 8.913688221801904 6
    endloop
  endfacet
  facet normal 0 0 1
    outer loop
      vertex 20 -8.9 6
      vertex 20 8.9 6
      vertex 19.89535499323177 8.903425722818234 6
    endloop
  endfacet
  facet normal 0 0 1
    outer loop
      vertex 20.10464500676823 -8.903425722818234 6
      vertex 20.10464500676823 8.903425722818234 6
      vertex 20 8.9 6
    endloop
  endfacet
  facet normal 0 0 1
    outer loop
      vertex 20.20884190755208 -8.913688221801904 6
      vertex 20.20884190755208 8.913688221801904 6
      vertex 20.10464500676823 8.903425722818234 6
    endloop
  endfacet
  facet normal 0 0 1
    outer loop
      vertex 20.312144515225807 -8.930743551354832 6
      vertex 20.312144515225807 8.930743551354832 6
      vertex 20.20884190755208 8.913688221801904 6
    endloop
  endfacet
  facet normal 0 0 1
    outer loop
      vertex 20.414110472164033 -8.954518677937491 6
      vertex 20.414110472164033 8.954518677937491 6
      vertex 20.312144515225807 8.930743551354832 6
    endloop
  endfacet
  facet normal 0 0 1
    outer loop
      vertex 20.51430314448506 -8.98491179280783 6
      vertex 20.51430314448506 8.98491179280783 6
      vertex 20.414110472164033 8.954518677937491 6
    endloop
  endfacet
  facet normal 0 0 1
    outer loop
      vertex 5.196152422706632 3 6
      vertex 19.111087627168637 11.830351379684073 6
      vertex 24 15 6
    endloop
  endfacet
  facet normal 1 0 0
    outer loop
      vertex 24 -15 5
      vertex 24 15 5
      vertex 24 15 6
    endloop
  endfacet
  facet normal 0 0 1
    outer loop
      vertex 20.612293491784143 -9.02179274798194 6
      vertex 20.612293491784143 9.02179274798194 6
      vertex 20.51430314448506 8.98491179280783 6
    endloop
  endfacet
  facet normal 0 0 1
    outer loop
      vertex 20.707661904350402 -9.065003613547699 6
      vertex 20.707661904350402 9.065003613547699 6
      vertex 20.612293491784143 9.02179274798194 6
    endloop
  endfacet
  facet normal 0 0 1
    outer loop
      vertex 20.8 -9.114359353944899 6
      vertex 20.8 9.114359353944899 6
      vertex 20.707661904350402 9.065003613547699 6
    endloop
  endfacet
  facet normal 0 0 1
    outer loop
      vertex 20.888912372831363 -9.169648620315927 6
      vertex 20.888912372831363 9.169648620315927 6
      vertex 20.8 9.114359353944899 6
    endloop
  endfacet
  facet normal 0 0 1
    outer loop
      vertex 20.97401828641395 -9.230634655534024 6
      vertex 20.97401828641395 9.230634655534024 6
      vertex 20.888912372831363 9.169648620315927 6
    endloop
  endfacet
  facet normal 0 0 1
    outer loop
      vertex 21.05495330416011 -9.297056308033635 6
      vertex 21.05495330416011 9.297056308033635 6
      vertex 20.97401828641395 9.230634655534024 6
    endloop
  endfacet
  facet normal 0 0 1
    outer loop
      vertex 21.131370849898477 -9.368629150101524 6
      vertex 21.131370849898477 9.368629150101524 6
      vertex 21.05495330416011 9.297056308033635 6
    endloop
  endfacet
  facet normal 0 0 1
    outer loop
      vertex 21.202943691966365 -9.44504669583989 6
      vertex 21.202943691966365 9.44504669583989 6
      vertex 21.131370849898477 9.368629150101524 6
    endloop
  endfacet
  facet normal 0 0 1
    outer loop
      vertex 21.269365344465974 -9.525981713586047 6
      vertex 21.269365344465974 9.525981713586047 6
      vertex 21.202943691966365 9.44504669583989 6
    endloop
  endfacet
  facet normal 0 0 1
    outer loop
      vertex 21.33035137968407 -9.611087627168637 6
      vertex 21.33035137968407 9.611087627168637 6
      vertex 21.269365344465974 9.525981713586047 6
    endloop
  endfacet
  facet normal 0 0 1
    outer loop
      vertex 21.33035137968407 -9.611087627168637 6
      vertex 21.3856406460551 9.7 6
      vertex 21.33035137968407 9.611087627168637 6
    endloop
  endfacet
  facet normal 0 0 1
    outer loop
      vertex 21.33035137968407 -9.611087627168637 6
      vertex 21.47820725201806 9.887706508215857 6
      vertex 21.4349963864523 9.792338095649598 6
    endloop
  endfacet
  facet normal 0 0 1
    outer loop
      vertex 21.33035137968407 -9.611087627168637 6
      vertex 21.4349963864523 9.792338095649598 6
      vertex 21.3856406460551 9.7 6
    endloop
  endfacet
  facet normal 0 0 1
    outer loop
      vertex 21.33035137968407 -9.611087627168637 6
      vertex 21.515088207192168 9.985696855514941 6
      vertex 21.47820725201806 9.887706508215857 6
    endloop
  endfacet
  facet normal 0 0 1
    outer loop
      vertex 21.33035137968407 -9.611087627168637 6
      vertex 21.54548132206251 10.085889527835967 6
      vertex 21.515088207192168 9.985696855514941 6
    endloop
  endfacet
  facet normal 0 0 1
    outer loop
      vertex 21.33035137968407 -9.611087627168637 6
      vertex 21.56925644864517 10.187855484774195 6
      vertex 21.54548132206251 10.085889527835967 6
    endloop
  endfacet
  facet normal 0 0 1
    outer loop
      vertex 21.33035137968407 -9.611087627168637 6
      vertex 21.586311778198098 10.291158092447917 6
      vertex 21.56925644864517 10.187855484774195 6
    endloop
  endfacet
  facet normal 0 0 1
    outer loop
      vertex 21.33035137968407 -9.611087627168637 6
      vertex 21.6 10.5 6
      vertex 21.596574277181766 10.395354993231772 6
    endloop
  endfacet
  facet normal 0 0 1
    outer loop
      vertex 21.33035137968407 -9.611087627168637 6
      vertex 21.596574277181766 10.395354993231772 6
      vertex 21.586311778198098 10.291158092447917 6
    endloop
  endfacet
  facet normal 0 0 1
    outer loop
      vertex 24 15 6
      vertex 21.6 10.5 6
      vertex 21.33035137968407 -9.611087627168637 6
    endloop
  endfacet
  facet normal 0 0 1
    outer loop
      vertex 24 15 6
      vertex 21.596574277181766 10.604645006768228 6
      vertex 21.6 10.5 6
    endloop
  endfacet
  facet normal 0 0 1
    outer loop
      vertex 24 15 6
      vertex 21.586311778198098 10.708841907552083 6
      vertex 21.596574277181766 10.604645006768228 6
    endloop
  endfacet
  facet normal 0 0 1
    outer loop
      vertex 24 15 6
      vertex 21.05495330416011 11.702943691966365 6
      vertex 21.131370849898477 11.631370849898476 6
    endloop
  endfacet
  facet normal 0 0 1
    outer loop
      vertex 24 15 6
      vertex 21.54548132206251 10.914110472164033 6
      vertex 21.56925644864517 10.812144515225805 6
    endloop
  endfacet
  facet normal 0 0 1
    outer loop
      vertex 24 15 6
      vertex 21.56925644864517 10.812144515225805 6
      vertex 21.586311778198098 10.708841907552083 6
    endloop
  endfacet
  facet normal 0 0 1
    outer loop
      vertex 24 15 6
      vertex 21.515088207192168 11.014303144485059 6
      vertex 21.54548132206251 10.914110472164033 6
    endloop
  endfacet
  facet normal 0 0 1
    outer loop
      vertex 24 15 6
      vertex 21.47820725201806 11.112293491784143 6
      vertex 21.515088207192168 11.014303144485059 6
    endloop
  endfacet
  facet normal 0 0 1
    outer loop
      vertex 24 15 6
      vertex 21.4349963864523 11.207661904350402 6
      vertex 21.47820725201806 11.112293491784143 6
    endloop
  endfacet
  facet normal 0 0 1
    outer loop
      vertex 24 15 6
      vertex 21.33035137968407 11.388912372831363 6
      vertex 21.3856406460551 11.3 6
    endloop
  endfacet
  facet normal 0 0 1
    outer loop
      vertex 24 15 6
      vertex 21.269365344465974 11.474018286413953 6
      vertex 21.33035137968407 11.388912372831363 6
    endloop
  endfacet
  facet normal 0 0 1
    outer loop
      vertex 24 15 6
      vertex 21.131370849898477 11.631370849898476 6
      vertex 21.202943691966365 11.55495330416011 6
    endloop
  endfacet
  facet normal 0 0 1
    outer loop
      vertex 24 15 6
      vertex 21.202943691966365 11.55495330416011 6
      vertex 21.269365344465974 11.474018286413953 6
    endloop
  endfacet
  facet normal 0 0 1
    outer loop
      vertex 24 15 6
      vertex 21.3856406460551 11.3 6
      vertex 21.4349963864523 11.207661904350402 6
    endloop
  endfacet
  facet normal 0 0 1
    outer loop
      vertex 24 15 6
      vertex 19.111087627168637 11.830351379684073 6
      vertex 19.2 11.885640646055101 6
    endloop
  endfacet
  facet normal 0 0 1
    outer loop
      vertex 24 15 6
      vertex 19.292338095649598 11.934996386452301 6
      vertex 19.387706508215857 11.97820725201806 6
    endloop
  endfacet
  facet normal 0 0 1
    outer loop
      vertex 24 15 6
      vertex 19.2 11.885640646055101 6
      vertex 19.292338095649598 11.934996386452301 6
    endloop
  endfacet
  facet normal 0 0 1
    outer loop
      vertex 24 15 6
      vertex 19.387706508215857 11.97820725201806 6
      vertex 19.48569685551494 12.01508820719217 6
    endloop
  endfacet
  facet normal 0 0 1
    outer loop
      vertex 24 15 6
      vertex 19.48569685551494 12.01508820719217 6
      vertex 19.585889527835967 12.045481322062509 6
    endloop
  endfacet
  facet normal 0 0 1
    outer loop
      vertex 24 15 6
      vertex 19.585889527835967 12.045481322062509 6
      vertex 19.687855484774193 12.069256448645168 6
    endloop
  endfacet
  facet normal 0 0 1
    outer loop
      vertex 24 15 6
      vertex 19.687855484774193 12.069256448645168 6
      vertex 19.79115809244792 12.086311778198096 6
    endloop
  endfacet
  facet normal 0 0 1
    outer loop
      vertex 24 15 6
      vertex 19.79115809244792 12.086311778198096 6
      vertex 19.89535499323177 12.096574277181766 6
    endloop
  endfacet
  facet normal 0 0 1
    outer loop
      vertex 24 15 6
      vertex 19.89535499323177 12.096574277181766 6
      vertex 20 12.1 6
    endloop
  endfacet
  facet normal 0 0 1
    outer loop
      vertex 24 15 6
      vertex 20 12.1 6
      vertex 20.10464500676823 12.096574277181766 6
    endloop
  endfacet
  facet normal 0 0 1
    outer loop
      vertex 24 15 6
      vertex 20.10464500676823 12.096574277181766 6
      vertex 20.20884190755208 12.086311778198096 6
    endloop
  endfacet
  facet normal 0 0 1
    outer loop
      vertex 24 15 6
      vertex 20.20884190755208 12.086311778198096 6
      vertex 20.312144515225807 12.069256448645168 6
    endloop
  endfacet
  facet normal 0 0 1
    outer loop
      vertex 24 15 6
      vertex 20.312144515225807 12.069256448645168 6
      vertex 20.414110472164033 12.045481322062509 6
    endloop
  endfacet
  facet normal 0 0 1
    outer loop
      vertex 24 15 6
      vertex 20.612293491784143 11.97820725201806 6
      vertex 20.707661904350402 11.934996386452301 6
    endloop
  endfacet
  facet normal 0 0 1
    outer loop
      vertex 24 15 6
      vertex 20.414110472164033 12.045481322062509 6
      vertex 20.51430314448506 12.01508820719217 6
    endloop
  endfacet
  facet normal 0 0 1
    outer loop
      vertex 24 15 6
      vertex 20.51430314448506 12.01508820719217 6
      vertex 20.612293491784143 11.97820725201806 6
    endloop
  endfacet
  facet normal 0 0 1
    outer loop
      vertex 24 15 6
      vertex 20.707661904350402 11.934996386452301 6
      vertex 20.8 11.885640646055101 6
    endloop
  endfacet
  facet normal 0 0 1
    outer loop
      vertex 24 15 6
      vertex 20.8 11.885640646055101 6
      vertex 20.888912372831363 11.830351379684073 6
    endloop
  endfacet
  facet normal 0 0 1
    outer loop
      vertex 24 15 6
      vertex 20.888912372831363 11.830351379684073 6
      vertex 20.97401828641395 11.769365344465976 6
    endloop
  endfacet
  facet normal 0 0 1
    outer loop
      vertex 24 15 6
      vertex 20.97401828641395 11.769365344465976 6
      vertex 21.05495330416011 11.702943691966365 6
    endloop
  endfacet
  facet normal -0.7730104533627369 -0.6343932841636457 -1.1284691758711379e-17
    outer loop
      vertex -30.82543210663808 -27.03317841910282 0
      vertex -32.527486951940645 -24.959218589357548 5
      vertex -32.527486951940645 -24.959218589357548 0
    endloop
  endfacet
  facet normal -0.8128466845916169 -0.5824776968677998 0
    outer loop
      vertex -34.09025410440435 -22.77837955380369 0
      vertex -32.527486951940645 -24.959218589357548 0
      vertex -34.09025410440435 -22.77837955380369 5
    endloop
  endfacet
  facet normal -0.8492021815265783 -0.528067850650369 1.490372970199012e-17
    outer loop
      vertex -34.09025410440435 -22.77837955380369 0
      vertex -35.50704155516198 -20.5 5
      vertex -35.50704155516198 -20.5 0
    endloop
  endfacet
  facet normal -0.6343932841636457 -0.7730104533627369 -1.1284691758711379e-17
    outer loop
      vertex -27.03317841910282 -30.82543210663808 0
      vertex -24.959218589357548 -32.527486951940645 0
      vertex -24.959218589357548 -32.527486951940645 5
    endloop
  endfacet
  facet normal -0.5824776968677998 -0.8128466845916169 1.5738527843554198e-17
    outer loop
      vertex -24.959218589357548 -32.527486951940645 0
      vertex -22.77837955380369 -34.09025410440435 0
      vertex -22.77837955380369 -34.09025410440435 5
    endloop
  endfacet
  facet normal -0.528067850650369 -0.8492021815265783 1.490372970199012e-17
    outer loop
      vertex -22.77837955380369 -34.09025410440435 0
      vertex -20.5 -35.50704155516198 0
      vertex -20.5 -35.50704155516198 5
    endloop
  endfacet
  facet normal 0 0 -1
    outer loop
      vertex -22.77837955380369 -34.09025410440435 0
      vertex -20.414110472164033 -12.045481322062509 0
      vertex -20.5 -35.50704155516198 0
    endloop
  endfacet
  facet normal -0.7298640726978362 -0.6835923020228708 0
    outer loop
      vertex -30.82543210663808 -27.03317841910282 0
      vertex -28.99137802864845 -28.99137802864845 0
      vertex -30.82543210663808 -27.03317841910282 5
    endloop
  endfacet
  facet normal -0.6835923020228708 -0.7298640726978362 0
    outer loop
      vertex -27.03317841910282 -30.82543210663808 0
      vertex -27.03317841910282 -30.82543210663808 5
      vertex -28.99137802864845 -28.99137802864845 0
    endloop
  endfacet
  facet normal -0.7730104533627369 -0.6343932841636457 0
    outer loop
      vertex -30.82543210663808 -27.03317841910282 0
      vertex -30.82543210663808 -27.03317841910282 5
      vertex -32.527486951940645 -24.959218589357548 5
    endloop
  endfacet
  facet normal -0.8492021815265783 -0.528067850650369 0
    outer loop
      vertex -34.09025410440435 -22.77837955380369 0
      vertex -34.09025410440435 -22.77837955380369 5
      vertex -35.50704155516198 -20.5 5
    endloop
  endfacet
  facet normal -0.8128466845916169 -0.5824776968677998 0
    outer loop
      vertex -32.527486951940645 -24.959218589357548 0
      vertex -32.527486951940645 -24.959218589357548 5
      vertex -34.09025410440435 -22.77837955380369 5
    endloop
  endfacet
  facet normal -0.6343932841636457 -0.7730104533627369 0
    outer loop
      vertex -27.03317841910282 -30.82543210663808 0
      vertex -24.959218589357548 -32.527486951940645 5
      vertex -27.03317841910282 -30.82543210663808 5
    endloop
  endfacet
  facet normal -0.5824776968677998 -0.8128466845916169 0
    outer loop
      vertex -24.959218589357548 -32.527486951940645 0
      vertex -22.77837955380369 -34.09025410440435 5
      vertex -24.959218589357548 -32.527486951940645 5
    endloop
  endfacet
  facet normal -0.528067850650369 -0.8492021815265783 0
    outer loop
      vertex -22.77837955380369 -34.09025410440435 0
      vertex -20.5 -35.50704155516198 5
      vertex -22.77837955380369 -34.09025410440435 5
    endloop
  endfacet
  facet normal -0.7298640726978362 -0.6835923020228708 0
    outer loop
      vertex -28.99137802864845 -28.99137802864845 0
      vertex -28.99137802864845 -28.99137802864845 5
      vertex -30.82543210663808 -27.03317841910282 5
    endloop
  endfacet
  facet normal -0.6835923020228708 -0.7298640726978362 0
    outer loop
      vertex -28.99137802864845 -28.99137802864845 0
      vertex -27.03317841910282 -30.82543210663808 5
      vertex -28.99137802864845 -28.99137802864845 5
    endloop
  endfacet
  facet normal -0.8819212643483555 -0.4713967368259967 0
    outer loop
      vertex -36.771782402840216 -18.133836298979052 0
      vertex -35.50704155516198 -20.5 0
      vertex -36.771782402840216 -18.133836298979052 5
    endloop
  endfacet
  facet normal -0.910863824921175 -0.41270702980439633 1.1516464999668257e-17
    outer loop
      vertex -36.771782402840216 -18.133836298979052 0
      vertex -37.87906083296276 -15.690020726968681 5
      vertex -37.87906083296276 -15.690020726968681 0
    endloop
  endfacet
  facet normal -0.9359059267573253 -0.35225004792123465 -5.5742598873511865e-18
    outer loop
      vertex -37.87906083296276 -15.690020726968681 0
      vertex -38.824135309299336 -13.179018077429625 5
      vertex -38.824135309299336 -13.179018077429625 0
    endloop
  endfacet
  facet normal -0.9569403357322096 -0.29028467725446 -7.476925750150317e-18
    outer loop
      vertex -38.824135309299336 -13.179018077429625 0
      vertex -39.6029588778518 -10.61158084920335 5
      vertex -39.6029588778518 -10.61158084920335 0
    endloop
  endfacet
  facet normal 0 0 -1
    outer loop
      vertex -36.771782402840216 -18.133836298979052 0
      vertex -37.87906083296276 -15.690020726968681 0
      vertex -36.771782402840216 18.133836298979052 0
    endloop
  endfacet
  facet normal 0 0 -1
    outer loop
      vertex -36.771782402840216 -18.133836298979052 0
      vertex -35.50704155516198 20.5 0
      vertex -35.50704155516198 -20.5 0
    endloop
  endfacet
  facet normal 0 0 -1
    outer loop
      vertex -39.6029588778518 -10.61158084920335 0
      vertex -40.21219649653245 -7.998703202661258 0
      vertex -39.6029588778518 10.61158084920335 0
    endloop
  endfacet
  facet normal 0 0 -1
    outer loop
      vertex -38.824135309299336 -13.179018077429625 0
      vertex -39.6029588778518 -10.61158084920335 0
      vertex -38.824135309299336 13.179018077429625 0
    endloop
  endfacet
  facet normal 0 0 -1
    outer loop
      vertex -40.21219649653245 -7.998703202661258 0
      vertex -40.649239316326224 -5.351573881022114 0
      vertex -40.21219649653245 7.998703202661258 0
    endloop
  endfacet
  facet normal 0 0 -1
    outer loop
      vertex -40.649239316326224 -5.351573881022114 0
      vertex -40.912215852782744 -2.6815282984358655 0
      vertex -40.649239316326224 5.351573881022114 0
    endloop
  endfacet
  facet normal 0 0 -1
    outer loop
      vertex -37.87906083296276 -15.690020726968681 0
      vertex -38.824135309299336 -13.179018077429625 0
      vertex -37.87906083296276 15.690020726968681 0
    endloop
  endfacet
  facet normal 0 0 -1
    outer loop
      vertex -34.09025410440435 -22.77837955380369 0
      vertex -35.50704155516198 -20.5 0
      vertex -34.09025410440435 22.77837955380369 0
    endloop
  endfacet
  facet normal 0 0 -1
    outer loop
      vertex -30.82543210663808 -27.03317841910282 0
      vertex -32.527486951940645 -24.959218589357548 0
      vertex -30.82543210663808 27.03317841910282 0
    endloop
  endfacet
  facet normal 0 0 -1
    outer loop
      vertex -34.09025410440435 -22.77837955380369 0
      vertex -32.527486951940645 24.959218589357548 0
      vertex -32.527486951940645 -24.959218589357548 0
    endloop
  endfacet
  facet normal -0.9738769792773334 -0.22707626303437442 2.357816746745561e-18
    outer loop
      vertex -39.6029588778518 -10.61158084920335 0
      vertex -40.21219649653245 -7.998703202661258 5
      vertex -40.21219649653245 -7.998703202661258 0
    endloop
  endfacet
  facet normal -0.9866433320848792 -0.16289547339458713 -3.0360510082111784e-18
    outer loop
      vertex -40.21219649653245 -7.998703202661258 0
      vertex -40.649239316326224 -5.351573881022114 5
      vertex -40.649239316326224 -5.351573881022114 0
    endloop
  endfacet
  facet normal -0.9951847266721967 -0.09801714032956184 2.195590663496606e-18
    outer loop
      vertex -40.649239316326224 -5.351573881022114 0
      vertex -40.912215852782744 -2.6815282984358655 5
      vertex -40.912215852782744 -2.6815282984358655 0
    endloop
  endfacet
  facet normal -0.9994645874763656 -0.03271908282177616 9.421357076896625e-19
    outer loop
      vertex -40.912215852782744 -2.6815282984358655 0
      vertex -41 0 5
      vertex -41 0 0
    endloop
  endfacet
  facet normal 0 0 -1
    outer loop
      vertex -27.03317841910282 -30.82543210663808 0
      vertex -24.959218589357548 32.527486951940645 0
      vertex -24.959218589357548 -32.527486951940645 0
    endloop
  endfacet
  facet normal 0 0 -1
    outer loop
      vertex -22.77837955380369 -34.09025410440435 0
      vertex -21.33035137968407 -11.388912372831363 0
      vertex -21.269365344465974 -11.474018286413953 0
    endloop
  endfacet
  facet normal 0 0 -1
    outer loop
      vertex -22.77837955380369 -34.09025410440435 0
      vertex -21.3856406460551 -11.3 0
      vertex -21.33035137968407 -11.388912372831363 0
    endloop
  endfacet
  facet normal 0 0 -1
    outer loop
      vertex -22.77837955380369 -34.09025410440435 0
      vertex -21.54548132206251 -10.914110472164033 0
      vertex -21.515088207192168 -11.014303144485059 0
    endloop
  endfacet
  facet normal 0 0 -1
    outer loop
      vertex -22.77837955380369 -34.09025410440435 0
      vertex -21.56925644864517 -10.812144515225805 0
      vertex -21.54548132206251 -10.914110472164033 0
    endloop
  endfacet
  facet normal 0 0 -1
    outer loop
      vertex -22.77837955380369 -34.09025410440435 0
      vertex -21.4349963864523 -11.207661904350402 0
      vertex -21.3856406460551 -11.3 0
    endloop
  endfacet
  facet normal 0 0 -1
    outer loop
      vertex -22.77837955380369 -34.09025410440435 0
      vertex -21.47820725201806 -11.112293491784143 0
      vertex -21.4349963864523 -11.207661904350402 0
    endloop
  endfacet
  facet normal 0 0 -1
    outer loop
      vertex -22.77837955380369 -34.09025410440435 0
      vertex -21.515088207192168 -11.014303144485059 0
      vertex -21.47820725201806 -11.112293491784143 0
    endloop
  endfacet
  facet normal 0 0 -1
    outer loop
      vertex -22.77837955380369 -34.09025410440435 0
      vertex -21.586311778198098 -10.708841907552083 0
      vertex -21.56925644864517 -10.812144515225805 0
    endloop
  endfacet
  facet normal 0 0 -1
    outer loop
      vertex -22.77837955380369 -34.09025410440435 0
      vertex -21.596574277181766 -10.604645006768228 0
      vertex -21.586311778198098 -10.708841907552083 0
    endloop
  endfacet
  facet normal 0 0 -1
    outer loop
      vertex -22.77837955380369 -34.09025410440435 0
      vertex -21.6 -10.5 0
      vertex -21.596574277181766 -10.604645006768228 0
    endloop
  endfacet
  facet normal 0 0 -1
    outer loop
      vertex -22.77837955380369 -34.09025410440435 0
      vertex -21.596574277181766 -10.395354993231772 0
      vertex -21.6 -10.5 0
    endloop
  endfacet
  facet normal 0 0 -1
    outer loop
      vertex -22.77837955380369 -34.09025410440435 0
      vertex -20.97401828641395 -11.769365344465976 0
      vertex -20.888912372831363 -11.830351379684073 0
    endloop
  endfacet
  facet normal 0 0 -1
    outer loop
      vertex -22.77837955380369 -34.09025410440435 0
      vertex -20.888912372831363 -11.830351379684073 0
      vertex -20.8 -11.885640646055101 0
    endloop
  endfacet
  facet normal 0 0 -1
    outer loop
      vertex -22.77837955380369 -34.09025410440435 0
      vertex -20.8 -11.885640646055101 0
      vertex -20.707661904350402 -11.934996386452301 0
    endloop
  endfacet
  facet normal 0 0 -1
    outer loop
      vertex -22.77837955380369 -34.09025410440435 0
      vertex -20.612293491784143 -11.97820725201806 0
      vertex -20.51430314448506 -12.01508820719217 0
    endloop
  endfacet
  facet normal 0 0 -1
    outer loop
      vertex -22.77837955380369 -34.09025410440435 0
      vertex -20.707661904350402 -11.934996386452301 0
      vertex -20.612293491784143 -11.97820725201806 0
    endloop
  endfacet
  facet normal 0 0 -1
    outer loop
      vertex -22.77837955380369 -34.09025410440435 0
      vertex -20.51430314448506 -12.01508820719217 0
      vertex -20.414110472164033 -12.045481322062509 0
    endloop
  endfacet
  facet normal 0 0 -1
    outer loop
      vertex -22.77837955380369 -34.09025410440435 0
      vertex -21.202943691966365 -11.55495330416011 0
      vertex -21.131370849898477 -11.631370849898476 0
    endloop
  endfacet
  facet normal 0 0 -1
    outer loop
      vertex -22.77837955380369 -34.09025410440435 0
      vertex -21.131370849898477 -11.631370849898476 0
      vertex -21.05495330416011 -11.702943691966365 0
    endloop
  endfacet
  facet normal 0 0 -1
    outer loop
      vertex -22.77837955380369 -34.09025410440435 0
      vertex -21.269365344465974 -11.474018286413953 0
      vertex -21.202943691966365 -11.55495330416011 0
    endloop
  endfacet
  facet normal 0 0 -1
    outer loop
      vertex -22.77837955380369 -34.09025410440435 0
      vertex -21.05495330416011 -11.702943691966365 0
      vertex -20.97401828641395 -11.769365344465976 0
    endloop
  endfacet
  facet normal 0 0 -1
    outer loop
      vertex -24.959218589357548 -32.527486951940645 0
      vertex -22.77837955380369 34.09025410440435 0
      vertex -22.77837955380369 -34.09025410440435 0
    endloop
  endfacet
  facet normal 0 0 -1
    outer loop
      vertex -22.77837955380369 -34.09025410440435 0
      vertex -21.33035137968407 9.611087627168637 0
      vertex -21.596574277181766 -10.395354993231772 0
    endloop
  endfacet
  facet normal 0 0 -1
    outer loop
      vertex -30.82543210663808 -27.03317841910282 0
      vertex -28.99137802864845 28.99137802864845 0
      vertex -28.99137802864845 -28.99137802864845 0
    endloop
  endfacet
  facet normal 0 0 -1
    outer loop
      vertex -27.03317841910282 -30.82543210663808 0
      vertex -28.99137802864845 -28.99137802864845 0
      vertex -27.03317841910282 30.82543210663808 0
    endloop
  endfacet
  facet normal 0 0 -1
    outer loop
      vertex -22.77837955380369 -34.09025410440435 0
      vertex -21.4349963864523 9.792338095649598 0
      vertex -21.3856406460551 9.7 0
    endloop
  endfacet
  facet normal 0 0 -1
    outer loop
      vertex -22.77837955380369 -34.09025410440435 0
      vertex -21.3856406460551 9.7 0
      vertex -21.33035137968407 9.611087627168637 0
    endloop
  endfacet
  facet normal 0 0 -1
    outer loop
      vertex -22.77837955380369 -34.09025410440435 0
      vertex -21.54548132206251 10.085889527835967 0
      vertex -21.515088207192168 9.985696855514941 0
    endloop
  endfacet
  facet normal 0 0 -1
    outer loop
      vertex -22.77837955380369 -34.09025410440435 0
      vertex -21.56925644864517 10.187855484774195 0
      vertex -21.54548132206251 10.085889527835967 0
    endloop
  endfacet
  facet normal 0 0 -1
    outer loop
      vertex -22.77837955380369 -34.09025410440435 0
      vertex -21.586311778198098 10.291158092447917 0
      vertex -21.56925644864517 10.187855484774195 0
    endloop
  endfacet
  facet normal 0 0 -1
    outer loop
      vertex -22.77837955380369 -34.09025410440435 0
      vertex -21.47820725201806 9.887706508215857 0
      vertex -21.4349963864523 9.792338095649598 0
    endloop
  endfacet
  facet normal 0 0 -1
    outer loop
      vertex -22.77837955380369 -34.09025410440435 0
      vertex -21.515088207192168 9.985696855514941 0
      vertex -21.47820725201806 9.887706508215857 0
    endloop
  endfacet
  facet normal 0 0 -1
    outer loop
      vertex -22.77837955380369 -34.09025410440435 0
      vertex -21.596574277181766 10.395354993231772 0
      vertex -21.586311778198098 10.291158092447917 0
    endloop
  endfacet
  facet normal 0 0 -1
    outer loop
      vertex -21.33035137968407 9.611087627168637 0
      vertex -21.586311778198098 -10.291158092447917 0
      vertex -21.596574277181766 -10.395354993231772 0
    endloop
  endfacet
  facet normal 0 0 -1
    outer loop
      vertex -21.33035137968407 9.611087627168637 0
      vertex -21.56925644864517 -10.187855484774195 0
      vertex -21.586311778198098 -10.291158092447917 0
    endloop
  endfacet
  facet normal 0 0 -1
    outer loop
      vertex -21.33035137968407 9.611087627168637 0
      vertex -21.54548132206251 -10.085889527835967 0
      vertex -21.56925644864517 -10.187855484774195 0
    endloop
  endfacet
  facet normal 0 0 -1
    outer loop
      vertex -21.33035137968407 9.611087627168637 0
      vertex -21.515088207192168 -9.985696855514941 0
      vertex -21.54548132206251 -10.085889527835967 0
    endloop
  endfacet
  facet normal 0 0 -1
    outer loop
      vertex -21.33035137968407 9.611087627168637 0
      vertex -21.47820725201806 -9.887706508215857 0
      vertex -21.515088207192168 -9.985696855514941 0
    endloop
  endfacet
  facet normal 0 0 -1
    outer loop
      vertex -21.33035137968407 9.611087627168637 0
      vertex -21.3856406460551 -9.7 0
      vertex -21.4349963864523 -9.792338095649598 0
    endloop
  endfacet
  facet normal 0 0 -1
    outer loop
      vertex -21.33035137968407 9.611087627168637 0
      vertex -21.4349963864523 -9.792338095649598 0
      vertex -21.47820725201806 -9.887706508215857 0
    endloop
  endfacet
  facet normal 0 0 -1
    outer loop
      vertex -21.3856406460551 -9.7 0
      vertex -21.33035137968407 9.611087627168637 0
      vertex -21.33035137968407 -9.611087627168637 0
    endloop
  endfacet
  facet normal 0 0 -1
    outer loop
      vertex -21.33035137968407 -9.611087627168637 0
      vertex -21.269365344465974 9.525981713586047 0
      vertex -21.269365344465974 -9.525981713586047 0
    endloop
  endfacet
  facet normal 0 0 -1
    outer loop
      vertex -21.269365344465974 -9.525981713586047 0
      vertex -21.202943691966365 9.44504669583989 0
      vertex -21.202943691966365 -9.44504669583989 0
    endloop
  endfacet
  facet normal 0 0 -1
    outer loop
      vertex -21.202943691966365 -9.44504669583989 0
      vertex -21.131370849898477 9.368629150101524 0
      vertex -21.131370849898477 -9.368629150101524 0
    endloop
  endfacet
  facet normal 0 0 -1
    outer loop
      vertex -21.05495330416011 -9.297056308033635 0
      vertex -21.131370849898477 -9.368629150101524 0
      vertex -21.05495330416011 9.297056308033635 0
    endloop
  endfacet
  facet normal 0 0 -1
    outer loop
      vertex -20.97401828641395 -9.230634655534024 0
      vertex -21.05495330416011 -9.297056308033635 0
      vertex -20.97401828641395 9.230634655534024 0
    endloop
  endfacet
  facet normal 0 0 -1
    outer loop
      vertex -20.888912372831363 -9.169648620315927 0
      vertex -20.97401828641395 -9.230634655534024 0
      vertex -20.888912372831363 9.169648620315927 0
    endloop
  endfacet
  facet normal 0 0 -1
    outer loop
      vertex -20.8 -9.114359353944899 0
      vertex -20.888912372831363 -9.169648620315927 0
      vertex -20.8 9.114359353944899 0
    endloop
  endfacet
  facet normal 0 0 -1
    outer loop
      vertex -20.707661904350402 -9.065003613547699 0
      vertex -20.8 -9.114359353944899 0
      vertex -20.707661904350402 9.065003613547699 0
    endloop
  endfacet
  facet normal 0 0 -1
    outer loop
      vertex -20.612293491784143 -9.02179274798194 0
      vertex -20.707661904350402 -9.065003613547699 0
      vertex -20.612293491784143 9.02179274798194 0
    endloop
  endfacet
  facet normal 0 0 -1
    outer loop
      vertex -20.51430314448506 -8.98491179280783 0
      vertex -20.612293491784143 -9.02179274798194 0
      vertex -20.51430314448506 8.98491179280783 0
    endloop
  endfacet
  facet normal -0.8819212643483555 -0.4713967368259967 0
    outer loop
      vertex -35.50704155516198 -20.5 0
      vertex -35.50704155516198 -20.5 5
      vertex -36.771782402840216 -18.133836298979052 5
    endloop
  endfacet
  facet normal -0.910863824921175 -0.41270702980439633 0
    outer loop
      vertex -36.771782402840216 -18.133836298979052 0
      vertex -36.771782402840216 -18.133836298979052 5
      vertex -37.87906083296276 -15.690020726968681 5
    endloop
  endfacet
  facet normal -0.9569403357322096 -0.29028467725446 0
    outer loop
      vertex -38.824135309299336 -13.179018077429625 0
      vertex -38.824135309299336 -13.179018077429625 5
      vertex -39.6029588778518 -10.61158084920335 5
    endloop
  endfacet
  facet normal -0.9359059267573253 -0.35225004792123465 0
    outer loop
      vertex -37.87906083296276 -15.690020726968681 0
      vertex -37.87906083296276 -15.690020726968681 5
      vertex -38.824135309299336 -13.179018077429625 5
    endloop
  endfacet
  facet normal -0.9738769792773334 -0.22707626303437442 0
    outer loop
      vertex -39.6029588778518 -10.61158084920335 0
      vertex -39.6029588778518 -10.61158084920335 5
      vertex -40.21219649653245 -7.998703202661258 5
    endloop
  endfacet
  facet normal -0.9866433320848792 -0.16289547339458713 0
    outer loop
      vertex -40.21219649653245 -7.998703202661258 0
      vertex -40.21219649653245 -7.998703202661258 5
      vertex -40.649239316326224 -5.351573881022114 5
    endloop
  endfacet
  facet normal -0.9951847266721967 -0.09801714032956184 0
    outer loop
      vertex -40.649239316326224 -5.351573881022114 0
      vertex -40.649239316326224 -5.351573881022114 5
      vertex -40.912215852782744 -2.6815282984358655 5
    endloop
  endfacet
  facet normal -0.9994645874763656 -0.03271908282177616 0
    outer loop
      vertex -40.912215852782744 -2.6815282984358655 0
      vertex -40.912215852782744 -2.6815282984358655 5
      vertex -41 0 5
    endloop
  endfacet
  facet normal 0 0 -1
    outer loop
      vertex -18.133836298979052 -36.771782402840216 0
      vertex -20.5 -35.50704155516198 0
      vertex -18.082661904350402 -31.529379167961544 0
    endloop
  endfacet
  facet normal 0 0 -1
    outer loop
      vertex -18.133836298979052 -36.771782402840216 0
      vertex -17.987293491784143 -31.5725900335273 0
      vertex -17.88930314448506 -31.60947098870141 0
    endloop
  endfacet
  facet normal 0 0 -1
    outer loop
      vertex -20.5 -35.50704155516198 0
      vertex -18.644365344465974 -31.068401067923197 0
      vertex -18.577943691966365 -31.149336085669354 0
    endloop
  endfacet
  facet normal 0 0 -1
    outer loop
      vertex -20.5 -35.50704155516198 0
      vertex -18.70535137968407 -30.983295154340606 0
      vertex -18.644365344465974 -31.068401067923197 0
    endloop
  endfacet
  facet normal 0 0 -1
    outer loop
      vertex -20.5 -35.50704155516198 0
      vertex -18.7606406460551 -30.894382781509243 0
      vertex -18.70535137968407 -30.983295154340606 0
    endloop
  endfacet
  facet normal 0 0 -1
    outer loop
      vertex -20.5 -35.50704155516198 0
      vertex -18.8099963864523 -30.802044685859645 0
      vertex -18.7606406460551 -30.894382781509243 0
    endloop
  endfacet
  facet normal 0 0 -1
    outer loop
      vertex -20.5 -35.50704155516198 0
      vertex -18.85320725201806 -30.706676273293386 0
      vertex -18.8099963864523 -30.802044685859645 0
    endloop
  endfacet
  facet normal 0 0 -1
    outer loop
      vertex -20.5 -35.50704155516198 0
      vertex -18.890088207192168 -30.6086859259943 0
      vertex -18.85320725201806 -30.706676273293386 0
    endloop
  endfacet
  facet normal 0 0 -1
    outer loop
      vertex -20.5 -35.50704155516198 0
      vertex -18.92048132206251 -30.508493253673276 0
      vertex -18.890088207192168 -30.6086859259943 0
    endloop
  endfacet
  facet normal 0 0 -1
    outer loop
      vertex -20.5 -35.50704155516198 0
      vertex -18.961311778198098 -30.303224689061324 0
      vertex -18.94425644864517 -30.40652729673505 0
    endloop
  endfacet
  facet normal 0 0 -1
    outer loop
      vertex -20.5 -35.50704155516198 0
      vertex -18.94425644864517 -30.40652729673505 0
      vertex -18.92048132206251 -30.508493253673276 0
    endloop
  endfacet
  facet normal 0 0 -1
    outer loop
      vertex -20.5 -35.50704155516198 0
      vertex -18.971574277181766 -30.199027788277473 0
      vertex -18.961311778198098 -30.303224689061324 0
    endloop
  endfacet
  facet normal 0 0 -1
    outer loop
      vertex -20.5 -35.50704155516198 0
      vertex -18.975 -30.094382781509243 0
      vertex -18.971574277181766 -30.199027788277473 0
    endloop
  endfacet
  facet normal 0 0 -1
    outer loop
      vertex -20.5 -35.50704155516198 0
      vertex -18.506370849898477 -31.22575363140772 0
      vertex -18.42995330416011 -31.297326473475607 0
    endloop
  endfacet
  facet normal 0 0 -1
    outer loop
      vertex -20.5 -35.50704155516198 0
      vertex -18.42995330416011 -31.297326473475607 0
      vertex -18.34901828641395 -31.36374812597522 0
    endloop
  endfacet
  facet normal 0 0 -1
    outer loop
      vertex -20.5 -35.50704155516198 0
      vertex -18.175 -31.480023427564344 0
      vertex -18.082661904350402 -31.529379167961544 0
    endloop
  endfacet
  facet normal 0 0 -1
    outer loop
      vertex -20.5 -35.50704155516198 0
      vertex -18.263912372831363 -31.424734161193314 0
      vertex -18.175 -31.480023427564344 0
    endloop
  endfacet
  facet normal 0 0 -1
    outer loop
      vertex -20.5 -35.50704155516198 0
      vertex -18.34901828641395 -31.36374812597522 0
      vertex -18.263912372831363 -31.424734161193314 0
    endloop
  endfacet
  facet normal 0 0 -1
    outer loop
      vertex -20.5 -35.50704155516198 0
      vertex -18.577943691966365 -31.149336085669354 0
      vertex -18.506370849898477 -31.22575363140772 0
    endloop
  endfacet
  facet normal 0 0 -1
    outer loop
      vertex -18.133836298979052 -36.771782402840216 0
      vertex -18.082661904350402 -31.529379167961544 0
      vertex -17.987293491784143 -31.5725900335273 0
    endloop
  endfacet
  facet normal 0 0 -1
    outer loop
      vertex -18.133836298979052 -36.771782402840216 0
      vertex -17.27035499323177 -31.69095705869101 0
      vertex -15.690020726968681 -37.87906083296276 0
    endloop
  endfacet
  facet normal 0 0 -1
    outer loop
      vertex -18.133836298979052 -36.771782402840216 0
      vertex -17.88930314448506 -31.60947098870141 0
      vertex -17.789110472164033 -31.639864103571753 0
    endloop
  endfacet
  facet normal 0 0 -1
    outer loop
      vertex -18.133836298979052 -36.771782402840216 0
      vertex -17.789110472164033 -31.639864103571753 0
      vertex -17.687144515225807 -31.663639230154413 0
    endloop
  endfacet
  facet normal 0 0 -1
    outer loop
      vertex -18.133836298979052 -36.771782402840216 0
      vertex -17.687144515225807 -31.663639230154413 0
      vertex -17.58384190755208 -31.68069455970734 0
    endloop
  endfacet
  facet normal 0 0 -1
    outer loop
      vertex -18.133836298979052 -36.771782402840216 0
      vertex -17.58384190755208 -31.68069455970734 0
      vertex -17.47964500676823 -31.69095705869101 0
    endloop
  endfacet
  facet normal 0 0 -1
    outer loop
      vertex -18.133836298979052 -36.771782402840216 0
      vertex -17.47964500676823 -31.69095705869101 0
      vertex -17.375 -31.694382781509244 0
    endloop
  endfacet
  facet normal 0 0 -1
    outer loop
      vertex -18.133836298979052 -36.771782402840216 0
      vertex -17.375 -31.694382781509244 0
      vertex -17.27035499323177 -31.69095705869101 0
    endloop
  endfacet
  facet normal 0 0 -1
    outer loop
      vertex -15.690020726968681 -37.87906083296276 0
      vertex -17.27035499323177 -31.69095705869101 0
      vertex -17.16615809244792 -31.68069455970734 0
    endloop
  endfacet
  facet normal 0 0 -1
    outer loop
      vertex -15.690020726968681 -37.87906083296276 0
      vertex -17.16615809244792 -31.68069455970734 0
      vertex -17.062855484774193 -31.663639230154413 0
    endloop
  endfacet
  facet normal 0 0 -1
    outer loop
      vertex -15.690020726968681 -37.87906083296276 0
      vertex -17.062855484774193 -31.663639230154413 0
      vertex -16.960889527835967 -31.639864103571753 0
    endloop
  endfacet
  facet normal 0 0 -1
    outer loop
      vertex -15.690020726968681 -37.87906083296276 0
      vertex -16.960889527835967 -31.639864103571753 0
      vertex -16.86069685551494 -31.60947098870141 0
    endloop
  endfacet
  facet normal 0 0 -1
    outer loop
      vertex -15.690020726968681 -37.87906083296276 0
      vertex -16.86069685551494 -31.60947098870141 0
      vertex -16.762706508215857 -31.5725900335273 0
    endloop
  endfacet
  facet normal 0 0 -1
    outer loop
      vertex -15.690020726968681 -37.87906083296276 0
      vertex -16.762706508215857 -31.5725900335273 0
      vertex -16.667338095649598 -31.529379167961544 0
    endloop
  endfacet
  facet normal 0 0 -1
    outer loop
      vertex -15.690020726968681 -37.87906083296276 0
      vertex -16.667338095649598 -31.529379167961544 0
      vertex -16.575 -31.480023427564344 0
    endloop
  endfacet
  facet normal 0 0 -1
    outer loop
      vertex -15.690020726968681 -37.87906083296276 0
      vertex -16.575 -31.480023427564344 0
      vertex -16.486087627168637 -31.424734161193314 0
    endloop
  endfacet
  facet normal 0 0 -1
    outer loop
      vertex -15.690020726968681 -37.87906083296276 0
      vertex -16.486087627168637 -31.424734161193314 0
      vertex -16.40098171358605 -31.36374812597522 0
    endloop
  endfacet
  facet normal 0 0 -1
    outer loop
      vertex -15.690020726968681 -37.87906083296276 0
      vertex -16.40098171358605 -31.36374812597522 0
      vertex -16.32004669583989 -31.297326473475607 0
    endloop
  endfacet
  facet normal 0 0 -1
    outer loop
      vertex -15.690020726968681 -37.87906083296276 0
      vertex -16.32004669583989 -31.297326473475607 0
      vertex -16.243629150101523 -31.22575363140772 0
    endloop
  endfacet
  facet normal 0 0 -1
    outer loop
      vertex -15.690020726968681 -37.87906083296276 0
      vertex -16.243629150101523 -31.22575363140772 0
      vertex -16.172056308033635 -31.149336085669354 0
    endloop
  endfacet
  facet normal 0 0 -1
    outer loop
      vertex -15.690020726968681 -37.87906083296276 0
      vertex -16.172056308033635 -31.149336085669354 0
      vertex -16.105634655534026 -31.068401067923197 0
    endloop
  endfacet
  facet normal 0 0 -1
    outer loop
      vertex -15.690020726968681 -37.87906083296276 0
      vertex -16.105634655534026 -31.068401067923197 0
      vertex -16.04464862031593 -30.983295154340606 0
    endloop
  endfacet
  facet normal 0 0 -1
    outer loop
      vertex -15.690020726968681 -37.87906083296276 0
      vertex -16.04464862031593 -30.983295154340606 0
      vertex -15.989359353944899 -30.894382781509243 0
    endloop
  endfacet
  facet normal 0 0 -1
    outer loop
      vertex -15.690020726968681 -37.87906083296276 0
      vertex -15.989359353944899 -30.894382781509243 0
      vertex -15.940003613547699 -30.802044685859645 0
    endloop
  endfacet
  facet normal 0 0 -1
    outer loop
      vertex -15.690020726968681 -37.87906083296276 0
      vertex -15.940003613547699 -30.802044685859645 0
      vertex -15.89679274798194 -30.706676273293386 0
    endloop
  endfacet
  facet normal 0 0 -1
    outer loop
      vertex -15.690020726968681 -37.87906083296276 0
      vertex -15.89679274798194 -30.706676273293386 0
      vertex -15.85991179280783 -30.6086859259943 0
    endloop
  endfacet
  facet normal 0 0 -1
    outer loop
      vertex -15.690020726968681 -37.87906083296276 0
      vertex -15.85991179280783 -30.6086859259943 0
      vertex -15.829518677937491 -30.508493253673276 0
    endloop
  endfacet
  facet normal 0 0 -1
    outer loop
      vertex -15.690020726968681 -37.87906083296276 0
      vertex -15.829518677937491 -30.508493253673276 0
      vertex -15.805743551354832 -30.40652729673505 0
    endloop
  endfacet
  facet normal 0 0 -1
    outer loop
      vertex -15.690020726968681 -37.87906083296276 0
      vertex -15.805743551354832 -30.40652729673505 0
      vertex -15.788688221801904 -30.303224689061324 0
    endloop
  endfacet
  facet normal 0 0 -1
    outer loop
      vertex -15.690020726968681 -37.87906083296276 0
      vertex -15.788688221801904 -30.303224689061324 0
      vertex -15.778425722818234 -30.199027788277473 0
    endloop
  endfacet
  facet normal 0 0 -1
    outer loop
      vertex -15.690020726968681 -37.87906083296276 0
      vertex -15.778425722818234 -30.199027788277473 0
      vertex -15.775 -30.094382781509243 0
    endloop
  endfacet
  facet normal -0.4713967368259967 -0.8819212643483555 0
    outer loop
      vertex -18.133836298979052 -36.771782402840216 0
      vertex -18.133836298979052 -36.771782402840216 5
      vertex -20.5 -35.50704155516198 0
    endloop
  endfacet
  facet normal -0.41270702980439633 -0.910863824921175 1.1516464999668257e-17
    outer loop
      vertex -18.133836298979052 -36.771782402840216 0
      vertex -15.690020726968681 -37.87906083296276 0
      vertex -15.690020726968681 -37.87906083296276 5
    endloop
  endfacet
  facet normal -0.35225004792123465 -0.9359059267573253 -5.5742598873511865e-18
    outer loop
      vertex -15.690020726968681 -37.87906083296276 0
      vertex -13.179018077429625 -38.824135309299336 0
      vertex -13.179018077429625 -38.824135309299336 5
    endloop
  endfacet
  facet normal -0.29028467725446 -0.9569403357322096 -7.476925750150317e-18
    outer loop
      vertex -13.179018077429625 -38.824135309299336 0
      vertex -10.61158084920335 -39.6029588778518 0
      vertex -10.61158084920335 -39.6029588778518 5
    endloop
  endfacet
  facet normal 0 0 -1
    outer loop
      vertex -20.5 -35.50704155516198 0
      vertex -18.52179274798194 -11.112293491784143 0
      vertex -18.975 -30.094382781509243 0
    endloop
  endfacet
  facet normal 0 0 -1
    outer loop
      vertex -18.975 -30.094382781509243 0
      vertex -18.52179274798194 -11.112293491784143 0
      vertex -18.971574277181766 -29.989737774741013 0
    endloop
  endfacet
  facet normal 0 0 -1
    outer loop
      vertex -18.971574277181766 -29.989737774741013 0
      vertex -18.52179274798194 -11.112293491784143 0
      vertex -18.961311778198098 -29.88554087395716 0
    endloop
  endfacet
  facet normal 0 0 -1
    outer loop
      vertex -18.961311778198098 -29.88554087395716 0
      vertex -18.52179274798194 -11.112293491784143 0
      vertex -18.94425644864517 -29.782238266283436 0
    endloop
  endfacet
  facet normal 0 0 -1
    outer loop
      vertex -18.94425644864517 -29.782238266283436 0
      vertex -18.52179274798194 -11.112293491784143 0
      vertex -18.92048132206251 -29.68027230934521 0
    endloop
  endfacet
  facet normal 0 0 -1
    outer loop
      vertex -18.92048132206251 -29.68027230934521 0
      vertex -18.52179274798194 -11.112293491784143 0
      vertex -18.890088207192168 -29.580079637024184 0
    endloop
  endfacet
  facet normal 0 0 -1
    outer loop
      vertex -18.890088207192168 -29.580079637024184 0
      vertex -18.52179274798194 -11.112293491784143 0
      vertex -18.85320725201806 -29.4820892897251 0
    endloop
  endfacet
  facet normal 0 0 -1
    outer loop
      vertex -18.85320725201806 -29.4820892897251 0
      vertex -18.52179274798194 -11.112293491784143 0
      vertex -18.8099963864523 -29.38672087715884 0
    endloop
  endfacet
  facet normal 0 0 -1
    outer loop
      vertex -18.8099963864523 -29.38672087715884 0
      vertex -18.52179274798194 -11.112293491784143 0
      vertex -18.7606406460551 -29.294382781509242 0
    endloop
  endfacet
  facet normal 0 0 -1
    outer loop
      vertex -18.7606406460551 -29.294382781509242 0
      vertex -18.52179274798194 -11.112293491784143 0
      vertex -18.70535137968407 -29.20547040867788 0
    endloop
  endfacet
  facet normal 0 0 -1
    outer loop
      vertex -18.70535137968407 -29.20547040867788 0
      vertex -18.52179274798194 -11.112293491784143 0
      vertex -18.644365344465974 -29.120364495095288 0
    endloop
  endfacet
  facet normal 0 0 -1
    outer loop
      vertex -18.644365344465974 -29.120364495095288 0
      vertex -18.52179274798194 -11.112293491784143 0
      vertex -18.577943691966365 -29.03942947734913 0
    endloop
  endfacet
  facet normal 0 0 -1
    outer loop
      vertex -18.577943691966365 -29.03942947734913 0
      vertex -18.52179274798194 -11.112293491784143 0
      vertex -18.506370849898477 -28.963011931610765 0
    endloop
  endfacet
  facet normal 0 0 -1
    outer loop
      vertex -5.351573881022114 -40.649239316326224 0
      vertex 5 -30 0
      vertex -2.6815282984358655 -40.912215852782744 0
    endloop
  endfacet
  facet normal 0 0 -1
    outer loop
      vertex -5.351573881022114 -40.649239316326224 0
      vertex -5 -30 0
      vertex 5 -30 0
    endloop
  endfacet
  facet normal -0.22707626303437442 -0.9738769792773334 2.357816746745561e-18
    outer loop
      vertex -10.61158084920335 -39.6029588778518 0
      vertex -7.998703202661258 -40.21219649653245 0
      vertex -7.998703202661258 -40.21219649653245 5
    endloop
  endfacet
  facet normal -0.16289547339458713 -0.9866433320848792 -3.0360510082111784e-18
    outer loop
      vertex -7.998703202661258 -40.21219649653245 0
      vertex -5.351573881022114 -40.649239316326224 0
      vertex -5.351573881022114 -40.649239316326224 5
    endloop
  endfacet
  facet normal -0.09801714032956184 -0.9951847266721967 2.195590663496606e-18
    outer loop
      vertex -5.351573881022114 -40.649239316326224 0
      vertex -2.6815282984358655 -40.912215852782744 0
      vertex -2.6815282984358655 -40.912215852782744 5
    endloop
  endfacet
  facet normal -0.03271908282177616 -0.9994645874763656 9.421357076896625e-19
    outer loop
      vertex -2.6815282984358655 -40.912215852782744 0
      vertex 0 -41 0
      vertex 0 -41 5
    endloop
  endfacet
  facet normal -0.4713967368259967 -0.8819212643483555 0
    outer loop
      vertex -20.5 -35.50704155516198 0
      vertex -18.133836298979052 -36.771782402840216 5
      vertex -20.5 -35.50704155516198 5
    endloop
  endfacet
  facet normal -0.41270702980439633 -0.910863824921175 0
    outer loop
      vertex -18.133836298979052 -36.771782402840216 0
      vertex -15.690020726968681 -37.87906083296276 5
      vertex -18.133836298979052 -36.771782402840216 5
    endloop
  endfacet
  facet normal -0.35225004792123465 -0.9359059267573253 0
    outer loop
      vertex -15.690020726968681 -37.87906083296276 0
      vertex -13.179018077429625 -38.824135309299336 5
      vertex -15.690020726968681 -37.87906083296276 5
    endloop
  endfacet
  facet normal -0.29028467725446 -0.9569403357322096 0
    outer loop
      vertex -13.179018077429625 -38.824135309299336 0
      vertex -10.61158084920335 -39.6029588778518 5
      vertex -13.179018077429625 -38.824135309299336 5
    endloop
  endfacet
  facet normal -0.22707626303437442 -0.9738769792773334 0
    outer loop
      vertex -10.61158084920335 -39.6029588778518 0
      vertex -7.998703202661258 -40.21219649653245 5
      vertex -10.61158084920335 -39.6029588778518 5
    endloop
  endfacet
  facet normal -0.16289547339458713 -0.9866433320848792 0
    outer loop
      vertex -7.998703202661258 -40.21219649653245 0
      vertex -5.351573881022114 -40.649239316326224 5
      vertex -7.998703202661258 -40.21219649653245 5
    endloop
  endfacet
  facet normal -0.09801714032956184 -0.9951847266721967 0
    outer loop
      vertex -5.351573881022114 -40.649239316326224 0
      vertex -2.6815282984358655 -40.912215852782744 5
      vertex -5.351573881022114 -40.649239316326224 5
    endloop
  endfacet
  facet normal -0.03271908282177616 -0.9994645874763656 0
    outer loop
      vertex -2.6815282984358655 -40.912215852782744 0
      vertex 0 -41 5
      vertex -2.6815282984358655 -40.912215852782744 5
    endloop
  endfacet
  facet normal 0 0 -1
    outer loop
      vertex -20.5 -35.50704155516198 0
      vertex -20.414110472164033 -12.045481322062509 0
      vertex -20.312144515225807 -12.069256448645168 0
    endloop
  endfacet
  facet normal 0 0 -1
    outer loop
      vertex -20.5 -35.50704155516198 0
      vertex -20.312144515225807 -12.069256448645168 0
      vertex -20.20884190755208 -12.086311778198096 0
    endloop
  endfacet
  facet normal 0 0 -1
    outer loop
      vertex -20.5 -35.50704155516198 0
      vertex -20.20884190755208 -12.086311778198096 0
      vertex -20.10464500676823 -12.096574277181766 0
    endloop
  endfacet
  facet normal 0 0 -1
    outer loop
      vertex -20.5 -35.50704155516198 0
      vertex -20.10464500676823 -12.096574277181766 0
      vertex -20 -12.1 0
    endloop
  endfacet
  facet normal 0 0 -1
    outer loop
      vertex -20.5 -35.50704155516198 0
      vertex -20 -12.1 0
      vertex -19.89535499323177 -12.096574277181766 0
    endloop
  endfacet
  facet normal 0 0 -1
    outer loop
      vertex -20.5 -35.50704155516198 0
      vertex -19.89535499323177 -12.096574277181766 0
      vertex -19.79115809244792 -12.086311778198096 0
    endloop
  endfacet
  facet normal 0 0 -1
    outer loop
      vertex -20.5 -35.50704155516198 0
      vertex -19.79115809244792 -12.086311778198096 0
      vertex -19.687855484774193 -12.069256448645168 0
    endloop
  endfacet
  facet normal 0 0 -1
    outer loop
      vertex -20.5 -35.50704155516198 0
      vertex -19.687855484774193 -12.069256448645168 0
      vertex -19.585889527835967 -12.045481322062509 0
    endloop
  endfacet
  facet normal 0 0 -1
    outer loop
      vertex -20.5 -35.50704155516198 0
      vertex -19.585889527835967 -12.045481322062509 0
      vertex -19.48569685551494 -12.01508820719217 0
    endloop
  endfacet
  facet normal 0 0 -1
    outer loop
      vertex -20.5 -35.50704155516198 0
      vertex -19.48569685551494 -12.01508820719217 0
      vertex -19.387706508215857 -11.97820725201806 0
    endloop
  endfacet
  facet normal 0 0 -1
    outer loop
      vertex -20.5 -35.50704155516198 0
      vertex -19.387706508215857 -11.97820725201806 0
      vertex -19.292338095649598 -11.934996386452301 0
    endloop
  endfacet
  facet normal 0 0 -1
    outer loop
      vertex -20.5 -35.50704155516198 0
      vertex -19.292338095649598 -11.934996386452301 0
      vertex -19.2 -11.885640646055101 0
    endloop
  endfacet
  facet normal 0 0 -1
    outer loop
      vertex -20.5 -35.50704155516198 0
      vertex -19.2 -11.885640646055101 0
      vertex -19.111087627168637 -11.830351379684073 0
    endloop
  endfacet
  facet normal 0 0 -1
    outer loop
      vertex -20.5 -35.50704155516198 0
      vertex -19.111087627168637 -11.830351379684073 0
      vertex -19.02598171358605 -11.769365344465976 0
    endloop
  endfacet
  facet normal 0 0 -1
    outer loop
      vertex -20.5 -35.50704155516198 0
      vertex -19.02598171358605 -11.769365344465976 0
      vertex -18.94504669583989 -11.702943691966365 0
    endloop
  endfacet
  facet normal 0 0 -1
    outer loop
      vertex -20.5 -35.50704155516198 0
      vertex -18.94504669583989 -11.702943691966365 0
      vertex -18.868629150101523 -11.631370849898476 0
    endloop
  endfacet
  facet normal 0 0 -1
    outer loop
      vertex -20.5 -35.50704155516198 0
      vertex -18.868629150101523 -11.631370849898476 0
      vertex -18.797056308033635 -11.55495330416011 0
    endloop
  endfacet
  facet normal 0 0 -1
    outer loop
      vertex -20.5 -35.50704155516198 0
      vertex -18.797056308033635 -11.55495330416011 0
      vertex -18.730634655534026 -11.474018286413953 0
    endloop
  endfacet
  facet normal 0 0 -1
    outer loop
      vertex -20.5 -35.50704155516198 0
      vertex -18.730634655534026 -11.474018286413953 0
      vertex -18.66964862031593 -11.388912372831363 0
    endloop
  endfacet
  facet normal 0 0 -1
    outer loop
      vertex -20.5 -35.50704155516198 0
      vertex -18.66964862031593 -11.388912372831363 0
      vertex -18.6143593539449 -11.3 0
    endloop
  endfacet
  facet normal 0 0 -1
    outer loop
      vertex -20.5 -35.50704155516198 0
      vertex -18.6143593539449 -11.3 0
      vertex -18.5650036135477 -11.207661904350402 0
    endloop
  endfacet
  facet normal 0 0 -1
    outer loop
      vertex -20.5 -35.50704155516198 0
      vertex -18.5650036135477 -11.207661904350402 0
      vertex -18.52179274798194 -11.112293491784143 0
    endloop
  endfacet
  facet normal 0 0 -1
    outer loop
      vertex -18.506370849898477 -28.963011931610765 0
      vertex -18.52179274798194 -11.112293491784143 0
      vertex -18.484911792807832 -11.014303144485059 0
    endloop
  endfacet
  facet normal 0 0 -1
    outer loop
      vertex -18.506370849898477 -28.963011931610765 0
      vertex -18.484911792807832 -11.014303144485059 0
      vertex -18.45451867793749 -10.914110472164033 0
    endloop
  endfacet
  facet normal 0 0 -1
    outer loop
      vertex -18.506370849898477 -28.963011931610765 0
      vertex -18.45451867793749 -10.914110472164033 0
      vertex -18.43074355135483 -10.812144515225805 0
    endloop
  endfacet
  facet normal 0 0 -1
    outer loop
      vertex -18.506370849898477 -28.963011931610765 0
      vertex -18.43074355135483 -10.812144515225805 0
      vertex -18.413688221801902 -10.708841907552083 0
    endloop
  endfacet
  facet normal 0 0 -1
    outer loop
      vertex -18.506370849898477 -28.963011931610765 0
      vertex -18.413688221801902 -10.708841907552083 0
      vertex -18.403425722818234 -10.604645006768228 0
    endloop
  endfacet
  facet normal 0 0 -1
    outer loop
      vertex -18.506370849898477 -28.963011931610765 0
      vertex -18.403425722818234 -10.604645006768228 0
      vertex -18.4 -10.5 0
    endloop
  endfacet
  facet normal 0 0 -1
    outer loop
      vertex -15.690020726968681 -37.87906083296276 0
      vertex -15.775 -30.094382781509243 0
      vertex -15.778425722818234 29.989737774741013 0
    endloop
  endfacet
  facet normal 0 0 -1
    outer loop
      vertex -15.690020726968681 -37.87906083296276 0
      vertex -13.179018077429625 38.824135309299336 0
      vertex -13.179018077429625 -38.824135309299336 0
    endloop
  endfacet
  facet normal 0 0 -1
    outer loop
      vertex -13.179018077429625 -38.824135309299336 0
      vertex -10.61158084920335 39.6029588778518 0
      vertex -10.61158084920335 -39.6029588778518 0
    endloop
  endfacet
  facet normal 0 0 -1
    outer loop
      vertex -18.082661904350402 28.65938639505694 0
      vertex -18.42995330416011 -28.891439089542878 0
      vertex -18.506370849898477 -28.963011931610765 0
    endloop
  endfacet
  facet normal 0 0 -1
    outer loop
      vertex -18.082661904350402 28.65938639505694 0
      vertex -18.34901828641395 -28.825017437043265 0
      vertex -18.42995330416011 -28.891439089542878 0
    endloop
  endfacet
  facet normal 0 0 -1
    outer loop
      vertex -18.082661904350402 28.65938639505694 0
      vertex -18.263912372831363 -28.76403140182517 0
      vertex -18.34901828641395 -28.825017437043265 0
    endloop
  endfacet
  facet normal 0 0 -1
    outer loop
      vertex -18.082661904350402 28.65938639505694 0
      vertex -18.175 -28.70874213545414 0
      vertex -18.263912372831363 -28.76403140182517 0
    endloop
  endfacet
  facet normal 0 0 -1
    outer loop
      vertex -18.082661904350402 -28.65938639505694 0
      vertex -18.175 -28.70874213545414 0
      vertex -17.88930314448506 28.579294574317075 0
    endloop
  endfacet
  facet normal 0 0 -1
    outer loop
      vertex -17.987293491784143 -28.616175529491183 0
      vertex -18.082661904350402 -28.65938639505694 0
      vertex -17.789110472164033 28.548901459446732 0
    endloop
  endfacet
  facet normal 0 0 -1
    outer loop
      vertex -17.88930314448506 -28.579294574317075 0
      vertex -17.987293491784143 -28.616175529491183 0
      vertex -17.58384190755208 28.508071003311144 0
    endloop
  endfacet
  facet normal 0 0 -1
    outer loop
      vertex -15.940003613547699 29.38672087715884 0
      vertex -17.789110472164033 -28.548901459446732 0
      vertex -17.88930314448506 -28.579294574317075 0
    endloop
  endfacet
  facet normal 0 0 -1
    outer loop
      vertex -15.940003613547699 29.38672087715884 0
      vertex -17.687144515225807 -28.525126332864073 0
      vertex -17.789110472164033 -28.548901459446732 0
    endloop
  endfacet
  facet normal 0 0 -1
    outer loop
      vertex -15.940003613547699 29.38672087715884 0
      vertex -17.58384190755208 -28.508071003311144 0
      vertex -17.687144515225807 -28.525126332864073 0
    endloop
  endfacet
  facet normal 0 0 -1
    outer loop
      vertex -15.940003613547699 29.38672087715884 0
      vertex -17.47964500676823 -28.497808504327477 0
      vertex -17.58384190755208 -28.508071003311144 0
    endloop
  endfacet
  facet normal 0 0 -1
    outer loop
      vertex -15.940003613547699 29.38672087715884 0
      vertex -17.375 -28.49438278150924 0
      vertex -17.47964500676823 -28.497808504327477 0
    endloop
  endfacet
  facet normal 0 0 -1
    outer loop
      vertex -15.940003613547699 29.38672087715884 0
      vertex -17.27035499323177 -28.497808504327477 0
      vertex -17.375 -28.49438278150924 0
    endloop
  endfacet
  facet normal 0 0 -1
    outer loop
      vertex -15.940003613547699 29.38672087715884 0
      vertex -17.16615809244792 -28.508071003311144 0
      vertex -17.27035499323177 -28.497808504327477 0
    endloop
  endfacet
  facet normal 0 0 -1
    outer loop
      vertex -15.940003613547699 29.38672087715884 0
      vertex -17.062855484774193 -28.525126332864073 0
      vertex -17.16615809244792 -28.508071003311144 0
    endloop
  endfacet
  facet normal 0 0 -1
    outer loop
      vertex -15.940003613547699 29.38672087715884 0
      vertex -16.04464862031593 -29.20547040867788 0
      vertex -16.105634655534026 -29.120364495095288 0
    endloop
  endfacet
  facet normal 0 0 -1
    outer loop
      vertex -15.940003613547699 29.38672087715884 0
      vertex -16.667338095649598 -28.65938639505694 0
      vertex -16.762706508215857 -28.616175529491183 0
    endloop
  endfacet
  facet normal 0 0 -1
    outer loop
      vertex -15.940003613547699 29.38672087715884 0
      vertex -16.575 -28.70874213545414 0
      vertex -16.667338095649598 -28.65938639505694 0
    endloop
  endfacet
  facet normal 0 0 -1
    outer loop
      vertex -15.940003613547699 29.38672087715884 0
      vertex -16.960889527835967 -28.548901459446732 0
      vertex -17.062855484774193 -28.525126332864073 0
    endloop
  endfacet
  facet normal 0 0 -1
    outer loop
      vertex -15.940003613547699 29.38672087715884 0
      vertex -16.86069685551494 -28.579294574317075 0
      vertex -16.960889527835967 -28.548901459446732 0
    endloop
  endfacet
  facet normal 0 0 -1
    outer loop
      vertex -15.940003613547699 29.38672087715884 0
      vertex -16.762706508215857 -28.616175529491183 0
      vertex -16.86069685551494 -28.579294574317075 0
    endloop
  endfacet
  facet normal 0 0 -1
    outer loop
      vertex -15.940003613547699 29.38672087715884 0
      vertex -16.40098171358605 -28.825017437043265 0
      vertex -16.486087627168637 -28.76403140182517 0
    endloop
  endfacet
  facet normal 0 0 -1
    outer loop
      vertex -15.940003613547699 29.38672087715884 0
      vertex -16.486087627168637 -28.76403140182517 0
      vertex -16.575 -28.70874213545414 0
    endloop
  endfacet
  facet normal 0 0 -1
    outer loop
      vertex -15.940003613547699 29.38672087715884 0
      vertex -16.32004669583989 -28.891439089542878 0
      vertex -16.40098171358605 -28.825017437043265 0
    endloop
  endfacet
  facet normal 0 0 -1
    outer loop
      vertex -15.940003613547699 29.38672087715884 0
      vertex -16.172056308033635 -29.03942947734913 0
      vertex -16.243629150101523 -28.963011931610765 0
    endloop
  endfacet
  facet normal 0 0 -1
    outer loop
      vertex -15.940003613547699 29.38672087715884 0
      vertex -16.243629150101523 -28.963011931610765 0
      vertex -16.32004669583989 -28.891439089542878 0
    endloop
  endfacet
  facet normal 0 0 -1
    outer loop
      vertex -15.940003613547699 29.38672087715884 0
      vertex -16.105634655534026 -29.120364495095288 0
      vertex -16.172056308033635 -29.03942947734913 0
    endloop
  endfacet
  facet normal 0 0 -1
    outer loop
      vertex -15.778425722818234 -29.989737774741013 0
      vertex -15.778425722818234 29.989737774741013 0
      vertex -15.775 -30.094382781509243 0
    endloop
  endfacet
  facet normal 0 0 -1
    outer loop
      vertex -15.788688221801904 -29.88554087395716 0
      vertex -15.778425722818234 29.989737774741013 0
      vertex -15.778425722818234 -29.989737774741013 0
    endloop
  endfacet
  facet normal 0 0 -1
    outer loop
      vertex -15.940003613547699 -29.38672087715884 0
      vertex -15.89679274798194 29.4820892897251 0
      vertex -15.89679274798194 -29.4820892897251 0
    endloop
  endfacet
  facet normal 0 0 -1
    outer loop
      vertex -15.89679274798194 -29.4820892897251 0
      vertex -15.85991179280783 29.580079637024184 0
      vertex -15.85991179280783 -29.580079637024184 0
    endloop
  endfacet
  facet normal 0 0 -1
    outer loop
      vertex -15.940003613547699 29.38672087715884 0
      vertex -15.989359353944899 -29.294382781509242 0
      vertex -16.04464862031593 -29.20547040867788 0
    endloop
  endfacet
  facet normal 0 0 -1
    outer loop
      vertex -15.940003613547699 29.38672087715884 0
      vertex -15.940003613547699 -29.38672087715884 0
      vertex -15.989359353944899 -29.294382781509242 0
    endloop
  endfacet
  facet normal 0 0 -1
    outer loop
      vertex -15.85991179280783 -29.580079637024184 0
      vertex -15.829518677937491 29.68027230934521 0
      vertex -15.829518677937491 -29.68027230934521 0
    endloop
  endfacet
  facet normal 0 0 -1
    outer loop
      vertex -15.829518677937491 -29.68027230934521 0
      vertex -15.805743551354832 29.782238266283436 0
      vertex -15.805743551354832 -29.782238266283436 0
    endloop
  endfacet
  facet normal 0 0 -1
    outer loop
      vertex -15.805743551354832 -29.782238266283436 0
      vertex -15.788688221801904 29.88554087395716 0
      vertex -15.788688221801904 -29.88554087395716 0
    endloop
  endfacet
  facet normal 0 0 -1
    outer loop
      vertex -20.414110472164033 -8.954518677937491 0
      vertex -20.51430314448506 -8.98491179280783 0
      vertex -20.414110472164033 8.954518677937491 0
    endloop
  endfacet
  facet normal 0 0 -1
    outer loop
      vertex -20.312144515225807 -8.930743551354832 0
      vertex -20.414110472164033 -8.954518677937491 0
      vertex -20.312144515225807 8.930743551354832 0
    endloop
  endfacet
  facet normal 0 0 -1
    outer loop
      vertex -20.20884190755208 -8.913688221801904 0
      vertex -20.312144515225807 -8.930743551354832 0
      vertex -20.20884190755208 8.913688221801904 0
    endloop
  endfacet
  facet normal 0 0 -1
    outer loop
      vertex -20.10464500676823 -8.903425722818234 0
      vertex -20.20884190755208 -8.913688221801904 0
      vertex -20.10464500676823 8.903425722818234 0
    endloop
  endfacet
  facet normal 0 0 -1
    outer loop
      vertex -20 -8.9 0
      vertex -20.10464500676823 -8.903425722818234 0
      vertex -20 8.9 0
    endloop
  endfacet
  facet normal 0 0 -1
    outer loop
      vertex -19.89535499323177 -8.903425722818234 0
      vertex -20 -8.9 0
      vertex -19.89535499323177 8.903425722818234 0
    endloop
  endfacet
  facet normal 0 0 -1
    outer loop
      vertex -19.79115809244792 -8.913688221801904 0
      vertex -19.89535499323177 -8.903425722818234 0
      vertex -19.79115809244792 8.913688221801904 0
    endloop
  endfacet
  facet normal 0 0 -1
    outer loop
      vertex -19.687855484774193 -8.930743551354832 0
      vertex -19.79115809244792 -8.913688221801904 0
      vertex -19.687855484774193 8.930743551354832 0
    endloop
  endfacet
  facet normal 0 0 -1
    outer loop
      vertex -19.02598171358605 9.230634655534024 0
      vertex -19.585889527835967 -8.954518677937491 0
      vertex -19.687855484774193 -8.930743551354832 0
    endloop
  endfacet
  facet normal 0 0 -1
    outer loop
      vertex -19.02598171358605 9.230634655534024 0
      vertex -19.48569685551494 -8.98491179280783 0
      vertex -19.585889527835967 -8.954518677937491 0
    endloop
  endfacet
  facet normal 0 0 -1
    outer loop
      vertex -19.02598171358605 9.230634655534024 0
      vertex -19.387706508215857 -9.02179274798194 0
      vertex -19.48569685551494 -8.98491179280783 0
    endloop
  endfacet
  facet normal 0 0 -1
    outer loop
      vertex -19.02598171358605 9.230634655534024 0
      vertex -19.292338095649598 -9.065003613547699 0
      vertex -19.387706508215857 -9.02179274798194 0
    endloop
  endfacet
  facet normal 0 0 -1
    outer loop
      vertex -18.66964862031593 -9.611087627168637 0
      vertex -18.6143593539449 9.7 0
      vertex -18.6143593539449 -9.7 0
    endloop
  endfacet
  facet normal 0 0 -1
    outer loop
      vertex -18.6143593539449 -9.7 0
      vertex -18.5650036135477 9.792338095649598 0
      vertex -18.5650036135477 -9.792338095649598 0
    endloop
  endfacet
  facet normal 0 0 -1
    outer loop
      vertex -19.02598171358605 9.230634655534024 0
      vertex -19.2 -9.114359353944899 0
      vertex -19.292338095649598 -9.065003613547699 0
    endloop
  endfacet
  facet normal 0 0 -1
    outer loop
      vertex -19.02598171358605 9.230634655534024 0
      vertex -19.111087627168637 -9.169648620315927 0
      vertex -19.2 -9.114359353944899 0
    endloop
  endfacet
  facet normal 0 0 -1
    outer loop
      vertex -19.02598171358605 9.230634655534024 0
      vertex -19.02598171358605 -9.230634655534024 0
      vertex -19.111087627168637 -9.169648620315927 0
    endloop
  endfacet
  facet normal 0 0 -1
    outer loop
      vertex -18.94504669583989 -9.297056308033635 0
      vertex -19.02598171358605 -9.230634655534024 0
      vertex -18.94504669583989 9.297056308033635 0
    endloop
  endfacet
  facet normal 0 0 -1
    outer loop
      vertex -18.94504669583989 -9.297056308033635 0
      vertex -18.868629150101523 9.368629150101524 0
      vertex -18.868629150101523 -9.368629150101524 0
    endloop
  endfacet
  facet normal 0 0 -1
    outer loop
      vertex -18.868629150101523 -9.368629150101524 0
      vertex -18.797056308033635 9.44504669583989 0
      vertex -18.797056308033635 -9.44504669583989 0
    endloop
  endfacet
  facet normal 0 0 -1
    outer loop
      vertex -18.797056308033635 -9.44504669583989 0
      vertex -18.730634655534026 9.525981713586047 0
      vertex -18.730634655534026 -9.525981713586047 0
    endloop
  endfacet
  facet normal 0 0 -1
    outer loop
      vertex -18.730634655534026 -9.525981713586047 0
      vertex -18.66964862031593 9.611087627168637 0
      vertex -18.66964862031593 -9.611087627168637 0
    endloop
  endfacet
  facet normal 0 0 -1
    outer loop
      vertex -18.082661904350402 28.65938639505694 0
      vertex -18.506370849898477 -28.963011931610765 0
      vertex -18.4 -10.5 0
    endloop
  endfacet
  facet normal 0 0 -1
    outer loop
      vertex -18.43074355135483 -10.187855484774195 0
      vertex -18.413688221801902 10.291158092447917 0
      vertex -18.413688221801902 -10.291158092447917 0
    endloop
  endfacet
  facet normal 0 0 -1
    outer loop
      vertex -18.5650036135477 -9.792338095649598 0
      vertex -18.52179274798194 9.887706508215857 0
      vertex -18.52179274798194 -9.887706508215857 0
    endloop
  endfacet
  facet normal 0 0 -1
    outer loop
      vertex -18.52179274798194 -9.887706508215857 0
      vertex -18.484911792807832 9.985696855514941 0
      vertex -18.484911792807832 -9.985696855514941 0
    endloop
  endfacet
  facet normal 0 0 -1
    outer loop
      vertex -18.484911792807832 -9.985696855514941 0
      vertex -18.45451867793749 10.085889527835967 0
      vertex -18.45451867793749 -10.085889527835967 0
    endloop
  endfacet
  facet normal 0 0 -1
    outer loop
      vertex -18.45451867793749 -10.085889527835967 0
      vertex -18.43074355135483 10.187855484774195 0
      vertex -18.43074355135483 -10.187855484774195 0
    endloop
  endfacet
  facet normal 0 0 -1
    outer loop
      vertex -18.403425722818234 -10.395354993231772 0
      vertex -18.4 10.5 0
      vertex -18.4 -10.5 0
    endloop
  endfacet
  facet normal 0 0 -1
    outer loop
      vertex -18.413688221801902 -10.291158092447917 0
      vertex -18.403425722818234 10.395354993231772 0
      vertex -18.403425722818234 -10.395354993231772 0
    endloop
  endfacet
  facet normal 0 0 -1
    outer loop
      vertex -10.61158084920335 -39.6029588778518 0
      vertex -7.998703202661258 40.21219649653245 0
      vertex -7.998703202661258 -40.21219649653245 0
    endloop
  endfacet
  facet normal 0 0 -1
    outer loop
      vertex -7.998703202661258 -40.21219649653245 0
      vertex -5.351573881022114 40.649239316326224 0
      vertex -5.351573881022114 -40.649239316326224 0
    endloop
  endfacet
  facet normal 0 0 -1
    outer loop
      vertex -5.351573881022114 -40.649239316326224 0
      vertex -5.351573881022114 40.649239316326224 0
      vertex -5 -30 0
    endloop
  endfacet
  facet normal 0 0 -1
    outer loop
      vertex -5.351573881022114 40.649239316326224 0
      vertex -5 -20 0
      vertex -5 -30 0
    endloop
  endfacet
  facet normal 0 0 1
    outer loop
      vertex -24.959218589357548 -32.527486951940645 5
      vertex -22.77837955380369 -34.09025410440435 5
      vertex -24 -15 5
    endloop
  endfacet
  facet normal 0 0 1
    outer loop
      vertex -22.77837955380369 -34.09025410440435 5
      vertex -20.5 -35.50704155516198 5
      vertex -24 -15 5
    endloop
  endfacet
  facet normal 0 0 1
    outer loop
      vertex -24 -15 5
      vertex -20.5 -35.50704155516198 5
      vertex -18.133836298979052 -36.771782402840216 5
    endloop
  endfacet
  facet normal 0 0 1
    outer loop
      vertex -24 -15 5
      vertex -18.890088207192168 -30.6086859259943 5
      vertex -18.92048132206251 -30.508493253673276 5
    endloop
  endfacet
  facet normal 0 0 1
    outer loop
      vertex -24 -15 5
      vertex -18.92048132206251 -30.508493253673276 5
      vertex -18.94425644864517 -30.40652729673505 5
    endloop
  endfacet
  facet normal 0 0 1
    outer loop
      vertex -24 -15 5
      vertex -18.94425644864517 -30.40652729673505 5
      vertex -18.961311778198098 -30.303224689061324 5
    endloop
  endfacet
  facet normal 0 0 1
    outer loop
      vertex -24 -15 5
      vertex -18.961311778198098 -30.303224689061324 5
      vertex -18.971574277181766 -30.199027788277473 5
    endloop
  endfacet
  facet normal 0 0 1
    outer loop
      vertex -24 -15 5
      vertex -18.971574277181766 -30.199027788277473 5
      vertex -18.975 -30.094382781509243 5
    endloop
  endfacet
  facet normal 0 0 1
    outer loop
      vertex -24 -15 5
      vertex -18.975 -30.094382781509243 5
      vertex -18.971574277181766 -29.989737774741013 5
    endloop
  endfacet
  facet normal 0 0 1
    outer loop
      vertex -24 -15 5
      vertex -18.971574277181766 -29.989737774741013 5
      vertex -18.961311778198098 -29.88554087395716 5
    endloop
  endfacet
  facet normal 0 0 1
    outer loop
      vertex -24 -15 5
      vertex -18.961311778198098 -29.88554087395716 5
      vertex -18.94425644864517 -29.782238266283436 5
    endloop
  endfacet
  facet normal 0 0 1
    outer loop
      vertex -24 -15 5
      vertex -18.92048132206251 -29.68027230934521 5
      vertex -18.890088207192168 -29.580079637024184 5
    endloop
  endfacet
  facet normal 0 0 1
    outer loop
      vertex -24 -15 5
      vertex -18.94425644864517 -29.782238266283436 5
      vertex -18.92048132206251 -29.68027230934521 5
    endloop
  endfacet
  facet normal 0 0 1
    outer loop
      vertex -24 -15 5
      vertex -18.890088207192168 -29.580079637024184 5
      vertex -18.85320725201806 -29.4820892897251 5
    endloop
  endfacet
  facet normal 0 0 1
    outer loop
      vertex -24 -15 5
      vertex -18.85320725201806 -29.4820892897251 5
      vertex -18.8099963864523 -29.38672087715884 5
    endloop
  endfacet
  facet normal 0 0 1
    outer loop
      vertex -24 -15 5
      vertex -18.8099963864523 -29.38672087715884 5
      vertex -18.7606406460551 -29.294382781509242 5
    endloop
  endfacet
  facet normal 0 0 1
    outer loop
      vertex -37.87906083296276 -15.690020726968681 5
      vertex -38.824135309299336 13.179018077429625 5
      vertex -38.824135309299336 -13.179018077429625 5
    endloop
  endfacet
  facet normal 0 0 1
    outer loop
      vertex -36.771782402840216 -18.133836298979052 5
      vertex -37.87906083296276 15.690020726968681 5
      vertex -37.87906083296276 -15.690020726968681 5
    endloop
  endfacet
  facet normal 0 0 1
    outer loop
      vertex -36.771782402840216 -18.133836298979052 5
      vertex -35.50704155516198 -20.5 5
      vertex -36.771782402840216 18.133836298979052 5
    endloop
  endfacet
  facet normal 0 0 1
    outer loop
      vertex -40.21219649653245 -7.998703202661258 5
      vertex -40.649239316326224 5.351573881022114 5
      vertex -40.649239316326224 -5.351573881022114 5
    endloop
  endfacet
  facet normal 0 0 1
    outer loop
      vertex -39.6029588778518 -10.61158084920335 5
      vertex -40.21219649653245 7.998703202661258 5
      vertex -40.21219649653245 -7.998703202661258 5
    endloop
  endfacet
  facet normal 0 0 1
    outer loop
      vertex -38.824135309299336 -13.179018077429625 5
      vertex -39.6029588778518 10.61158084920335 5
      vertex -39.6029588778518 -10.61158084920335 5
    endloop
  endfacet
  facet normal 0 0 1
    outer loop
      vertex -40.649239316326224 -5.351573881022114 5
      vertex -40.912215852782744 2.6815282984358655 5
      vertex -40.912215852782744 -2.6815282984358655 5
    endloop
  endfacet
  facet normal 0 0 1
    outer loop
      vertex -34.09025410440435 -22.77837955380369 5
      vertex -32.527486951940645 -24.959218589357548 5
      vertex -34.09025410440435 22.77837955380369 5
    endloop
  endfacet
  facet normal 0 0 1
    outer loop
      vertex -34.09025410440435 -22.77837955380369 5
      vertex -35.50704155516198 20.5 5
      vertex -35.50704155516198 -20.5 5
    endloop
  endfacet
  facet normal 0 0 1
    outer loop
      vertex -30.82543210663808 -27.03317841910282 5
      vertex -32.527486951940645 24.959218589357548 5
      vertex -32.527486951940645 -24.959218589357548 5
    endloop
  endfacet
  facet normal 0 0 1
    outer loop
      vertex -27.03317841910282 -30.82543210663808 5
      vertex -28.99137802864845 28.99137802864845 5
      vertex -28.99137802864845 -28.99137802864845 5
    endloop
  endfacet
  facet normal 0 0 1
    outer loop
      vertex -27.03317841910282 -30.82543210663808 5
      vertex -24.959218589357548 -32.527486951940645 5
      vertex -27.03317841910282 30.82543210663808 5
    endloop
  endfacet
  facet normal 0 0 1
    outer loop
      vertex -30.82543210663808 -27.03317841910282 5
      vertex -28.99137802864845 -28.99137802864845 5
      vertex -30.82543210663808 27.03317841910282 5
    endloop
  endfacet
  facet normal 0 0 1
    outer loop
      vertex -24.959218589357548 -32.527486951940645 5
      vertex -24 -15 5
      vertex -24.959218589357548 32.527486951940645 5
    endloop
  endfacet
  facet normal 0 0 1
    outer loop
      vertex -18.133836298979052 -36.771782402840216 5
      vertex -18.8099963864523 -30.802044685859645 5
      vertex -18.85320725201806 -30.706676273293386 5
    endloop
  endfacet
  facet normal 0 0 1
    outer loop
      vertex -18.133836298979052 -36.771782402840216 5
      vertex -18.85320725201806 -30.706676273293386 5
      vertex -18.890088207192168 -30.6086859259943 5
    endloop
  endfacet
  facet normal 0 0 1
    outer loop
      vertex -18.133836298979052 -36.771782402840216 5
      vertex -18.577943691966365 -31.149336085669354 5
      vertex -18.644365344465974 -31.068401067923197 5
    endloop
  endfacet
  facet normal 0 0 1
    outer loop
      vertex -18.133836298979052 -36.771782402840216 5
      vertex -18.42995330416011 -31.297326473475607 5
      vertex -18.506370849898477 -31.22575363140772 5
    endloop
  endfacet
  facet normal 0 0 1
    outer loop
      vertex -18.133836298979052 -36.771782402840216 5
      vertex -18.506370849898477 -31.22575363140772 5
      vertex -18.577943691966365 -31.149336085669354 5
    endloop
  endfacet
  facet normal 0 0 1
    outer loop
      vertex -18.133836298979052 -36.771782402840216 5
      vertex -18.34901828641395 -31.36374812597522 5
      vertex -18.42995330416011 -31.297326473475607 5
    endloop
  endfacet
  facet normal 0 0 1
    outer loop
      vertex -18.133836298979052 -36.771782402840216 5
      vertex -18.70535137968407 -30.983295154340606 5
      vertex -18.7606406460551 -30.894382781509243 5
    endloop
  endfacet
  facet normal 0 0 1
    outer loop
      vertex -18.133836298979052 -36.771782402840216 5
      vertex -18.644365344465974 -31.068401067923197 5
      vertex -18.70535137968407 -30.983295154340606 5
    endloop
  endfacet
  facet normal 0 0 1
    outer loop
      vertex -18.133836298979052 -36.771782402840216 5
      vertex -18.7606406460551 -30.894382781509243 5
      vertex -18.8099963864523 -30.802044685859645 5
    endloop
  endfacet
  facet normal 0 0 1
    outer loop
      vertex -18.133836298979052 -36.771782402840216 5
      vertex -18.175 -31.480023427564344 5
      vertex -18.263912372831363 -31.424734161193314 5
    endloop
  endfacet
  facet normal 0 0 1
    outer loop
      vertex -18.133836298979052 -36.771782402840216 5
      vertex -18.263912372831363 -31.424734161193314 5
      vertex -18.34901828641395 -31.36374812597522 5
    endloop
  endfacet
  facet normal 0 0 1
    outer loop
      vertex -18.133836298979052 -36.771782402840216 5
      vertex -18.082661904350402 -31.529379167961544 5
      vertex -18.175 -31.480023427564344 5
    endloop
  endfacet
  facet normal 0 0 1
    outer loop
      vertex -18.133836298979052 -36.771782402840216 5
      vertex -17.987293491784143 -31.5725900335273 5
      vertex -18.082661904350402 -31.529379167961544 5
    endloop
  endfacet
  facet normal 0 0 1
    outer loop
      vertex -18.133836298979052 -36.771782402840216 5
      vertex -15.690020726968681 -37.87906083296276 5
      vertex -17.987293491784143 -31.5725900335273 5
    endloop
  endfacet
  facet normal 0 0 1
    outer loop
      vertex -15.690020726968681 -37.87906083296276 5
      vertex -17.88930314448506 -31.60947098870141 5
      vertex -17.987293491784143 -31.5725900335273 5
    endloop
  endfacet
  facet normal 0 0 1
    outer loop
      vertex -15.690020726968681 -37.87906083296276 5
      vertex -17.789110472164033 -31.639864103571753 5
      vertex -17.88930314448506 -31.60947098870141 5
    endloop
  endfacet
  facet normal 0 0 1
    outer loop
      vertex -15.690020726968681 -37.87906083296276 5
      vertex -17.687144515225807 -31.663639230154413 5
      vertex -17.789110472164033 -31.639864103571753 5
    endloop
  endfacet
  facet normal 0 0 1
    outer loop
      vertex -15.690020726968681 -37.87906083296276 5
      vertex -17.58384190755208 -31.68069455970734 5
      vertex -17.687144515225807 -31.663639230154413 5
    endloop
  endfacet
  facet normal 0 0 1
    outer loop
      vertex -15.690020726968681 -37.87906083296276 5
      vertex -17.47964500676823 -31.69095705869101 5
      vertex -17.58384190755208 -31.68069455970734 5
    endloop
  endfacet
  facet normal 0 0 1
    outer loop
      vertex -15.690020726968681 -37.87906083296276 5
      vertex -17.375 -31.694382781509244 5
      vertex -17.47964500676823 -31.69095705869101 5
    endloop
  endfacet
  facet normal 0 0 1
    outer loop
      vertex -15.690020726968681 -37.87906083296276 5
      vertex -17.27035499323177 -31.69095705869101 5
      vertex -17.375 -31.694382781509244 5
    endloop
  endfacet
  facet normal 0 0 1
    outer loop
      vertex -15.690020726968681 -37.87906083296276 5
      vertex -17.16615809244792 -31.68069455970734 5
      vertex -17.27035499323177 -31.69095705869101 5
    endloop
  endfacet
  facet normal 0 0 1
    outer loop
      vertex -15.690020726968681 -37.87906083296276 5
      vertex -17.062855484774193 -31.663639230154413 5
      vertex -17.16615809244792 -31.68069455970734 5
    endloop
  endfacet
  facet normal 0 0 1
    outer loop
      vertex -15.690020726968681 -37.87906083296276 5
      vertex -16.960889527835967 -31.639864103571753 5
      vertex -17.062855484774193 -31.663639230154413 5
    endloop
  endfacet
  facet normal 0 0 1
    outer loop
      vertex -15.690020726968681 -37.87906083296276 5
      vertex -16.86069685551494 -31.60947098870141 5
      vertex -16.960889527835967 -31.639864103571753 5
    endloop
  endfacet
  facet normal 0 0 1
    outer loop
      vertex -15.690020726968681 -37.87906083296276 5
      vertex -16.762706508215857 -31.5725900335273 5
      vertex -16.86069685551494 -31.60947098870141 5
    endloop
  endfacet
  facet normal 0 0 1
    outer loop
      vertex -15.690020726968681 -37.87906083296276 5
      vertex -16.667338095649598 -31.529379167961544 5
      vertex -16.762706508215857 -31.5725900335273 5
    endloop
  endfacet
  facet normal 0 0 1
    outer loop
      vertex -15.690020726968681 -37.87906083296276 5
      vertex -16.575 -31.480023427564344 5
      vertex -16.667338095649598 -31.529379167961544 5
    endloop
  endfacet
  facet normal 0 0 1
    outer loop
      vertex -13.179018077429625 -38.824135309299336 5
      vertex -16.486087627168637 -31.424734161193314 5
      vertex -16.575 -31.480023427564344 5
    endloop
  endfacet
  facet normal 0 0 1
    outer loop
      vertex -15.690020726968681 -37.87906083296276 5
      vertex -13.179018077429625 -38.824135309299336 5
      vertex -16.575 -31.480023427564344 5
    endloop
  endfacet
  facet normal 0 0 1
    outer loop
      vertex -13.179018077429625 -38.824135309299336 5
      vertex -10.61158084920335 -39.6029588778518 5
      vertex -15.778425722818234 -30.199027788277473 5
    endloop
  endfacet
  facet normal 0 0 1
    outer loop
      vertex -10.61158084920335 -39.6029588778518 5
      vertex -7.998703202661258 -40.21219649653245 5
      vertex -15.778425722818234 -30.199027788277473 5
    endloop
  endfacet
  facet normal 0 0 1
    outer loop
      vertex -13.179018077429625 -38.824135309299336 5
      vertex -16.40098171358605 -31.36374812597522 5
      vertex -16.486087627168637 -31.424734161193314 5
    endloop
  endfacet
  facet normal 0 0 1
    outer loop
      vertex -13.179018077429625 -38.824135309299336 5
      vertex -16.32004669583989 -31.297326473475607 5
      vertex -16.40098171358605 -31.36374812597522 5
    endloop
  endfacet
  facet normal 0 0 1
    outer loop
      vertex -13.179018077429625 -38.824135309299336 5
      vertex -16.243629150101523 -31.22575363140772 5
      vertex -16.32004669583989 -31.297326473475607 5
    endloop
  endfacet
  facet normal 0 0 1
    outer loop
      vertex -13.179018077429625 -38.824135309299336 5
      vertex -16.172056308033635 -31.149336085669354 5
      vertex -16.243629150101523 -31.22575363140772 5
    endloop
  endfacet
  facet normal 0 0 1
    outer loop
      vertex -13.179018077429625 -38.824135309299336 5
      vertex -16.105634655534026 -31.068401067923197 5
      vertex -16.172056308033635 -31.149336085669354 5
    endloop
  endfacet
  facet normal 0 0 1
    outer loop
      vertex -13.179018077429625 -38.824135309299336 5
      vertex -15.989359353944899 -30.894382781509243 5
      vertex -16.04464862031593 -30.983295154340606 5
    endloop
  endfacet
  facet normal 0 0 1
    outer loop
      vertex -13.179018077429625 -38.824135309299336 5
      vertex -16.04464862031593 -30.983295154340606 5
      vertex -16.105634655534026 -31.068401067923197 5
    endloop
  endfacet
  facet normal 0 0 1
    outer loop
      vertex -13.179018077429625 -38.824135309299336 5
      vertex -15.940003613547699 -30.802044685859645 5
      vertex -15.989359353944899 -30.894382781509243 5
    endloop
  endfacet
  facet normal 0 0 1
    outer loop
      vertex -13.179018077429625 -38.824135309299336 5
      vertex -15.89679274798194 -30.706676273293386 5
      vertex -15.940003613547699 -30.802044685859645 5
    endloop
  endfacet
  facet normal 0 0 1
    outer loop
      vertex -13.179018077429625 -38.824135309299336 5
      vertex -15.85991179280783 -30.6086859259943 5
      vertex -15.89679274798194 -30.706676273293386 5
    endloop
  endfacet
  facet normal 0 0 1
    outer loop
      vertex -13.179018077429625 -38.824135309299336 5
      vertex -15.829518677937491 -30.508493253673276 5
      vertex -15.85991179280783 -30.6086859259943 5
    endloop
  endfacet
  facet normal 0 0 1
    outer loop
      vertex -7.998703202661258 -40.21219649653245 5
      vertex -15.775 -30.094382781509243 5
      vertex -15.778425722818234 -30.199027788277473 5
    endloop
  endfacet
  facet normal 0 0 1
    outer loop
      vertex -7.998703202661258 -40.21219649653245 5
      vertex -15.778425722818234 -29.989737774741013 5
      vertex -15.775 -30.094382781509243 5
    endloop
  endfacet
  facet normal 0 0 1
    outer loop
      vertex -7.998703202661258 -40.21219649653245 5
      vertex -15.788688221801904 -29.88554087395716 5
      vertex -15.778425722818234 -29.989737774741013 5
    endloop
  endfacet
  facet normal 0 0 1
    outer loop
      vertex -13.179018077429625 -38.824135309299336 5
      vertex -15.805743551354832 -30.40652729673505 5
      vertex -15.829518677937491 -30.508493253673276 5
    endloop
  endfacet
  facet normal 0 0 1
    outer loop
      vertex -13.179018077429625 -38.824135309299336 5
      vertex -15.788688221801904 -30.303224689061324 5
      vertex -15.805743551354832 -30.40652729673505 5
    endloop
  endfacet
  facet normal 0 0 1
    outer loop
      vertex -13.179018077429625 -38.824135309299336 5
      vertex -15.778425722818234 -30.199027788277473 5
      vertex -15.788688221801904 -30.303224689061324 5
    endloop
  endfacet
  facet normal 0 0 1
    outer loop
      vertex -7.998703202661258 -40.21219649653245 5
      vertex -15.85991179280783 -29.580079637024184 5
      vertex -15.829518677937491 -29.68027230934521 5
    endloop
  endfacet
  facet normal 0 0 1
    outer loop
      vertex -7.998703202661258 -40.21219649653245 5
      vertex -15.805743551354832 -29.782238266283436 5
      vertex -15.788688221801904 -29.88554087395716 5
    endloop
  endfacet
  facet normal 0 0 1
    outer loop
      vertex -7.998703202661258 -40.21219649653245 5
      vertex -15.829518677937491 -29.68027230934521 5
      vertex -15.805743551354832 -29.782238266283436 5
    endloop
  endfacet
  facet normal 0 0 1
    outer loop
      vertex -7.998703202661258 -40.21219649653245 5
      vertex -15.89679274798194 -29.4820892897251 5
      vertex -15.85991179280783 -29.580079637024184 5
    endloop
  endfacet
  facet normal 0 0 1
    outer loop
      vertex -7.998703202661258 -40.21219649653245 5
      vertex -15.940003613547699 -29.38672087715884 5
      vertex -15.89679274798194 -29.4820892897251 5
    endloop
  endfacet
  facet normal 0 0 1
    outer loop
      vertex -7.998703202661258 -40.21219649653245 5
      vertex -16.105634655534026 -29.120364495095288 5
      vertex -16.04464862031593 -29.20547040867788 5
    endloop
  endfacet
  facet normal 0 0 1
    outer loop
      vertex -7.998703202661258 -40.21219649653245 5
      vertex -15.989359353944899 -29.294382781509242 5
      vertex -15.940003613547699 -29.38672087715884 5
    endloop
  endfacet
  facet normal 0 0 1
    outer loop
      vertex -7.998703202661258 -40.21219649653245 5
      vertex -16.04464862031593 -29.20547040867788 5
      vertex -15.989359353944899 -29.294382781509242 5
    endloop
  endfacet
  facet normal 0 0 1
    outer loop
      vertex -24 -15 5
      vertex -7.998703202661258 -40.21219649653245 5
      vertex -5.351573881022114 -40.649239316326224 5
    endloop
  endfacet
  facet normal 0 0 1
    outer loop
      vertex -24 -15 5
      vertex -5.351573881022114 -40.649239316326224 5
      vertex -2.6815282984358655 -40.912215852782744 5
    endloop
  endfacet
  facet normal 0 0 1
    outer loop
      vertex -24 -15 5
      vertex -18.133836298979052 -36.771782402840216 5
      vertex -18.890088207192168 -30.6086859259943 5
    endloop
  endfacet
  facet normal 0 0 1
    outer loop
      vertex -24 -15 5
      vertex -16.105634655534026 -29.120364495095288 5
      vertex -7.998703202661258 -40.21219649653245 5
    endloop
  endfacet
  facet normal 0 0 1
    outer loop
      vertex -24 -15 5
      vertex -18.7606406460551 -29.294382781509242 5
      vertex -18.70535137968407 -29.20547040867788 5
    endloop
  endfacet
  facet normal 0 0 1
    outer loop
      vertex -24 -15 5
      vertex -18.70535137968407 -29.20547040867788 5
      vertex -18.644365344465974 -29.120364495095288 5
    endloop
  endfacet
  facet normal 0 0 1
    outer loop
      vertex -24 -15 5
      vertex -18.644365344465974 -29.120364495095288 5
      vertex -18.577943691966365 -29.03942947734913 5
    endloop
  endfacet
  facet normal 0 0 1
    outer loop
      vertex -24 -15 5
      vertex -18.577943691966365 -29.03942947734913 5
      vertex -18.506370849898477 -28.963011931610765 5
    endloop
  endfacet
  facet normal 0 0 1
    outer loop
      vertex -24 -15 5
      vertex -18.506370849898477 -28.963011931610765 5
      vertex -18.42995330416011 -28.891439089542878 5
    endloop
  endfacet
  facet normal 0 0 1
    outer loop
      vertex -24 -15 5
      vertex -18.42995330416011 -28.891439089542878 5
      vertex -18.34901828641395 -28.825017437043265 5
    endloop
  endfacet
  facet normal 0 0 1
    outer loop
      vertex -24 -15 5
      vertex -18.34901828641395 -28.825017437043265 5
      vertex -18.263912372831363 -28.76403140182517 5
    endloop
  endfacet
  facet normal 0 0 1
    outer loop
      vertex -24 -15 5
      vertex -18.263912372831363 -28.76403140182517 5
      vertex -18.175 -28.70874213545414 5
    endloop
  endfacet
  facet normal 0 0 1
    outer loop
      vertex -24 -15 5
      vertex -18.175 -28.70874213545414 5
      vertex -18.082661904350402 -28.65938639505694 5
    endloop
  endfacet
  facet normal 0 0 1
    outer loop
      vertex -24 -15 5
      vertex -18.082661904350402 -28.65938639505694 5
      vertex -17.987293491784143 -28.616175529491183 5
    endloop
  endfacet
  facet normal 0 0 1
    outer loop
      vertex -24 -15 5
      vertex -17.987293491784143 -28.616175529491183 5
      vertex -17.88930314448506 -28.579294574317075 5
    endloop
  endfacet
  facet normal 0 0 1
    outer loop
      vertex -24 -15 5
      vertex -17.88930314448506 -28.579294574317075 5
      vertex -17.789110472164033 -28.548901459446732 5
    endloop
  endfacet
  facet normal 0 0 1
    outer loop
      vertex -24 -15 5
      vertex -17.789110472164033 -28.548901459446732 5
      vertex -17.687144515225807 -28.525126332864073 5
    endloop
  endfacet
  facet normal 0 0 1
    outer loop
      vertex -24 -15 5
      vertex -17.687144515225807 -28.525126332864073 5
      vertex -17.58384190755208 -28.508071003311144 5
    endloop
  endfacet
  facet normal 0 0 1
    outer loop
      vertex -24 -15 5
      vertex -17.58384190755208 -28.508071003311144 5
      vertex -17.47964500676823 -28.497808504327477 5
    endloop
  endfacet
  facet normal 0 0 1
    outer loop
      vertex -24 -15 5
      vertex -17.375 -28.49438278150924 5
      vertex -17.27035499323177 -28.497808504327477 5
    endloop
  endfacet
  facet normal 0 0 1
    outer loop
      vertex -24 -15 5
      vertex -17.47964500676823 -28.497808504327477 5
      vertex -17.375 -28.49438278150924 5
    endloop
  endfacet
  facet normal 0 0 1
    outer loop
      vertex -24 -15 5
      vertex -17.062855484774193 -28.525126332864073 5
      vertex -16.960889527835967 -28.548901459446732 5
    endloop
  endfacet
  facet normal 0 0 1
    outer loop
      vertex -24 -15 5
      vertex -16.960889527835967 -28.548901459446732 5
      vertex -16.86069685551494 -28.579294574317075 5
    endloop
  endfacet
  facet normal 0 0 1
    outer loop
      vertex -24 -15 5
      vertex -17.27035499323177 -28.497808504327477 5
      vertex -17.16615809244792 -28.508071003311144 5
    endloop
  endfacet
  facet normal 0 0 1
    outer loop
      vertex -24 -15 5
      vertex -17.16615809244792 -28.508071003311144 5
      vertex -17.062855484774193 -28.525126332864073 5
    endloop
  endfacet
  facet normal 0 0 1
    outer loop
      vertex -24 -15 5
      vertex -16.172056308033635 -29.03942947734913 5
      vertex -16.105634655534026 -29.120364495095288 5
    endloop
  endfacet
  facet normal 0 0 1
    outer loop
      vertex -24 -15 5
      vertex -16.762706508215857 -28.616175529491183 5
      vertex -16.667338095649598 -28.65938639505694 5
    endloop
  endfacet
  facet normal 0 0 1
    outer loop
      vertex -24 -15 5
      vertex -16.86069685551494 -28.579294574317075 5
      vertex -16.762706508215857 -28.616175529491183 5
    endloop
  endfacet
  facet normal 0 0 1
    outer loop
      vertex -24 -15 5
      vertex -16.667338095649598 -28.65938639505694 5
      vertex -16.575 -28.70874213545414 5
    endloop
  endfacet
  facet normal 0 0 1
    outer loop
      vertex -24 -15 5
      vertex -16.486087627168637 -28.76403140182517 5
      vertex -16.40098171358605 -28.825017437043265 5
    endloop
  endfacet
  facet normal 0 0 1
    outer loop
      vertex -24 -15 5
      vertex -16.40098171358605 -28.825017437043265 5
      vertex -16.32004669583989 -28.891439089542878 5
    endloop
  endfacet
  facet normal 0 0 1
    outer loop
      vertex -24 -15 5
      vertex -16.575 -28.70874213545414 5
      vertex -16.486087627168637 -28.76403140182517 5
    endloop
  endfacet
  facet normal 0 0 1
    outer loop
      vertex -24 -15 5
      vertex -16.32004669583989 -28.891439089542878 5
      vertex -16.243629150101523 -28.963011931610765 5
    endloop
  endfacet
  facet normal 0 0 1
    outer loop
      vertex -24 -15 5
      vertex -16.243629150101523 -28.963011931610765 5
      vertex -16.172056308033635 -29.03942947734913 5
    endloop
  endfacet
  facet normal 0 0 1
    outer loop
      vertex -24 -15 5
      vertex -5 -30 5
      vertex -5 -20 5
    endloop
  endfacet
  facet normal 0 0 1
    outer loop
      vertex -24 -15 5
      vertex -2.6815282984358655 -40.912215852782744 5
      vertex 0 -41 5
    endloop
  endfacet
  facet normal 0 0 1
    outer loop
      vertex -24 -15 5
      vertex 0 -41 5
      vertex 2.6815282984358655 -40.912215852782744 5
    endloop
  endfacet
  facet normal 0 0 1
    outer loop
      vertex -24 -15 5
      vertex 2.6815282984358655 -40.912215852782744 5
      vertex 5.351573881022114 -40.649239316326224 5
    endloop
  endfacet
  facet normal 0 0 1
    outer loop
      vertex -24 -15 5
      vertex 5.351573881022114 -40.649239316326224 5
      vertex -5 -30 5
    endloop
  endfacet
  facet normal 0 0 1
    outer loop
      vertex -24 -15 5
      vertex -5 -20 5
      vertex 24 -15 5
    endloop
  endfacet
  facet normal 0 0 -1
    outer loop
      vertex -40.912215852782744 -2.6815282984358655 0
      vertex -41 0 0
      vertex -40.912215852782744 2.6815282984358655 0
    endloop
  endfacet
  facet normal 0 0 -1
    outer loop
      vertex -40.912215852782744 -2.6815282984358655 0
      vertex -40.912215852782744 2.6815282984358655 0
      vertex -40.649239316326224 5.351573881022114 0
    endloop
  endfacet
  facet normal 0 0 -1
    outer loop
      vertex -40.649239316326224 -5.351573881022114 0
      vertex -40.649239316326224 5.351573881022114 0
      vertex -40.21219649653245 7.998703202661258 0
    endloop
  endfacet
  facet normal 0 0 -1
    outer loop
      vertex -40.21219649653245 -7.998703202661258 0
      vertex -40.21219649653245 7.998703202661258 0
      vertex -39.6029588778518 10.61158084920335 0
    endloop
  endfacet
  facet normal 0 0 -1
    outer loop
      vertex -39.6029588778518 -10.61158084920335 0
      vertex -39.6029588778518 10.61158084920335 0
      vertex -38.824135309299336 13.179018077429625 0
    endloop
  endfacet
  facet normal 0 0 -1
    outer loop
      vertex -38.824135309299336 -13.179018077429625 0
      vertex -38.824135309299336 13.179018077429625 0
      vertex -37.87906083296276 15.690020726968681 0
    endloop
  endfacet
  facet normal 0 0 -1
    outer loop
      vertex -37.87906083296276 -15.690020726968681 0
      vertex -37.87906083296276 15.690020726968681 0
      vertex -36.771782402840216 18.133836298979052 0
    endloop
  endfacet
  facet normal 0 0 -1
    outer loop
      vertex -36.771782402840216 -18.133836298979052 0
      vertex -36.771782402840216 18.133836298979052 0
      vertex -35.50704155516198 20.5 0
    endloop
  endfacet
  facet normal 0 0 -1
    outer loop
      vertex -35.50704155516198 -20.5 0
      vertex -35.50704155516198 20.5 0
      vertex -34.09025410440435 22.77837955380369 0
    endloop
  endfacet
  facet normal 0 0 -1
    outer loop
      vertex -34.09025410440435 -22.77837955380369 0
      vertex -34.09025410440435 22.77837955380369 0
      vertex -32.527486951940645 24.959218589357548 0
    endloop
  endfacet
  facet normal 0 0 -1
    outer loop
      vertex -32.527486951940645 -24.959218589357548 0
      vertex -32.527486951940645 24.959218589357548 0
      vertex -30.82543210663808 27.03317841910282 0
    endloop
  endfacet
  facet normal -0.9994645874763656 0.03271908282177616 -9.421357076896625e-19
    outer loop
      vertex -41 0 0
      vertex -40.912215852782744 2.6815282984358655 5
      vertex -40.912215852782744 2.6815282984358655 0
    endloop
  endfacet
  facet normal -0.9951847266721967 0.09801714032956184 -2.195590663496606e-18
    outer loop
      vertex -40.912215852782744 2.6815282984358655 0
      vertex -40.649239316326224 5.351573881022114 5
      vertex -40.649239316326224 5.351573881022114 0
    endloop
  endfacet
  facet normal -0.9866433320848792 0.16289547339458713 3.0360510082111784e-18
    outer loop
      vertex -40.649239316326224 5.351573881022114 0
      vertex -40.21219649653245 7.998703202661258 5
      vertex -40.21219649653245 7.998703202661258 0
    endloop
  endfacet
  facet normal -0.9738769792773334 0.22707626303437442 -2.357816746745561e-18
    outer loop
      vertex -40.21219649653245 7.998703202661258 0
      vertex -39.6029588778518 10.61158084920335 5
      vertex -39.6029588778518 10.61158084920335 0
    endloop
  endfacet
  facet normal -0.9569403357322096 0.29028467725446 7.476925750150317e-18
    outer loop
      vertex -39.6029588778518 10.61158084920335 0
      vertex -38.824135309299336 13.179018077429625 5
      vertex -38.824135309299336 13.179018077429625 0
    endloop
  endfacet
  facet normal -0.9359059267573253 0.35225004792123465 5.5742598873511865e-18
    outer loop
      vertex -38.824135309299336 13.179018077429625 0
      vertex -37.87906083296276 15.690020726968681 5
      vertex -37.87906083296276 15.690020726968681 0
    endloop
  endfacet
  facet normal -0.910863824921175 0.41270702980439633 -1.1516464999668257e-17
    outer loop
      vertex -37.87906083296276 15.690020726968681 0
      vertex -36.771782402840216 18.133836298979052 5
      vertex -36.771782402840216 18.133836298979052 0
    endloop
  endfacet
  facet normal -0.8819212643483555 0.4713967368259967 -7.316660890180454e-18
    outer loop
      vertex -36.771782402840216 18.133836298979052 0
      vertex -35.50704155516198 20.5 5
      vertex -35.50704155516198 20.5 0
    endloop
  endfacet
  facet normal 0 0 -1
    outer loop
      vertex -30.82543210663808 -27.03317841910282 0
      vertex -30.82543210663808 27.03317841910282 0
      vertex -28.99137802864845 28.99137802864845 0
    endloop
  endfacet
  facet normal 0 0 -1
    outer loop
      vertex -22.77837955380369 -34.09025410440435 0
      vertex -22.77837955380369 34.09025410440435 0
      vertex -21.596574277181766 10.395354993231772 0
    endloop
  endfacet
  facet normal 0 0 -1
    outer loop
      vertex -21.33035137968407 -9.611087627168637 0
      vertex -21.33035137968407 9.611087627168637 0
      vertex -21.269365344465974 9.525981713586047 0
    endloop
  endfacet
  facet normal 0 0 -1
    outer loop
      vertex -21.269365344465974 -9.525981713586047 0
      vertex -21.269365344465974 9.525981713586047 0
      vertex -21.202943691966365 9.44504669583989 0
    endloop
  endfacet
  facet normal 0 0 -1
    outer loop
      vertex -21.202943691966365 -9.44504669583989 0
      vertex -21.202943691966365 9.44504669583989 0
      vertex -21.131370849898477 9.368629150101524 0
    endloop
  endfacet
  facet normal 0 0 -1
    outer loop
      vertex -21.131370849898477 -9.368629150101524 0
      vertex -21.131370849898477 9.368629150101524 0
      vertex -21.05495330416011 9.297056308033635 0
    endloop
  endfacet
  facet normal 0 0 -1
    outer loop
      vertex -21.05495330416011 -9.297056308033635 0
      vertex -21.05495330416011 9.297056308033635 0
      vertex -20.97401828641395 9.230634655534024 0
    endloop
  endfacet
  facet normal 0 0 -1
    outer loop
      vertex -20.888912372831363 -9.169648620315927 0
      vertex -20.888912372831363 9.169648620315927 0
      vertex -20.8 9.114359353944899 0
    endloop
  endfacet
  facet normal 0 0 -1
    outer loop
      vertex -20.97401828641395 -9.230634655534024 0
      vertex -20.97401828641395 9.230634655534024 0
      vertex -20.888912372831363 9.169648620315927 0
    endloop
  endfacet
  facet normal 0 0 -1
    outer loop
      vertex -20.8 -9.114359353944899 0
      vertex -20.8 9.114359353944899 0
      vertex -20.707661904350402 9.065003613547699 0
    endloop
  endfacet
  facet normal 0 0 -1
    outer loop
      vertex -20.707661904350402 -9.065003613547699 0
      vertex -20.707661904350402 9.065003613547699 0
      vertex -20.612293491784143 9.02179274798194 0
    endloop
  endfacet
  facet normal 0 0 -1
    outer loop
      vertex -20.612293491784143 -9.02179274798194 0
      vertex -20.612293491784143 9.02179274798194 0
      vertex -20.51430314448506 8.98491179280783 0
    endloop
  endfacet
  facet normal 0 0 -1
    outer loop
      vertex -28.99137802864845 -28.99137802864845 0
      vertex -28.99137802864845 28.99137802864845 0
      vertex -27.03317841910282 30.82543210663808 0
    endloop
  endfacet
  facet normal 0 0 -1
    outer loop
      vertex -27.03317841910282 -30.82543210663808 0
      vertex -27.03317841910282 30.82543210663808 0
      vertex -24.959218589357548 32.527486951940645 0
    endloop
  endfacet
  facet normal 0 0 -1
    outer loop
      vertex -24.959218589357548 -32.527486951940645 0
      vertex -24.959218589357548 32.527486951940645 0
      vertex -22.77837955380369 34.09025410440435 0
    endloop
  endfacet
  facet normal 0 0 -1
    outer loop
      vertex -22.77837955380369 34.09025410440435 0
      vertex -21.6 10.5 0
      vertex -21.596574277181766 10.395354993231772 0
    endloop
  endfacet
  facet normal 0 0 -1
    outer loop
      vertex -22.77837955380369 34.09025410440435 0
      vertex -21.596574277181766 10.604645006768228 0
      vertex -21.6 10.5 0
    endloop
  endfacet
  facet normal 0 0 -1
    outer loop
      vertex -22.77837955380369 34.09025410440435 0
      vertex -21.586311778198098 10.708841907552083 0
      vertex -21.596574277181766 10.604645006768228 0
    endloop
  endfacet
  facet normal 0 0 -1
    outer loop
      vertex -22.77837955380369 34.09025410440435 0
      vertex -21.56925644864517 10.812144515225805 0
      vertex -21.586311778198098 10.708841907552083 0
    endloop
  endfacet
  facet normal 0 0 -1
    outer loop
      vertex -22.77837955380369 34.09025410440435 0
      vertex -21.54548132206251 10.914110472164033 0
      vertex -21.56925644864517 10.812144515225805 0
    endloop
  endfacet
  facet normal 0 0 -1
    outer loop
      vertex -22.77837955380369 34.09025410440435 0
      vertex -21.515088207192168 11.014303144485059 0
      vertex -21.54548132206251 10.914110472164033 0
    endloop
  endfacet
  facet normal 0 0 -1
    outer loop
      vertex -22.77837955380369 34.09025410440435 0
      vertex -21.4349963864523 11.207661904350402 0
      vertex -21.47820725201806 11.112293491784143 0
    endloop
  endfacet
  facet normal 0 0 -1
    outer loop
      vertex -22.77837955380369 34.09025410440435 0
      vertex -21.47820725201806 11.112293491784143 0
      vertex -21.515088207192168 11.014303144485059 0
    endloop
  endfacet
  facet normal 0 0 -1
    outer loop
      vertex -22.77837955380369 34.09025410440435 0
      vertex -21.3856406460551 11.3 0
      vertex -21.4349963864523 11.207661904350402 0
    endloop
  endfacet
  facet normal 0 0 -1
    outer loop
      vertex -22.77837955380369 34.09025410440435 0
      vertex -21.33035137968407 11.388912372831363 0
      vertex -21.3856406460551 11.3 0
    endloop
  endfacet
  facet normal 0 0 -1
    outer loop
      vertex -20.5 35.50704155516198 0
      vertex -21.269365344465974 11.474018286413953 0
      vertex -21.33035137968407 11.388912372831363 0
    endloop
  endfacet
  facet normal 0 0 -1
    outer loop
      vertex -20.5 35.50704155516198 0
      vertex -21.202943691966365 11.55495330416011 0
      vertex -21.269365344465974 11.474018286413953 0
    endloop
  endfacet
  facet normal 0 0 -1
    outer loop
      vertex -20.5 35.50704155516198 0
      vertex -21.131370849898477 11.631370849898476 0
      vertex -21.202943691966365 11.55495330416011 0
    endloop
  endfacet
  facet normal 0 0 -1
    outer loop
      vertex -20.5 35.50704155516198 0
      vertex -21.05495330416011 11.702943691966365 0
      vertex -21.131370849898477 11.631370849898476 0
    endloop
  endfacet
  facet normal 0 0 -1
    outer loop
      vertex -20.5 35.50704155516198 0
      vertex -20.97401828641395 11.769365344465976 0
      vertex -21.05495330416011 11.702943691966365 0
    endloop
  endfacet
  facet normal 0 0 -1
    outer loop
      vertex -20.5 35.50704155516198 0
      vertex -20.888912372831363 11.830351379684073 0
      vertex -20.97401828641395 11.769365344465976 0
    endloop
  endfacet
  facet normal 0 0 -1
    outer loop
      vertex -20.5 35.50704155516198 0
      vertex -20.8 11.885640646055101 0
      vertex -20.888912372831363 11.830351379684073 0
    endloop
  endfacet
  facet normal 0 0 -1
    outer loop
      vertex -20.5 35.50704155516198 0
      vertex -20.707661904350402 11.934996386452301 0
      vertex -20.8 11.885640646055101 0
    endloop
  endfacet
  facet normal 0 0 -1
    outer loop
      vertex -20.5 35.50704155516198 0
      vertex -20.612293491784143 11.97820725201806 0
      vertex -20.707661904350402 11.934996386452301 0
    endloop
  endfacet
  facet normal 0 0 -1
    outer loop
      vertex -20.5 35.50704155516198 0
      vertex -20.51430314448506 12.01508820719217 0
      vertex -20.612293491784143 11.97820725201806 0
    endloop
  endfacet
  facet normal -0.9994645874763656 0.03271908282177616 0
    outer loop
      vertex -41 0 0
      vertex -41 0 5
      vertex -40.912215852782744 2.6815282984358655 5
    endloop
  endfacet
  facet normal -0.9951847266721967 0.09801714032956184 0
    outer loop
      vertex -40.912215852782744 2.6815282984358655 0
      vertex -40.912215852782744 2.6815282984358655 5
      vertex -40.649239316326224 5.351573881022114 5
    endloop
  endfacet
  facet normal -0.9866433320848792 0.16289547339458713 0
    outer loop
      vertex -40.649239316326224 5.351573881022114 0
      vertex -40.649239316326224 5.351573881022114 5
      vertex -40.21219649653245 7.998703202661258 5
    endloop
  endfacet
  facet normal -0.9738769792773334 0.22707626303437442 0
    outer loop
      vertex -40.21219649653245 7.998703202661258 0
      vertex -40.21219649653245 7.998703202661258 5
      vertex -39.6029588778518 10.61158084920335 5
    endloop
  endfacet
  facet normal -0.9569403357322096 0.29028467725446 0
    outer loop
      vertex -39.6029588778518 10.61158084920335 0
      vertex -39.6029588778518 10.61158084920335 5
      vertex -38.824135309299336 13.179018077429625 5
    endloop
  endfacet
  facet normal -0.9359059267573253 0.35225004792123465 0
    outer loop
      vertex -38.824135309299336 13.179018077429625 0
      vertex -38.824135309299336 13.179018077429625 5
      vertex -37.87906083296276 15.690020726968681 5
    endloop
  endfacet
  facet normal -0.910863824921175 0.41270702980439633 0
    outer loop
      vertex -37.87906083296276 15.690020726968681 0
      vertex -37.87906083296276 15.690020726968681 5
      vertex -36.771782402840216 18.133836298979052 5
    endloop
  endfacet
  facet normal -0.8819212643483555 0.4713967368259967 0
    outer loop
      vertex -36.771782402840216 18.133836298979052 0
      vertex -36.771782402840216 18.133836298979052 5
      vertex -35.50704155516198 20.5 5
    endloop
  endfacet
  facet normal -0.8492021815265783 0.528067850650369 -1.490372970199012e-17
    outer loop
      vertex -35.50704155516198 20.5 0
      vertex -34.09025410440435 22.77837955380369 5
      vertex -34.09025410440435 22.77837955380369 0
    endloop
  endfacet
  facet normal -0.8128466845916169 0.5824776968677998 -1.5738527843554198e-17
    outer loop
      vertex -34.09025410440435 22.77837955380369 0
      vertex -32.527486951940645 24.959218589357548 5
      vertex -32.527486951940645 24.959218589357548 0
    endloop
  endfacet
  facet normal -0.7730104533627369 0.6343932841636457 1.1284691758711379e-17
    outer loop
      vertex -32.527486951940645 24.959218589357548 0
      vertex -30.82543210663808 27.03317841910282 5
      vertex -30.82543210663808 27.03317841910282 0
    endloop
  endfacet
  facet normal 0 0 -1
    outer loop
      vertex -22.77837955380369 34.09025410440435 0
      vertex -20.5 35.50704155516198 0
      vertex -21.33035137968407 11.388912372831363 0
    endloop
  endfacet
  facet normal -0.7298640726978362 0.6835923020228708 -1.065848974736394e-18
    outer loop
      vertex -30.82543210663808 27.03317841910282 0
      vertex -28.99137802864845 28.99137802864845 5
      vertex -28.99137802864845 28.99137802864845 0
    endloop
  endfacet
  facet normal -0.6835923020228708 0.7298640726978362 0
    outer loop
      vertex -28.99137802864845 28.99137802864845 0
      vertex -28.99137802864845 28.99137802864845 5
      vertex -27.03317841910282 30.82543210663808 0
    endloop
  endfacet
  facet normal -0.6343932841636457 0.7730104533627369 0
    outer loop
      vertex -27.03317841910282 30.82543210663808 0
      vertex -27.03317841910282 30.82543210663808 5
      vertex -24.959218589357548 32.527486951940645 0
    endloop
  endfacet
  facet normal -0.5824776968677998 0.8128466845916169 0
    outer loop
      vertex -24.959218589357548 32.527486951940645 0
      vertex -24.959218589357548 32.527486951940645 5
      vertex -22.77837955380369 34.09025410440435 0
    endloop
  endfacet
  facet normal -0.528067850650369 0.8492021815265783 0
    outer loop
      vertex -22.77837955380369 34.09025410440435 0
      vertex -22.77837955380369 34.09025410440435 5
      vertex -20.5 35.50704155516198 0
    endloop
  endfacet
  facet normal -0.8492021815265783 0.528067850650369 0
    outer loop
      vertex -35.50704155516198 20.5 0
      vertex -35.50704155516198 20.5 5
      vertex -34.09025410440435 22.77837955380369 5
    endloop
  endfacet
  facet normal -0.8128466845916169 0.5824776968677998 0
    outer loop
      vertex -34.09025410440435 22.77837955380369 0
      vertex -34.09025410440435 22.77837955380369 5
      vertex -32.527486951940645 24.959218589357548 5
    endloop
  endfacet
  facet normal -0.7730104533627369 0.6343932841636457 0
    outer loop
      vertex -32.527486951940645 24.959218589357548 0
      vertex -32.527486951940645 24.959218589357548 5
      vertex -30.82543210663808 27.03317841910282 5
    endloop
  endfacet
  facet normal -0.7298640726978362 0.6835923020228708 0
    outer loop
      vertex -30.82543210663808 27.03317841910282 0
      vertex -30.82543210663808 27.03317841910282 5
      vertex -28.99137802864845 28.99137802864845 5
    endloop
  endfacet
  facet normal -0.6835923020228708 0.7298640726978362 0
    outer loop
      vertex -27.03317841910282 30.82543210663808 0
      vertex -28.99137802864845 28.99137802864845 5
      vertex -27.03317841910282 30.82543210663808 5
    endloop
  endfacet
  facet normal -0.6343932841636457 0.7730104533627369 0
    outer loop
      vertex -24.959218589357548 32.527486951940645 0
      vertex -27.03317841910282 30.82543210663808 5
      vertex -24.959218589357548 32.527486951940645 5
    endloop
  endfacet
  facet normal -0.5824776968677998 0.8128466845916169 0
    outer loop
      vertex -22.77837955380369 34.09025410440435 0
      vertex -24.959218589357548 32.527486951940645 5
      vertex -22.77837955380369 34.09025410440435 5
    endloop
  endfacet
  facet normal -0.528067850650369 0.8492021815265783 0
    outer loop
      vertex -20.5 35.50704155516198 0
      vertex -22.77837955380369 34.09025410440435 5
      vertex -20.5 35.50704155516198 5
    endloop
  endfacet
  facet normal 0 0 -1
    outer loop
      vertex -20.51430314448506 -8.98491179280783 0
      vertex -20.51430314448506 8.98491179280783 0
      vertex -20.414110472164033 8.954518677937491 0
    endloop
  endfacet
  facet normal 0 0 -1
    outer loop
      vertex -20.414110472164033 -8.954518677937491 0
      vertex -20.414110472164033 8.954518677937491 0
      vertex -20.312144515225807 8.930743551354832 0
    endloop
  endfacet
  facet normal 0 0 -1
    outer loop
      vertex -20.312144515225807 -8.930743551354832 0
      vertex -20.312144515225807 8.930743551354832 0
      vertex -20.20884190755208 8.913688221801904 0
    endloop
  endfacet
  facet normal 0 0 -1
    outer loop
      vertex -20.20884190755208 -8.913688221801904 0
      vertex -20.20884190755208 8.913688221801904 0
      vertex -20.10464500676823 8.903425722818234 0
    endloop
  endfacet
  facet normal 0 0 -1
    outer loop
      vertex -20.10464500676823 -8.903425722818234 0
      vertex -20.10464500676823 8.903425722818234 0
      vertex -20 8.9 0
    endloop
  endfacet
  facet normal 0 0 -1
    outer loop
      vertex -20 -8.9 0
      vertex -20 8.9 0
      vertex -19.89535499323177 8.903425722818234 0
    endloop
  endfacet
  facet normal 0 0 -1
    outer loop
      vertex -19.89535499323177 -8.903425722818234 0
      vertex -19.89535499323177 8.903425722818234 0
      vertex -19.79115809244792 8.913688221801904 0
    endloop
  endfacet
  facet normal 0 0 -1
    outer loop
      vertex -19.79115809244792 -8.913688221801904 0
      vertex -19.79115809244792 8.913688221801904 0
      vertex -19.687855484774193 8.930743551354832 0
    endloop
  endfacet
  facet normal 0 0 -1
    outer loop
      vertex -19.687855484774193 -8.930743551354832 0
      vertex -19.687855484774193 8.930743551354832 0
      vertex -19.585889527835967 8.954518677937491 0
    endloop
  endfacet
  facet normal 0 0 -1
    outer loop
      vertex -19.687855484774193 -8.930743551354832 0
      vertex -19.585889527835967 8.954518677937491 0
      vertex -19.48569685551494 8.98491179280783 0
    endloop
  endfacet
  facet normal 0 0 -1
    outer loop
      vertex -19.687855484774193 -8.930743551354832 0
      vertex -19.48569685551494 8.98491179280783 0
      vertex -19.387706508215857 9.02179274798194 0
    endloop
  endfacet
  facet normal 0 0 -1
    outer loop
      vertex -19.687855484774193 -8.930743551354832 0
      vertex -19.292338095649598 9.065003613547699 0
      vertex -19.2 9.114359353944899 0
    endloop
  endfacet
  facet normal 0 0 -1
    outer loop
      vertex -19.687855484774193 -8.930743551354832 0
      vertex -19.387706508215857 9.02179274798194 0
      vertex -19.292338095649598 9.065003613547699 0
    endloop
  endfacet
  facet normal 0 0 -1
    outer loop
      vertex -19.687855484774193 -8.930743551354832 0
      vertex -19.2 9.114359353944899 0
      vertex -19.111087627168637 9.169648620315927 0
    endloop
  endfacet
  facet normal 0 0 -1
    outer loop
      vertex -19.687855484774193 -8.930743551354832 0
      vertex -19.111087627168637 9.169648620315927 0
      vertex -19.02598171358605 9.230634655534024 0
    endloop
  endfacet
  facet normal 0 0 -1
    outer loop
      vertex -19.02598171358605 -9.230634655534024 0
      vertex -19.02598171358605 9.230634655534024 0
      vertex -18.94504669583989 9.297056308033635 0
    endloop
  endfacet
  facet normal 0 0 -1
    outer loop
      vertex -18.94504669583989 -9.297056308033635 0
      vertex -18.94504669583989 9.297056308033635 0
      vertex -18.868629150101523 9.368629150101524 0
    endloop
  endfacet
  facet normal 0 0 -1
    outer loop
      vertex -18.868629150101523 -9.368629150101524 0
      vertex -18.868629150101523 9.368629150101524 0
      vertex -18.797056308033635 9.44504669583989 0
    endloop
  endfacet
  facet normal 0 0 -1
    outer loop
      vertex -18.797056308033635 -9.44504669583989 0
      vertex -18.797056308033635 9.44504669583989 0
      vertex -18.730634655534026 9.525981713586047 0
    endloop
  endfacet
  facet normal 0 0 -1
    outer loop
      vertex -18.730634655534026 -9.525981713586047 0
      vertex -18.730634655534026 9.525981713586047 0
      vertex -18.66964862031593 9.611087627168637 0
    endloop
  endfacet
  facet normal 0 0 -1
    outer loop
      vertex -18.66964862031593 -9.611087627168637 0
      vertex -18.66964862031593 9.611087627168637 0
      vertex -18.6143593539449 9.7 0
    endloop
  endfacet
  facet normal 0 0 -1
    outer loop
      vertex -18.6143593539449 -9.7 0
      vertex -18.6143593539449 9.7 0
      vertex -18.5650036135477 9.792338095649598 0
    endloop
  endfacet
  facet normal 0 0 -1
    outer loop
      vertex -18.5650036135477 -9.792338095649598 0
      vertex -18.5650036135477 9.792338095649598 0
      vertex -18.52179274798194 9.887706508215857 0
    endloop
  endfacet
  facet normal 0 0 -1
    outer loop
      vertex -18.52179274798194 -9.887706508215857 0
      vertex -18.52179274798194 9.887706508215857 0
      vertex -18.484911792807832 9.985696855514941 0
    endloop
  endfacet
  facet normal 0 0 -1
    outer loop
      vertex -18.484911792807832 -9.985696855514941 0
      vertex -18.484911792807832 9.985696855514941 0
      vertex -18.45451867793749 10.085889527835967 0
    endloop
  endfacet
  facet normal 0 0 -1
    outer loop
      vertex -18.45451867793749 -10.085889527835967 0
      vertex -18.45451867793749 10.085889527835967 0
      vertex -18.43074355135483 10.187855484774195 0
    endloop
  endfacet
  facet normal 0 0 -1
    outer loop
      vertex -18.43074355135483 -10.187855484774195 0
      vertex -18.43074355135483 10.187855484774195 0
      vertex -18.413688221801902 10.291158092447917 0
    endloop
  endfacet
  facet normal 0 0 -1
    outer loop
      vertex -18.413688221801902 -10.291158092447917 0
      vertex -18.413688221801902 10.291158092447917 0
      vertex -18.403425722818234 10.395354993231772 0
    endloop
  endfacet
  facet normal 0 0 -1
    outer loop
      vertex -18.403425722818234 -10.395354993231772 0
      vertex -18.403425722818234 10.395354993231772 0
      vertex -18.4 10.5 0
    endloop
  endfacet
  facet normal 0 0 -1
    outer loop
      vertex -18.082661904350402 28.65938639505694 0
      vertex -18.4 -10.5 0
      vertex -18.4 10.5 0
    endloop
  endfacet
  facet normal 0 0 -1
    outer loop
      vertex -18.175 -28.70874213545414 0
      vertex -18.082661904350402 28.65938639505694 0
      vertex -17.987293491784143 28.616175529491183 0
    endloop
  endfacet
  facet normal 0 0 -1
    outer loop
      vertex -18.175 -28.70874213545414 0
      vertex -17.987293491784143 28.616175529491183 0
      vertex -17.88930314448506 28.579294574317075 0
    endloop
  endfacet
  facet normal 0 0 -1
    outer loop
      vertex -15.690020726968681 -37.87906083296276 0
      vertex -15.778425722818234 29.989737774741013 0
      vertex -15.775 30.094382781509243 0
    endloop
  endfacet
  facet normal 0 0 -1
    outer loop
      vertex -18.082661904350402 -28.65938639505694 0
      vertex -17.88930314448506 28.579294574317075 0
      vertex -17.789110472164033 28.548901459446732 0
    endloop
  endfacet
  facet normal 0 0 -1
    outer loop
      vertex -17.987293491784143 -28.616175529491183 0
      vertex -17.789110472164033 28.548901459446732 0
      vertex -17.687144515225807 28.525126332864073 0
    endloop
  endfacet
  facet normal 0 0 -1
    outer loop
      vertex -17.987293491784143 -28.616175529491183 0
      vertex -17.687144515225807 28.525126332864073 0
      vertex -17.58384190755208 28.508071003311144 0
    endloop
  endfacet
  facet normal 0 0 -1
    outer loop
      vertex -17.88930314448506 -28.579294574317075 0
      vertex -17.58384190755208 28.508071003311144 0
      vertex -17.47964500676823 28.497808504327477 0
    endloop
  endfacet
  facet normal 0 0 -1
    outer loop
      vertex -17.88930314448506 -28.579294574317075 0
      vertex -17.47964500676823 28.497808504327477 0
      vertex -17.375 28.49438278150924 0
    endloop
  endfacet
  facet normal 0 0 -1
    outer loop
      vertex -17.88930314448506 -28.579294574317075 0
      vertex -17.375 28.49438278150924 0
      vertex -17.27035499323177 28.497808504327477 0
    endloop
  endfacet
  facet normal 0 0 -1
    outer loop
      vertex -17.88930314448506 -28.579294574317075 0
      vertex -17.27035499323177 28.497808504327477 0
      vertex -17.16615809244792 28.508071003311144 0
    endloop
  endfacet
  facet normal 0 0 -1
    outer loop
      vertex -17.88930314448506 -28.579294574317075 0
      vertex -17.062855484774193 28.525126332864073 0
      vertex -16.960889527835967 28.548901459446732 0
    endloop
  endfacet
  facet normal 0 0 -1
    outer loop
      vertex -17.88930314448506 -28.579294574317075 0
      vertex -17.16615809244792 28.508071003311144 0
      vertex -17.062855484774193 28.525126332864073 0
    endloop
  endfacet
  facet normal 0 0 -1
    outer loop
      vertex -17.88930314448506 -28.579294574317075 0
      vertex -16.960889527835967 28.548901459446732 0
      vertex -16.86069685551494 28.579294574317075 0
    endloop
  endfacet
  facet normal 0 0 -1
    outer loop
      vertex -17.88930314448506 -28.579294574317075 0
      vertex -16.86069685551494 28.579294574317075 0
      vertex -16.762706508215857 28.616175529491183 0
    endloop
  endfacet
  facet normal 0 0 -1
    outer loop
      vertex -17.88930314448506 -28.579294574317075 0
      vertex -16.762706508215857 28.616175529491183 0
      vertex -16.667338095649598 28.65938639505694 0
    endloop
  endfacet
  facet normal 0 0 -1
    outer loop
      vertex -17.88930314448506 -28.579294574317075 0
      vertex -16.667338095649598 28.65938639505694 0
      vertex -16.575 28.70874213545414 0
    endloop
  endfacet
  facet normal 0 0 -1
    outer loop
      vertex -17.88930314448506 -28.579294574317075 0
      vertex -16.575 28.70874213545414 0
      vertex -16.486087627168637 28.76403140182517 0
    endloop
  endfacet
  facet normal 0 0 -1
    outer loop
      vertex -17.88930314448506 -28.579294574317075 0
      vertex -16.486087627168637 28.76403140182517 0
      vertex -16.40098171358605 28.825017437043265 0
    endloop
  endfacet
  facet normal 0 0 -1
    outer loop
      vertex -17.88930314448506 -28.579294574317075 0
      vertex -16.32004669583989 28.891439089542878 0
      vertex -16.243629150101523 28.963011931610765 0
    endloop
  endfacet
  facet normal 0 0 -1
    outer loop
      vertex -17.88930314448506 -28.579294574317075 0
      vertex -16.40098171358605 28.825017437043265 0
      vertex -16.32004669583989 28.891439089542878 0
    endloop
  endfacet
  facet normal 0 0 -1
    outer loop
      vertex -17.88930314448506 -28.579294574317075 0
      vertex -16.243629150101523 28.963011931610765 0
      vertex -16.172056308033635 29.03942947734913 0
    endloop
  endfacet
  facet normal 0 0 -1
    outer loop
      vertex -17.88930314448506 -28.579294574317075 0
      vertex -16.105634655534026 29.120364495095288 0
      vertex -16.04464862031593 29.20547040867788 0
    endloop
  endfacet
  facet normal 0 0 -1
    outer loop
      vertex -17.88930314448506 -28.579294574317075 0
      vertex -16.172056308033635 29.03942947734913 0
      vertex -16.105634655534026 29.120364495095288 0
    endloop
  endfacet
  facet normal 0 0 -1
    outer loop
      vertex -17.88930314448506 -28.579294574317075 0
      vertex -16.04464862031593 29.20547040867788 0
      vertex -15.989359353944899 29.294382781509242 0
    endloop
  endfacet
  facet normal 0 0 -1
    outer loop
      vertex -17.88930314448506 -28.579294574317075 0
      vertex -15.989359353944899 29.294382781509242 0
      vertex -15.940003613547699 29.38672087715884 0
    endloop
  endfacet
  facet normal 0 0 -1
    outer loop
      vertex -15.940003613547699 -29.38672087715884 0
      vertex -15.940003613547699 29.38672087715884 0
      vertex -15.89679274798194 29.4820892897251 0
    endloop
  endfacet
  facet normal 0 0 -1
    outer loop
      vertex -15.89679274798194 -29.4820892897251 0
      vertex -15.89679274798194 29.4820892897251 0
      vertex -15.85991179280783 29.580079637024184 0
    endloop
  endfacet
  facet normal 0 0 -1
    outer loop
      vertex -15.85991179280783 -29.580079637024184 0
      vertex -15.85991179280783 29.580079637024184 0
      vertex -15.829518677937491 29.68027230934521 0
    endloop
  endfacet
  facet normal 0 0 -1
    outer loop
      vertex -15.829518677937491 -29.68027230934521 0
      vertex -15.829518677937491 29.68027230934521 0
      vertex -15.805743551354832 29.782238266283436 0
    endloop
  endfacet
  facet normal 0 0 -1
    outer loop
      vertex -15.805743551354832 -29.782238266283436 0
      vertex -15.805743551354832 29.782238266283436 0
      vertex -15.788688221801904 29.88554087395716 0
    endloop
  endfacet
  facet normal 0 0 -1
    outer loop
      vertex -15.788688221801904 -29.88554087395716 0
      vertex -15.788688221801904 29.88554087395716 0
      vertex -15.778425722818234 29.989737774741013 0
    endloop
  endfacet
  facet normal 0 0 -1
    outer loop
      vertex -15.690020726968681 -37.87906083296276 0
      vertex -15.775 30.094382781509243 0
      vertex -15.690020726968681 37.87906083296276 0
    endloop
  endfacet
  facet normal 0 0 -1
    outer loop
      vertex -18.34901828641395 28.825017437043265 0
      vertex -20.414110472164033 12.045481322062509 0
      vertex -20.51430314448506 12.01508820719217 0
    endloop
  endfacet
  facet normal 0 0 -1
    outer loop
      vertex -18.34901828641395 28.825017437043265 0
      vertex -20.20884190755208 12.086311778198096 0
      vertex -20.312144515225807 12.069256448645168 0
    endloop
  endfacet
  facet normal 0 0 -1
    outer loop
      vertex -18.34901828641395 28.825017437043265 0
      vertex -20.312144515225807 12.069256448645168 0
      vertex -20.414110472164033 12.045481322062509 0
    endloop
  endfacet
  facet normal 0 0 -1
    outer loop
      vertex -18.34901828641395 28.825017437043265 0
      vertex -20.10464500676823 12.096574277181766 0
      vertex -20.20884190755208 12.086311778198096 0
    endloop
  endfacet
  facet normal 0 0 -1
    outer loop
      vertex -18.34901828641395 28.825017437043265 0
      vertex -20 12.1 0
      vertex -20.10464500676823 12.096574277181766 0
    endloop
  endfacet
  facet normal 0 0 -1
    outer loop
      vertex -18.34901828641395 28.825017437043265 0
      vertex -19.89535499323177 12.096574277181766 0
      vertex -20 12.1 0
    endloop
  endfacet
  facet normal 0 0 -1
    outer loop
      vertex -18.34901828641395 28.825017437043265 0
      vertex -19.79115809244792 12.086311778198096 0
      vertex -19.89535499323177 12.096574277181766 0
    endloop
  endfacet
  facet normal 0 0 -1
    outer loop
      vertex -18.34901828641395 28.825017437043265 0
      vertex -19.687855484774193 12.069256448645168 0
      vertex -19.79115809244792 12.086311778198096 0
    endloop
  endfacet
  facet normal 0 0 -1
    outer loop
      vertex -18.082661904350402 28.65938639505694 0
      vertex -18.4 10.5 0
      vertex -18.403425722818234 10.604645006768228 0
    endloop
  endfacet
  facet normal 0 0 -1
    outer loop
      vertex -18.082661904350402 28.65938639505694 0
      vertex -18.797056308033635 11.55495330416011 0
      vertex -18.868629150101523 11.631370849898476 0
    endloop
  endfacet
  facet normal 0 0 -1
    outer loop
      vertex -18.34901828641395 28.825017437043265 0
      vertex -19.387706508215857 11.97820725201806 0
      vertex -19.48569685551494 12.01508820719217 0
    endloop
  endfacet
  facet normal 0 0 -1
    outer loop
      vertex -18.34901828641395 28.825017437043265 0
      vertex -19.292338095649598 11.934996386452301 0
      vertex -19.387706508215857 11.97820725201806 0
    endloop
  endfacet
  facet normal 0 0 -1
    outer loop
      vertex -18.34901828641395 28.825017437043265 0
      vertex -19.2 11.885640646055101 0
      vertex -19.292338095649598 11.934996386452301 0
    endloop
  endfacet
  facet normal 0 0 -1
    outer loop
      vertex -18.34901828641395 28.825017437043265 0
      vertex -19.48569685551494 12.01508820719217 0
      vertex -19.585889527835967 12.045481322062509 0
    endloop
  endfacet
  facet normal 0 0 -1
    outer loop
      vertex -18.34901828641395 28.825017437043265 0
      vertex -19.585889527835967 12.045481322062509 0
      vertex -19.687855484774193 12.069256448645168 0
    endloop
  endfacet
  facet normal 0 0 -1
    outer loop
      vertex -18.34901828641395 28.825017437043265 0
      vertex -19.02598171358605 11.769365344465976 0
      vertex -19.111087627168637 11.830351379684073 0
    endloop
  endfacet
  facet normal 0 0 -1
    outer loop
      vertex -18.34901828641395 28.825017437043265 0
      vertex -19.111087627168637 11.830351379684073 0
      vertex -19.2 11.885640646055101 0
    endloop
  endfacet
  facet normal 0 0 -1
    outer loop
      vertex -19.02598171358605 11.769365344465976 0
      vertex -18.082661904350402 28.65938639505694 0
      vertex -18.94504669583989 11.702943691966365 0
    endloop
  endfacet
  facet normal 0 0 -1
    outer loop
      vertex -18.082661904350402 28.65938639505694 0
      vertex -18.868629150101523 11.631370849898476 0
      vertex -18.94504669583989 11.702943691966365 0
    endloop
  endfacet
  facet normal 0 0 -1
    outer loop
      vertex -18.082661904350402 28.65938639505694 0
      vertex -18.413688221801902 10.708841907552083 0
      vertex -18.43074355135483 10.812144515225805 0
    endloop
  endfacet
  facet normal 0 0 -1
    outer loop
      vertex -18.082661904350402 28.65938639505694 0
      vertex -18.403425722818234 10.604645006768228 0
      vertex -18.413688221801902 10.708841907552083 0
    endloop
  endfacet
  facet normal 0 0 -1
    outer loop
      vertex -18.082661904350402 28.65938639505694 0
      vertex -18.43074355135483 10.812144515225805 0
      vertex -18.45451867793749 10.914110472164033 0
    endloop
  endfacet
  facet normal 0 0 -1
    outer loop
      vertex -18.082661904350402 28.65938639505694 0
      vertex -18.45451867793749 10.914110472164033 0
      vertex -18.484911792807832 11.014303144485059 0
    endloop
  endfacet
  facet normal 0 0 -1
    outer loop
      vertex -18.082661904350402 28.65938639505694 0
      vertex -18.484911792807832 11.014303144485059 0
      vertex -18.52179274798194 11.112293491784143 0
    endloop
  endfacet
  facet normal 0 0 -1
    outer loop
      vertex -18.082661904350402 28.65938639505694 0
      vertex -18.5650036135477 11.207661904350402 0
      vertex -18.6143593539449 11.3 0
    endloop
  endfacet
  facet normal 0 0 -1
    outer loop
      vertex -18.082661904350402 28.65938639505694 0
      vertex -18.6143593539449 11.3 0
      vertex -18.66964862031593 11.388912372831363 0
    endloop
  endfacet
  facet normal 0 0 -1
    outer loop
      vertex -18.082661904350402 28.65938639505694 0
      vertex -18.730634655534026 11.474018286413953 0
      vertex -18.797056308033635 11.55495330416011 0
    endloop
  endfacet
  facet normal 0 0 -1
    outer loop
      vertex -18.082661904350402 28.65938639505694 0
      vertex -18.66964862031593 11.388912372831363 0
      vertex -18.730634655534026 11.474018286413953 0
    endloop
  endfacet
  facet normal 0 0 -1
    outer loop
      vertex -18.082661904350402 28.65938639505694 0
      vertex -18.52179274798194 11.112293491784143 0
      vertex -18.5650036135477 11.207661904350402 0
    endloop
  endfacet
  facet normal 0 0 -1
    outer loop
      vertex -15.690020726968681 -37.87906083296276 0
      vertex -15.690020726968681 37.87906083296276 0
      vertex -13.179018077429625 38.824135309299336 0
    endloop
  endfacet
  facet normal 0 0 -1
    outer loop
      vertex -13.179018077429625 -38.824135309299336 0
      vertex -13.179018077429625 38.824135309299336 0
      vertex -10.61158084920335 39.6029588778518 0
    endloop
  endfacet
  facet normal 0 0 -1
    outer loop
      vertex -10.61158084920335 -39.6029588778518 0
      vertex -10.61158084920335 39.6029588778518 0
      vertex -7.998703202661258 40.21219649653245 0
    endloop
  endfacet
  facet normal 0 0 -1
    outer loop
      vertex -7.998703202661258 -40.21219649653245 0
      vertex -7.998703202661258 40.21219649653245 0
      vertex -5.351573881022114 40.649239316326224 0
    endloop
  endfacet
  facet normal 0 0 -1
    outer loop
      vertex -19.02598171358605 11.769365344465976 0
      vertex -18.175 28.70874213545414 0
      vertex -18.082661904350402 28.65938639505694 0
    endloop
  endfacet
  facet normal 0 0 -1
    outer loop
      vertex -20.51430314448506 12.01508820719217 0
      vertex -18.85320725201806 29.4820892897251 0
      vertex -18.8099963864523 29.38672087715884 0
    endloop
  endfacet
  facet normal 0 0 -1
    outer loop
      vertex -20.51430314448506 12.01508820719217 0
      vertex -18.890088207192168 29.580079637024184 0
      vertex -18.85320725201806 29.4820892897251 0
    endloop
  endfacet
  facet normal 0 0 -1
    outer loop
      vertex -20.51430314448506 12.01508820719217 0
      vertex -18.7606406460551 29.294382781509242 0
      vertex -18.70535137968407 29.20547040867788 0
    endloop
  endfacet
  facet normal 0 0 -1
    outer loop
      vertex -20.51430314448506 12.01508820719217 0
      vertex -18.644365344465974 29.120364495095288 0
      vertex -18.577943691966365 29.03942947734913 0
    endloop
  endfacet
  facet normal 0 0 -1
    outer loop
      vertex -20.51430314448506 12.01508820719217 0
      vertex -18.70535137968407 29.20547040867788 0
      vertex -18.644365344465974 29.120364495095288 0
    endloop
  endfacet
  facet normal 0 0 -1
    outer loop
      vertex -20.51430314448506 12.01508820719217 0
      vertex -18.8099963864523 29.38672087715884 0
      vertex -18.7606406460551 29.294382781509242 0
    endloop
  endfacet
  facet normal 0 0 -1
    outer loop
      vertex -20.51430314448506 12.01508820719217 0
      vertex -18.92048132206251 29.68027230934521 0
      vertex -18.890088207192168 29.580079637024184 0
    endloop
  endfacet
  facet normal 0 0 -1
    outer loop
      vertex -20.51430314448506 12.01508820719217 0
      vertex -18.506370849898477 28.963011931610765 0
      vertex -18.42995330416011 28.891439089542878 0
    endloop
  endfacet
  facet normal 0 0 -1
    outer loop
      vertex -20.51430314448506 12.01508820719217 0
      vertex -18.577943691966365 29.03942947734913 0
      vertex -18.506370849898477 28.963011931610765 0
    endloop
  endfacet
  facet normal 0 0 -1
    outer loop
      vertex -20.51430314448506 12.01508820719217 0
      vertex -18.42995330416011 28.891439089542878 0
      vertex -18.34901828641395 28.825017437043265 0
    endloop
  endfacet
  facet normal 0 0 -1
    outer loop
      vertex -19.02598171358605 11.769365344465976 0
      vertex -18.34901828641395 28.825017437043265 0
      vertex -18.263912372831363 28.76403140182517 0
    endloop
  endfacet
  facet normal 0 0 -1
    outer loop
      vertex -19.02598171358605 11.769365344465976 0
      vertex -18.263912372831363 28.76403140182517 0
      vertex -18.175 28.70874213545414 0
    endloop
  endfacet
  facet normal 0 0 -1
    outer loop
      vertex -20.5 35.50704155516198 0
      vertex -18.92048132206251 29.68027230934521 0
      vertex -20.51430314448506 12.01508820719217 0
    endloop
  endfacet
  facet normal 0 0 -1
    outer loop
      vertex -20.5 35.50704155516198 0
      vertex -18.94425644864517 29.782238266283436 0
      vertex -18.92048132206251 29.68027230934521 0
    endloop
  endfacet
  facet normal 0 0 -1
    outer loop
      vertex -20.5 35.50704155516198 0
      vertex -18.961311778198098 29.88554087395716 0
      vertex -18.94425644864517 29.782238266283436 0
    endloop
  endfacet
  facet normal 0 0 -1
    outer loop
      vertex -20.5 35.50704155516198 0
      vertex -18.971574277181766 29.989737774741013 0
      vertex -18.961311778198098 29.88554087395716 0
    endloop
  endfacet
  facet normal 0 0 -1
    outer loop
      vertex -20.5 35.50704155516198 0
      vertex -18.975 30.094382781509243 0
      vertex -18.971574277181766 29.989737774741013 0
    endloop
  endfacet
  facet normal 0 0 -1
    outer loop
      vertex -20.5 35.50704155516198 0
      vertex -18.971574277181766 30.199027788277473 0
      vertex -18.975 30.094382781509243 0
    endloop
  endfacet
  facet normal 0 0 -1
    outer loop
      vertex -20.5 35.50704155516198 0
      vertex -18.961311778198098 30.303224689061324 0
      vertex -18.971574277181766 30.199027788277473 0
    endloop
  endfacet
  facet normal 0 0 -1
    outer loop
      vertex -20.5 35.50704155516198 0
      vertex -18.94425644864517 30.40652729673505 0
      vertex -18.961311778198098 30.303224689061324 0
    endloop
  endfacet
  facet normal 0 0 -1
    outer loop
      vertex -20.5 35.50704155516198 0
      vertex -18.92048132206251 30.508493253673276 0
      vertex -18.94425644864517 30.40652729673505 0
    endloop
  endfacet
  facet normal 0 0 -1
    outer loop
      vertex -20.5 35.50704155516198 0
      vertex -18.890088207192168 30.6086859259943 0
      vertex -18.92048132206251 30.508493253673276 0
    endloop
  endfacet
  facet normal 0 0 -1
    outer loop
      vertex -20.5 35.50704155516198 0
      vertex -18.8099963864523 30.802044685859645 0
      vertex -18.85320725201806 30.706676273293386 0
    endloop
  endfacet
  facet normal 0 0 -1
    outer loop
      vertex -20.5 35.50704155516198 0
      vertex -18.85320725201806 30.706676273293386 0
      vertex -18.890088207192168 30.6086859259943 0
    endloop
  endfacet
  facet normal 0 0 -1
    outer loop
      vertex -20.5 35.50704155516198 0
      vertex -18.7606406460551 30.894382781509243 0
      vertex -18.8099963864523 30.802044685859645 0
    endloop
  endfacet
  facet normal 0 0 -1
    outer loop
      vertex -20.5 35.50704155516198 0
      vertex -18.70535137968407 30.983295154340606 0
      vertex -18.7606406460551 30.894382781509243 0
    endloop
  endfacet
  facet normal 0 0 -1
    outer loop
      vertex -20.5 35.50704155516198 0
      vertex -18.577943691966365 31.149336085669354 0
      vertex -18.644365344465974 31.068401067923197 0
    endloop
  endfacet
  facet normal 0 0 -1
    outer loop
      vertex -20.5 35.50704155516198 0
      vertex -18.644365344465974 31.068401067923197 0
      vertex -18.70535137968407 30.983295154340606 0
    endloop
  endfacet
  facet normal 0 0 -1
    outer loop
      vertex -20.5 35.50704155516198 0
      vertex -18.506370849898477 31.22575363140772 0
      vertex -18.577943691966365 31.149336085669354 0
    endloop
  endfacet
  facet normal 0 0 -1
    outer loop
      vertex -20.5 35.50704155516198 0
      vertex -18.42995330416011 31.297326473475607 0
      vertex -18.506370849898477 31.22575363140772 0
    endloop
  endfacet
  facet normal 0 0 -1
    outer loop
      vertex -20.5 35.50704155516198 0
      vertex -18.34901828641395 31.36374812597522 0
      vertex -18.42995330416011 31.297326473475607 0
    endloop
  endfacet
  facet normal 0 0 -1
    outer loop
      vertex -18.133836298979052 36.771782402840216 0
      vertex -18.263912372831363 31.424734161193314 0
      vertex -18.34901828641395 31.36374812597522 0
    endloop
  endfacet
  facet normal 0 0 -1
    outer loop
      vertex -18.133836298979052 36.771782402840216 0
      vertex -18.175 31.480023427564344 0
      vertex -18.263912372831363 31.424734161193314 0
    endloop
  endfacet
  facet normal 0 0 -1
    outer loop
      vertex -18.133836298979052 36.771782402840216 0
      vertex -18.082661904350402 31.529379167961544 0
      vertex -18.175 31.480023427564344 0
    endloop
  endfacet
  facet normal 0 0 -1
    outer loop
      vertex -18.133836298979052 36.771782402840216 0
      vertex -17.987293491784143 31.5725900335273 0
      vertex -18.082661904350402 31.529379167961544 0
    endloop
  endfacet
  facet normal 0 0 -1
    outer loop
      vertex -20.5 35.50704155516198 0
      vertex -18.133836298979052 36.771782402840216 0
      vertex -18.34901828641395 31.36374812597522 0
    endloop
  endfacet
  facet normal 0 0 -1
    outer loop
      vertex -18.133836298979052 36.771782402840216 0
      vertex -17.88930314448506 31.60947098870141 0
      vertex -17.987293491784143 31.5725900335273 0
    endloop
  endfacet
  facet normal 0 0 -1
    outer loop
      vertex -15.690020726968681 37.87906083296276 0
      vertex -15.775 30.094382781509243 0
      vertex -15.778425722818234 30.199027788277473 0
    endloop
  endfacet
  facet normal 0 0 -1
    outer loop
      vertex -15.690020726968681 37.87906083296276 0
      vertex -15.778425722818234 30.199027788277473 0
      vertex -15.788688221801904 30.303224689061324 0
    endloop
  endfacet
  facet normal 0 0 -1
    outer loop
      vertex -15.690020726968681 37.87906083296276 0
      vertex -15.788688221801904 30.303224689061324 0
      vertex -15.805743551354832 30.40652729673505 0
    endloop
  endfacet
  facet normal 0 0 -1
    outer loop
      vertex -15.690020726968681 37.87906083296276 0
      vertex -15.805743551354832 30.40652729673505 0
      vertex -15.829518677937491 30.508493253673276 0
    endloop
  endfacet
  facet normal 0 0 -1
    outer loop
      vertex -15.690020726968681 37.87906083296276 0
      vertex -16.04464862031593 30.983295154340606 0
      vertex -16.105634655534026 31.068401067923197 0
    endloop
  endfacet
  facet normal 0 0 -1
    outer loop
      vertex -15.690020726968681 37.87906083296276 0
      vertex -15.940003613547699 30.802044685859645 0
      vertex -15.989359353944899 30.894382781509243 0
    endloop
  endfacet
  facet normal 0 0 -1
    outer loop
      vertex -15.690020726968681 37.87906083296276 0
      vertex -15.989359353944899 30.894382781509243 0
      vertex -16.04464862031593 30.983295154340606 0
    endloop
  endfacet
  facet normal 0 0 -1
    outer loop
      vertex -15.690020726968681 37.87906083296276 0
      vertex -15.85991179280783 30.6086859259943 0
      vertex -15.89679274798194 30.706676273293386 0
    endloop
  endfacet
  facet normal 0 0 -1
    outer loop
      vertex -15.690020726968681 37.87906083296276 0
      vertex -15.829518677937491 30.508493253673276 0
      vertex -15.85991179280783 30.6086859259943 0
    endloop
  endfacet
  facet normal 0 0 -1
    outer loop
      vertex -15.690020726968681 37.87906083296276 0
      vertex -15.89679274798194 30.706676273293386 0
      vertex -15.940003613547699 30.802044685859645 0
    endloop
  endfacet
  facet normal 0 0 -1
    outer loop
      vertex -18.133836298979052 36.771782402840216 0
      vertex -17.789110472164033 31.639864103571753 0
      vertex -17.88930314448506 31.60947098870141 0
    endloop
  endfacet
  facet normal 0 0 -1
    outer loop
      vertex -18.133836298979052 36.771782402840216 0
      vertex -17.687144515225807 31.663639230154413 0
      vertex -17.789110472164033 31.639864103571753 0
    endloop
  endfacet
  facet normal 0 0 -1
    outer loop
      vertex -18.133836298979052 36.771782402840216 0
      vertex -17.58384190755208 31.68069455970734 0
      vertex -17.687144515225807 31.663639230154413 0
    endloop
  endfacet
  facet normal 0 0 -1
    outer loop
      vertex -18.133836298979052 36.771782402840216 0
      vertex -17.47964500676823 31.69095705869101 0
      vertex -17.58384190755208 31.68069455970734 0
    endloop
  endfacet
  facet normal 0 0 -1
    outer loop
      vertex -18.133836298979052 36.771782402840216 0
      vertex -17.375 31.694382781509244 0
      vertex -17.47964500676823 31.69095705869101 0
    endloop
  endfacet
  facet normal 0 0 -1
    outer loop
      vertex -18.133836298979052 36.771782402840216 0
      vertex -17.27035499323177 31.69095705869101 0
      vertex -17.375 31.694382781509244 0
    endloop
  endfacet
  facet normal 0 0 -1
    outer loop
      vertex -15.690020726968681 37.87906083296276 0
      vertex -17.16615809244792 31.68069455970734 0
      vertex -17.27035499323177 31.69095705869101 0
    endloop
  endfacet
  facet normal 0 0 -1
    outer loop
      vertex -18.133836298979052 36.771782402840216 0
      vertex -15.690020726968681 37.87906083296276 0
      vertex -17.27035499323177 31.69095705869101 0
    endloop
  endfacet
  facet normal 0 0 -1
    outer loop
      vertex -15.690020726968681 37.87906083296276 0
      vertex -17.062855484774193 31.663639230154413 0
      vertex -17.16615809244792 31.68069455970734 0
    endloop
  endfacet
  facet normal 0 0 -1
    outer loop
      vertex -15.690020726968681 37.87906083296276 0
      vertex -16.86069685551494 31.60947098870141 0
      vertex -16.960889527835967 31.639864103571753 0
    endloop
  endfacet
  facet normal 0 0 -1
    outer loop
      vertex -15.690020726968681 37.87906083296276 0
      vertex -16.960889527835967 31.639864103571753 0
      vertex -17.062855484774193 31.663639230154413 0
    endloop
  endfacet
  facet normal 0 0 -1
    outer loop
      vertex -15.690020726968681 37.87906083296276 0
      vertex -16.762706508215857 31.5725900335273 0
      vertex -16.86069685551494 31.60947098870141 0
    endloop
  endfacet
  facet normal 0 0 -1
    outer loop
      vertex -15.690020726968681 37.87906083296276 0
      vertex -16.667338095649598 31.529379167961544 0
      vertex -16.762706508215857 31.5725900335273 0
    endloop
  endfacet
  facet normal 0 0 -1
    outer loop
      vertex -15.690020726968681 37.87906083296276 0
      vertex -16.575 31.480023427564344 0
      vertex -16.667338095649598 31.529379167961544 0
    endloop
  endfacet
  facet normal 0 0 -1
    outer loop
      vertex -15.690020726968681 37.87906083296276 0
      vertex -16.40098171358605 31.36374812597522 0
      vertex -16.486087627168637 31.424734161193314 0
    endloop
  endfacet
  facet normal 0 0 -1
    outer loop
      vertex -15.690020726968681 37.87906083296276 0
      vertex -16.486087627168637 31.424734161193314 0
      vertex -16.575 31.480023427564344 0
    endloop
  endfacet
  facet normal 0 0 -1
    outer loop
      vertex -15.690020726968681 37.87906083296276 0
      vertex -16.172056308033635 31.149336085669354 0
      vertex -16.243629150101523 31.22575363140772 0
    endloop
  endfacet
  facet normal 0 0 -1
    outer loop
      vertex -15.690020726968681 37.87906083296276 0
      vertex -16.243629150101523 31.22575363140772 0
      vertex -16.32004669583989 31.297326473475607 0
    endloop
  endfacet
  facet normal 0 0 -1
    outer loop
      vertex -15.690020726968681 37.87906083296276 0
      vertex -16.32004669583989 31.297326473475607 0
      vertex -16.40098171358605 31.36374812597522 0
    endloop
  endfacet
  facet normal 0 0 -1
    outer loop
      vertex -15.690020726968681 37.87906083296276 0
      vertex -16.105634655534026 31.068401067923197 0
      vertex -16.172056308033635 31.149336085669354 0
    endloop
  endfacet
  facet normal -0.4713967368259967 0.8819212643483555 0
    outer loop
      vertex -20.5 35.50704155516198 0
      vertex -20.5 35.50704155516198 5
      vertex -18.133836298979052 36.771782402840216 0
    endloop
  endfacet
  facet normal -0.41270702980439633 0.910863824921175 0
    outer loop
      vertex -18.133836298979052 36.771782402840216 0
      vertex -18.133836298979052 36.771782402840216 5
      vertex -15.690020726968681 37.87906083296276 0
    endloop
  endfacet
  facet normal -0.35225004792123465 0.9359059267573253 0
    outer loop
      vertex -15.690020726968681 37.87906083296276 0
      vertex -15.690020726968681 37.87906083296276 5
      vertex -13.179018077429625 38.824135309299336 0
    endloop
  endfacet
  facet normal -0.29028467725446 0.9569403357322096 0
    outer loop
      vertex -13.179018077429625 38.824135309299336 0
      vertex -13.179018077429625 38.824135309299336 5
      vertex -10.61158084920335 39.6029588778518 0
    endloop
  endfacet
  facet normal 0 0 -1
    outer loop
      vertex -5.351573881022114 40.649239316326224 0
      vertex -2.6815282984358655 40.912215852782744 0
      vertex -5 -20 0
    endloop
  endfacet
  facet normal 0 0 -1
    outer loop
      vertex -2.6815282984358655 40.912215852782744 0
      vertex 0 41 0
      vertex -5 -20 0
    endloop
  endfacet
  facet normal 0 0 -1
    outer loop
      vertex 0 41 0
      vertex 2.6815282984358655 40.912215852782744 0
      vertex -5 -20 0
    endloop
  endfacet
  facet normal -0.22707626303437442 0.9738769792773334 0
    outer loop
      vertex -10.61158084920335 39.6029588778518 0
      vertex -10.61158084920335 39.6029588778518 5
      vertex -7.998703202661258 40.21219649653245 0
    endloop
  endfacet
  facet normal -0.16289547339458713 0.9866433320848792 0
    outer loop
      vertex -7.998703202661258 40.21219649653245 0
      vertex -7.998703202661258 40.21219649653245 5
      vertex -5.351573881022114 40.649239316326224 0
    endloop
  endfacet
  facet normal -0.09801714032956184 0.9951847266721967 0
    outer loop
      vertex -5.351573881022114 40.649239316326224 0
      vertex -5.351573881022114 40.649239316326224 5
      vertex -2.6815282984358655 40.912215852782744 0
    endloop
  endfacet
  facet normal -0.03271908282177616 0.9994645874763656 0
    outer loop
      vertex -2.6815282984358655 40.912215852782744 0
      vertex -2.6815282984358655 40.912215852782744 5
      vertex 0 41 0
    endloop
  endfacet
  facet normal -0.4713967368259967 0.8819212643483555 0
    outer loop
      vertex -18.133836298979052 36.771782402840216 0
      vertex -20.5 35.50704155516198 5
      vertex -18.133836298979052 36.771782402840216 5
    endloop
  endfacet
  facet normal -0.41270702980439633 0.910863824921175 0
    outer loop
      vertex -15.690020726968681 37.87906083296276 0
      vertex -18.133836298979052 36.771782402840216 5
      vertex -15.690020726968681 37.87906083296276 5
    endloop
  endfacet
  facet normal -0.35225004792123465 0.9359059267573253 0
    outer loop
      vertex -13.179018077429625 38.824135309299336 0
      vertex -15.690020726968681 37.87906083296276 5
      vertex -13.179018077429625 38.824135309299336 5
    endloop
  endfacet
  facet normal -0.29028467725446 0.9569403357322096 0
    outer loop
      vertex -10.61158084920335 39.6029588778518 0
      vertex -13.179018077429625 38.824135309299336 5
      vertex -10.61158084920335 39.6029588778518 5
    endloop
  endfacet
  facet normal -0.22707626303437442 0.9738769792773334 0
    outer loop
      vertex -7.998703202661258 40.21219649653245 0
      vertex -10.61158084920335 39.6029588778518 5
      vertex -7.998703202661258 40.21219649653245 5
    endloop
  endfacet
  facet normal -0.16289547339458713 0.9866433320848792 0
    outer loop
      vertex -5.351573881022114 40.649239316326224 0
      vertex -7.998703202661258 40.21219649653245 5
      vertex -5.351573881022114 40.649239316326224 5
    endloop
  endfacet
  facet normal -0.09801714032956184 0.9951847266721967 0
    outer loop
      vertex -2.6815282984358655 40.912215852782744 0
      vertex -5.351573881022114 40.649239316326224 5
      vertex -2.6815282984358655 40.912215852782744 5
    endloop
  endfacet
  facet normal -0.03271908282177616 0.9994645874763656 -9.421357076896625e-19
    outer loop
      vertex -2.6815282984358655 40.912215852782744 5
      vertex 0 41 5
      vertex 0 41 0
    endloop
  endfacet
  facet normal 0 0 1
    outer loop
      vertex -40.912215852782744 -2.6815282984358655 5
      vertex -40.912215852782744 2.6815282984358655 5
      vertex -41 0 5
    endloop
  endfacet
  facet normal 0 0 1
    outer loop
      vertex -40.649239316326224 -5.351573881022114 5
      vertex -40.649239316326224 5.351573881022114 5
      vertex -40.912215852782744 2.6815282984358655 5
    endloop
  endfacet
  facet normal 0 0 1
    outer loop
      vertex -40.21219649653245 -7.998703202661258 5
      vertex -40.21219649653245 7.998703202661258 5
      vertex -40.649239316326224 5.351573881022114 5
    endloop
  endfacet
  facet normal 0 0 1
    outer loop
      vertex -39.6029588778518 -10.61158084920335 5
      vertex -39.6029588778518 10.61158084920335 5
      vertex -40.21219649653245 7.998703202661258 5
    endloop
  endfacet
  facet normal 0 0 1
    outer loop
      vertex -38.824135309299336 -13.179018077429625 5
      vertex -38.824135309299336 13.179018077429625 5
      vertex -39.6029588778518 10.61158084920335 5
    endloop
  endfacet
  facet normal 0 0 1
    outer loop
      vertex -37.87906083296276 -15.690020726968681 5
      vertex -37.87906083296276 15.690020726968681 5
      vertex -38.824135309299336 13.179018077429625 5
    endloop
  endfacet
  facet normal 0 0 1
    outer loop
      vertex -36.771782402840216 -18.133836298979052 5
      vertex -36.771782402840216 18.133836298979052 5
      vertex -37.87906083296276 15.690020726968681 5
    endloop
  endfacet
  facet normal 0 0 1
    outer loop
      vertex -35.50704155516198 -20.5 5
      vertex -35.50704155516198 20.5 5
      vertex -36.771782402840216 18.133836298979052 5
    endloop
  endfacet
  facet normal 0 0 1
    outer loop
      vertex -34.09025410440435 -22.77837955380369 5
      vertex -34.09025410440435 22.77837955380369 5
      vertex -35.50704155516198 20.5 5
    endloop
  endfacet
  facet normal 0 0 1
    outer loop
      vertex -32.527486951940645 -24.959218589357548 5
      vertex -32.527486951940645 24.959218589357548 5
      vertex -34.09025410440435 22.77837955380369 5
    endloop
  endfacet
  facet normal 0 0 1
    outer loop
      vertex -30.82543210663808 -27.03317841910282 5
      vertex -30.82543210663808 27.03317841910282 5
      vertex -32.527486951940645 24.959218589357548 5
    endloop
  endfacet
  facet normal 0 0 1
    outer loop
      vertex -28.99137802864845 -28.99137802864845 5
      vertex -28.99137802864845 28.99137802864845 5
      vertex -30.82543210663808 27.03317841910282 5
    endloop
  endfacet
  facet normal 0 0 1
    outer loop
      vertex -27.03317841910282 -30.82543210663808 5
      vertex -27.03317841910282 30.82543210663808 5
      vertex -28.99137802864845 28.99137802864845 5
    endloop
  endfacet
  facet normal 0 0 1
    outer loop
      vertex -24.959218589357548 -32.527486951940645 5
      vertex -24.959218589357548 32.527486951940645 5
      vertex -27.03317841910282 30.82543210663808 5
    endloop
  endfacet
  facet normal 0 0 1
    outer loop
      vertex -24 -15 5
      vertex -24 15 5
      vertex -24.959218589357548 32.527486951940645 5
    endloop
  endfacet
  facet normal 0 0 1
    outer loop
      vertex -24 15 5
      vertex -18.7606406460551 29.294382781509242 5
      vertex -18.8099963864523 29.38672087715884 5
    endloop
  endfacet
  facet normal 0 0 1
    outer loop
      vertex -24 15 5
      vertex -18.8099963864523 29.38672087715884 5
      vertex -18.85320725201806 29.4820892897251 5
    endloop
  endfacet
  facet normal 0 0 1
    outer loop
      vertex -24 15 5
      vertex -18.85320725201806 29.4820892897251 5
      vertex -18.890088207192168 29.580079637024184 5
    endloop
  endfacet
  facet normal 0 0 1
    outer loop
      vertex -24 15 5
      vertex -18.92048132206251 29.68027230934521 5
      vertex -18.94425644864517 29.782238266283436 5
    endloop
  endfacet
  facet normal 0 0 1
    outer loop
      vertex -24 15 5
      vertex -18.890088207192168 29.580079637024184 5
      vertex -18.92048132206251 29.68027230934521 5
    endloop
  endfacet
  facet normal 0 0 1
    outer loop
      vertex -24 15 5
      vertex -18.94425644864517 29.782238266283436 5
      vertex -18.961311778198098 29.88554087395716 5
    endloop
  endfacet
  facet normal 0 0 1
    outer loop
      vertex -24 15 5
      vertex -18.961311778198098 29.88554087395716 5
      vertex -18.971574277181766 29.989737774741013 5
    endloop
  endfacet
  facet normal 0 0 1
    outer loop
      vertex -24 15 5
      vertex -18.971574277181766 29.989737774741013 5
      vertex -18.975 30.094382781509243 5
    endloop
  endfacet
  facet normal 0 0 1
    outer loop
      vertex -24 15 5
      vertex -18.975 30.094382781509243 5
      vertex -18.971574277181766 30.199027788277473 5
    endloop
  endfacet
  facet normal 0 0 1
    outer loop
      vertex -24 15 5
      vertex -18.971574277181766 30.199027788277473 5
      vertex -18.961311778198098 30.303224689061324 5
    endloop
  endfacet
  facet normal 0 0 1
    outer loop
      vertex -24 15 5
      vertex -18.961311778198098 30.303224689061324 5
      vertex -24.959218589357548 32.527486951940645 5
    endloop
  endfacet
  facet normal 0 0 1
    outer loop
      vertex -24.959218589357548 32.527486951940645 5
      vertex -18.94425644864517 30.40652729673505 5
      vertex -22.77837955380369 34.09025410440435 5
    endloop
  endfacet
  facet normal 0 0 1
    outer loop
      vertex -24.959218589357548 32.527486951940645 5
      vertex -18.961311778198098 30.303224689061324 5
      vertex -18.94425644864517 30.40652729673505 5
    endloop
  endfacet
  facet normal 0 0 1
    outer loop
      vertex -24 15 5
      vertex 24 15 5
      vertex -17.88930314448506 28.579294574317075 5
    endloop
  endfacet
  facet normal 0 0 1
    outer loop
      vertex -24 15 5
      vertex -18.506370849898477 28.963011931610765 5
      vertex -18.577943691966365 29.03942947734913 5
    endloop
  endfacet
  facet normal 0 0 1
    outer loop
      vertex -24 15 5
      vertex -18.42995330416011 28.891439089542878 5
      vertex -18.506370849898477 28.963011931610765 5
    endloop
  endfacet
  facet normal 0 0 1
    outer loop
      vertex -24 15 5
      vertex -18.34901828641395 28.825017437043265 5
      vertex -18.42995330416011 28.891439089542878 5
    endloop
  endfacet
  facet normal 0 0 1
    outer loop
      vertex -24 15 5
      vertex -18.263912372831363 28.76403140182517 5
      vertex -18.34901828641395 28.825017437043265 5
    endloop
  endfacet
  facet normal 0 0 1
    outer loop
      vertex -24 15 5
      vertex -18.175 28.70874213545414 5
      vertex -18.263912372831363 28.76403140182517 5
    endloop
  endfacet
  facet normal 0 0 1
    outer loop
      vertex -24 15 5
      vertex -17.987293491784143 28.616175529491183 5
      vertex -18.082661904350402 28.65938639505694 5
    endloop
  endfacet
  facet normal 0 0 1
    outer loop
      vertex -24 15 5
      vertex -18.082661904350402 28.65938639505694 5
      vertex -18.175 28.70874213545414 5
    endloop
  endfacet
  facet normal 0 0 1
    outer loop
      vertex -24 15 5
      vertex -17.88930314448506 28.579294574317075 5
      vertex -17.987293491784143 28.616175529491183 5
    endloop
  endfacet
  facet normal 0 0 1
    outer loop
      vertex -24 15 5
      vertex -18.70535137968407 29.20547040867788 5
      vertex -18.7606406460551 29.294382781509242 5
    endloop
  endfacet
  facet normal 0 0 1
    outer loop
      vertex -24 15 5
      vertex -18.644365344465974 29.120364495095288 5
      vertex -18.70535137968407 29.20547040867788 5
    endloop
  endfacet
  facet normal 0 0 1
    outer loop
      vertex -24 15 5
      vertex -18.577943691966365 29.03942947734913 5
      vertex -18.644365344465974 29.120364495095288 5
    endloop
  endfacet
  facet normal 0 0 1
    outer loop
      vertex -22.77837955380369 34.09025410440435 5
      vertex -18.94425644864517 30.40652729673505 5
      vertex -18.92048132206251 30.508493253673276 5
    endloop
  endfacet
  facet normal 0 0 1
    outer loop
      vertex -22.77837955380369 34.09025410440435 5
      vertex -18.92048132206251 30.508493253673276 5
      vertex -18.890088207192168 30.6086859259943 5
    endloop
  endfacet
  facet normal 0 0 1
    outer loop
      vertex -22.77837955380369 34.09025410440435 5
      vertex -18.890088207192168 30.6086859259943 5
      vertex -18.85320725201806 30.706676273293386 5
    endloop
  endfacet
  facet normal 0 0 1
    outer loop
      vertex -22.77837955380369 34.09025410440435 5
      vertex -18.85320725201806 30.706676273293386 5
      vertex -18.8099963864523 30.802044685859645 5
    endloop
  endfacet
  facet normal 0 0 1
    outer loop
      vertex -22.77837955380369 34.09025410440435 5
      vertex -18.8099963864523 30.802044685859645 5
      vertex -18.7606406460551 30.894382781509243 5
    endloop
  endfacet
  facet normal 0 0 1
    outer loop
      vertex -22.77837955380369 34.09025410440435 5
      vertex -18.7606406460551 30.894382781509243 5
      vertex -18.70535137968407 30.983295154340606 5
    endloop
  endfacet
  facet normal 0 0 1
    outer loop
      vertex -22.77837955380369 34.09025410440435 5
      vertex -18.70535137968407 30.983295154340606 5
      vertex -18.644365344465974 31.068401067923197 5
    endloop
  endfacet
  facet normal 0 0 1
    outer loop
      vertex -22.77837955380369 34.09025410440435 5
      vertex -18.644365344465974 31.068401067923197 5
      vertex -18.577943691966365 31.149336085669354 5
    endloop
  endfacet
  facet normal 0 0 1
    outer loop
      vertex -22.77837955380369 34.09025410440435 5
      vertex -18.577943691966365 31.149336085669354 5
      vertex -18.506370849898477 31.22575363140772 5
    endloop
  endfacet
  facet normal 0 0 1
    outer loop
      vertex -22.77837955380369 34.09025410440435 5
      vertex -18.506370849898477 31.22575363140772 5
      vertex -18.42995330416011 31.297326473475607 5
    endloop
  endfacet
  facet normal 0 0 1
    outer loop
      vertex -22.77837955380369 34.09025410440435 5
      vertex -18.42995330416011 31.297326473475607 5
      vertex -18.34901828641395 31.36374812597522 5
    endloop
  endfacet
  facet normal 0 0 1
    outer loop
      vertex -22.77837955380369 34.09025410440435 5
      vertex -18.34901828641395 31.36374812597522 5
      vertex -18.263912372831363 31.424734161193314 5
    endloop
  endfacet
  facet normal 0 0 1
    outer loop
      vertex -22.77837955380369 34.09025410440435 5
      vertex -18.263912372831363 31.424734161193314 5
      vertex -18.175 31.480023427564344 5
    endloop
  endfacet
  facet normal 0 0 1
    outer loop
      vertex -22.77837955380369 34.09025410440435 5
      vertex -18.175 31.480023427564344 5
      vertex -18.082661904350402 31.529379167961544 5
    endloop
  endfacet
  facet normal 0 0 1
    outer loop
      vertex -22.77837955380369 34.09025410440435 5
      vertex -18.082661904350402 31.529379167961544 5
      vertex -17.987293491784143 31.5725900335273 5
    endloop
  endfacet
  facet normal 0 0 1
    outer loop
      vertex -22.77837955380369 34.09025410440435 5
      vertex -17.987293491784143 31.5725900335273 5
      vertex -17.88930314448506 31.60947098870141 5
    endloop
  endfacet
  facet normal 0 0 1
    outer loop
      vertex -22.77837955380369 34.09025410440435 5
      vertex -17.88930314448506 31.60947098870141 5
      vertex -17.789110472164033 31.639864103571753 5
    endloop
  endfacet
  facet normal 0 0 1
    outer loop
      vertex -22.77837955380369 34.09025410440435 5
      vertex -17.789110472164033 31.639864103571753 5
      vertex -17.687144515225807 31.663639230154413 5
    endloop
  endfacet
  facet normal 0 0 1
    outer loop
      vertex -22.77837955380369 34.09025410440435 5
      vertex -17.687144515225807 31.663639230154413 5
      vertex -17.58384190755208 31.68069455970734 5
    endloop
  endfacet
  facet normal 0 0 1
    outer loop
      vertex -22.77837955380369 34.09025410440435 5
      vertex -17.58384190755208 31.68069455970734 5
      vertex -17.47964500676823 31.69095705869101 5
    endloop
  endfacet
  facet normal 0 0 1
    outer loop
      vertex -22.77837955380369 34.09025410440435 5
      vertex -17.47964500676823 31.69095705869101 5
      vertex -17.375 31.694382781509244 5
    endloop
  endfacet
  facet normal 0 0 1
    outer loop
      vertex -22.77837955380369 34.09025410440435 5
      vertex -17.375 31.694382781509244 5
      vertex -17.27035499323177 31.69095705869101 5
    endloop
  endfacet
  facet normal 0 0 1
    outer loop
      vertex -22.77837955380369 34.09025410440435 5
      vertex -17.27035499323177 31.69095705869101 5
      vertex -17.16615809244792 31.68069455970734 5
    endloop
  endfacet
  facet normal 0 0 1
    outer loop
      vertex -22.77837955380369 34.09025410440435 5
      vertex -17.16615809244792 31.68069455970734 5
      vertex -17.062855484774193 31.663639230154413 5
    endloop
  endfacet
  facet normal 0 0 1
    outer loop
      vertex -22.77837955380369 34.09025410440435 5
      vertex -17.062855484774193 31.663639230154413 5
      vertex -16.960889527835967 31.639864103571753 5
    endloop
  endfacet
  facet normal 0 0 1
    outer loop
      vertex -22.77837955380369 34.09025410440435 5
      vertex -16.960889527835967 31.639864103571753 5
      vertex -16.86069685551494 31.60947098870141 5
    endloop
  endfacet
  facet normal 0 0 1
    outer loop
      vertex -22.77837955380369 34.09025410440435 5
      vertex -16.86069685551494 31.60947098870141 5
      vertex -16.762706508215857 31.5725900335273 5
    endloop
  endfacet
  facet normal 0 0 1
    outer loop
      vertex -22.77837955380369 34.09025410440435 5
      vertex -16.762706508215857 31.5725900335273 5
      vertex 24 15 5
    endloop
  endfacet
  facet normal 0 0 1
    outer loop
      vertex -22.77837955380369 34.09025410440435 5
      vertex 24 15 5
      vertex -20.5 35.50704155516198 5
    endloop
  endfacet
  facet normal 0 0 1
    outer loop
      vertex 24 15 5
      vertex -17.789110472164033 28.548901459446732 5
      vertex -17.88930314448506 28.579294574317075 5
    endloop
  endfacet
  facet normal 0 0 1
    outer loop
      vertex 24 15 5
      vertex -17.58384190755208 28.508071003311144 5
      vertex -17.687144515225807 28.525126332864073 5
    endloop
  endfacet
  facet normal 0 0 1
    outer loop
      vertex 24 15 5
      vertex -17.47964500676823 28.497808504327477 5
      vertex -17.58384190755208 28.508071003311144 5
    endloop
  endfacet
  facet normal 0 0 1
    outer loop
      vertex 24 15 5
      vertex -17.375 28.49438278150924 5
      vertex -17.47964500676823 28.497808504327477 5
    endloop
  endfacet
  facet normal 0 0 1
    outer loop
      vertex 24 15 5
      vertex -17.27035499323177 28.497808504327477 5
      vertex -17.375 28.49438278150924 5
    endloop
  endfacet
  facet normal 0 0 1
    outer loop
      vertex 24 15 5
      vertex -17.687144515225807 28.525126332864073 5
      vertex -17.789110472164033 28.548901459446732 5
    endloop
  endfacet
  facet normal 0 0 1
    outer loop
      vertex 24 15 5
      vertex -17.16615809244792 28.508071003311144 5
      vertex -17.27035499323177 28.497808504327477 5
    endloop
  endfacet
  facet normal 0 0 1
    outer loop
      vertex 24 15 5
      vertex -17.062855484774193 28.525126332864073 5
      vertex -17.16615809244792 28.508071003311144 5
    endloop
  endfacet
  facet normal 0 0 1
    outer loop
      vertex 24 15 5
      vertex -16.960889527835967 28.548901459446732 5
      vertex -17.062855484774193 28.525126332864073 5
    endloop
  endfacet
  facet normal 0 0 1
    outer loop
      vertex 24 15 5
      vertex -16.86069685551494 28.579294574317075 5
      vertex -16.960889527835967 28.548901459446732 5
    endloop
  endfacet
  facet normal 0 0 1
    outer loop
      vertex 24 15 5
      vertex -16.762706508215857 28.616175529491183 5
      vertex -16.86069685551494 28.579294574317075 5
    endloop
  endfacet
  facet normal 0 0 1
    outer loop
      vertex 24 15 5
      vertex -16.667338095649598 28.65938639505694 5
      vertex -16.762706508215857 28.616175529491183 5
    endloop
  endfacet
  facet normal 0 0 1
    outer loop
      vertex 24 15 5
      vertex -16.575 28.70874213545414 5
      vertex -16.667338095649598 28.65938639505694 5
    endloop
  endfacet
  facet normal 0 0 1
    outer loop
      vertex 24 15 5
      vertex -16.486087627168637 28.76403140182517 5
      vertex -16.575 28.70874213545414 5
    endloop
  endfacet
  facet normal 0 0 1
    outer loop
      vertex 24 15 5
      vertex -16.40098171358605 28.825017437043265 5
      vertex -16.486087627168637 28.76403140182517 5
    endloop
  endfacet
  facet normal 0 0 1
    outer loop
      vertex 24 15 5
      vertex -16.32004669583989 28.891439089542878 5
      vertex -16.40098171358605 28.825017437043265 5
    endloop
  endfacet
  facet normal 0 0 1
    outer loop
      vertex 24 15 5
      vertex -16.243629150101523 28.963011931610765 5
      vertex -16.32004669583989 28.891439089542878 5
    endloop
  endfacet
  facet normal 0 0 1
    outer loop
      vertex 24 15 5
      vertex -16.172056308033635 29.03942947734913 5
      vertex -16.243629150101523 28.963011931610765 5
    endloop
  endfacet
  facet normal 0 0 1
    outer loop
      vertex 24 15 5
      vertex -16.105634655534026 29.120364495095288 5
      vertex -16.172056308033635 29.03942947734913 5
    endloop
  endfacet
  facet normal 0 0 1
    outer loop
      vertex 24 15 5
      vertex -15.989359353944899 29.294382781509242 5
      vertex -16.04464862031593 29.20547040867788 5
    endloop
  endfacet
  facet normal 0 0 1
    outer loop
      vertex 24 15 5
      vertex -16.04464862031593 29.20547040867788 5
      vertex -16.105634655534026 29.120364495095288 5
    endloop
  endfacet
  facet normal 0 0 1
    outer loop
      vertex 24 15 5
      vertex -15.940003613547699 29.38672087715884 5
      vertex -15.989359353944899 29.294382781509242 5
    endloop
  endfacet
  facet normal 0 0 1
    outer loop
      vertex 24 15 5
      vertex -15.89679274798194 29.4820892897251 5
      vertex -15.940003613547699 29.38672087715884 5
    endloop
  endfacet
  facet normal 0 0 1
    outer loop
      vertex 24 15 5
      vertex -15.85991179280783 29.580079637024184 5
      vertex -15.89679274798194 29.4820892897251 5
    endloop
  endfacet
  facet normal 0 0 1
    outer loop
      vertex 24 15 5
      vertex -15.829518677937491 29.68027230934521 5
      vertex -15.85991179280783 29.580079637024184 5
    endloop
  endfacet
  facet normal 0 0 1
    outer loop
      vertex 24 15 5
      vertex -15.85991179280783 30.6086859259943 5
      vertex -15.829518677937491 30.508493253673276 5
    endloop
  endfacet
  facet normal 0 0 1
    outer loop
      vertex 24 15 5
      vertex -15.89679274798194 30.706676273293386 5
      vertex -15.85991179280783 30.6086859259943 5
    endloop
  endfacet
  facet normal 0 0 1
    outer loop
      vertex 24 15 5
      vertex -15.989359353944899 30.894382781509243 5
      vertex -15.940003613547699 30.802044685859645 5
    endloop
  endfacet
  facet normal 0 0 1
    outer loop
      vertex 24 15 5
      vertex -15.940003613547699 30.802044685859645 5
      vertex -15.89679274798194 30.706676273293386 5
    endloop
  endfacet
  facet normal 0 0 1
    outer loop
      vertex 24 15 5
      vertex -15.805743551354832 29.782238266283436 5
      vertex -15.829518677937491 29.68027230934521 5
    endloop
  endfacet
  facet normal 0 0 1
    outer loop
      vertex 24 15 5
      vertex -15.788688221801904 29.88554087395716 5
      vertex -15.805743551354832 29.782238266283436 5
    endloop
  endfacet
  facet normal 0 0 1
    outer loop
      vertex 24 15 5
      vertex -15.778425722818234 29.989737774741013 5
      vertex -15.788688221801904 29.88554087395716 5
    endloop
  endfacet
  facet normal 0 0 1
    outer loop
      vertex 24 15 5
      vertex -15.775 30.094382781509243 5
      vertex -15.778425722818234 29.989737774741013 5
    endloop
  endfacet
  facet normal 0 0 1
    outer loop
      vertex 24 15 5
      vertex -15.778425722818234 30.199027788277473 5
      vertex -15.775 30.094382781509243 5
    endloop
  endfacet
  facet normal 0 0 1
    outer loop
      vertex 24 15 5
      vertex -15.788688221801904 30.303224689061324 5
      vertex -15.778425722818234 30.199027788277473 5
    endloop
  endfacet
  facet normal 0 0 1
    outer loop
      vertex 24 15 5
      vertex -15.805743551354832 30.40652729673505 5
      vertex -15.788688221801904 30.303224689061324 5
    endloop
  endfacet
  facet normal 0 0 1
    outer loop
      vertex 24 15 5
      vertex -15.829518677937491 30.508493253673276 5
      vertex -15.805743551354832 30.40652729673505 5
    endloop
  endfacet
  facet normal 0 0 1
    outer loop
      vertex 24 15 5
      vertex -16.40098171358605 31.36374812597522 5
      vertex -16.32004669583989 31.297326473475607 5
    endloop
  endfacet
  facet normal 0 0 1
    outer loop
      vertex 24 15 5
      vertex -16.486087627168637 31.424734161193314 5
      vertex -16.40098171358605 31.36374812597522 5
    endloop
  endfacet
  facet normal 0 0 1
    outer loop
      vertex 24 15 5
      vertex -16.762706508215857 31.5725900335273 5
      vertex -16.667338095649598 31.529379167961544 5
    endloop
  endfacet
  facet normal 0 0 1
    outer loop
      vertex 24 15 5
      vertex -16.667338095649598 31.529379167961544 5
      vertex -16.575 31.480023427564344 5
    endloop
  endfacet
  facet normal 0 0 1
    outer loop
      vertex 24 15 5
      vertex -16.575 31.480023427564344 5
      vertex -16.486087627168637 31.424734161193314 5
    endloop
  endfacet
  facet normal 0 0 1
    outer loop
      vertex 24 15 5
      vertex -16.172056308033635 31.149336085669354 5
      vertex -16.105634655534026 31.068401067923197 5
    endloop
  endfacet
  facet normal 0 0 1
    outer loop
      vertex 24 15 5
      vertex -16.243629150101523 31.22575363140772 5
      vertex -16.172056308033635 31.149336085669354 5
    endloop
  endfacet
  facet normal 0 0 1
    outer loop
      vertex 24 15 5
      vertex -16.32004669583989 31.297326473475607 5
      vertex -16.243629150101523 31.22575363140772 5
    endloop
  endfacet
  facet normal 0 0 1
    outer loop
      vertex 24 15 5
      vertex -16.04464862031593 30.983295154340606 5
      vertex -15.989359353944899 30.894382781509243 5
    endloop
  endfacet
  facet normal 0 0 1
    outer loop
      vertex 24 15 5
      vertex -16.105634655534026 31.068401067923197 5
      vertex -16.04464862031593 30.983295154340606 5
    endloop
  endfacet
  facet normal 0 0 1
    outer loop
      vertex -20.5 35.50704155516198 5
      vertex 24 15 5
      vertex -18.133836298979052 36.771782402840216 5
    endloop
  endfacet
  facet normal 0 0 1
    outer loop
      vertex -18.133836298979052 36.771782402840216 5
      vertex 24 15 5
      vertex -15.690020726968681 37.87906083296276 5
    endloop
  endfacet
  facet normal 0 0 1
    outer loop
      vertex -15.690020726968681 37.87906083296276 5
      vertex 24 15 5
      vertex -13.179018077429625 38.824135309299336 5
    endloop
  endfacet
  facet normal 0 0 -1
    outer loop
      vertex -2.6815282984358655 -40.912215852782744 0
      vertex 5 -30 0
      vertex 0 -41 0
    endloop
  endfacet
  facet normal 0 0 -1
    outer loop
      vertex 0 -41 0
      vertex 5 -30 0
      vertex 2.6815282984358655 -40.912215852782744 0
    endloop
  endfacet
  facet normal 0 0 -1
    outer loop
      vertex 2.6815282984358655 -40.912215852782744 0
      vertex 5 -30 0
      vertex 5.351573881022114 -40.649239316326224 0
    endloop
  endfacet
  facet normal 0.03271908282177616 -0.9994645874763656 -9.421357076896625e-19
    outer loop
      vertex 0 -41 0
      vertex 2.6815282984358655 -40.912215852782744 0
      vertex 2.6815282984358655 -40.912215852782744 5
    endloop
  endfacet
  facet normal 0.09801714032956184 -0.9951847266721967 -2.195590663496606e-18
    outer loop
      vertex 2.6815282984358655 -40.912215852782744 0
      vertex 5.351573881022114 -40.649239316326224 0
      vertex 5.351573881022114 -40.649239316326224 5
    endloop
  endfacet
  facet normal 0.16289547339458713 -0.9866433320848792 3.0360510082111784e-18
    outer loop
      vertex 5.351573881022114 -40.649239316326224 0
      vertex 7.998703202661258 -40.21219649653245 0
      vertex 7.998703202661258 -40.21219649653245 5
    endloop
  endfacet
  facet normal 0.22707626303437442 -0.9738769792773334 -2.357816746745561e-18
    outer loop
      vertex 7.998703202661258 -40.21219649653245 0
      vertex 10.61158084920335 -39.6029588778518 0
      vertex 10.61158084920335 -39.6029588778518 5
    endloop
  endfacet
  facet normal 0 0 -1
    outer loop
      vertex 15.690020726968681 -37.87906083296276 0
      vertex 16.105634655534026 -31.068401067923197 0
      vertex 16.172056308033635 -31.149336085669354 0
    endloop
  endfacet
  facet normal 0 0 -1
    outer loop
      vertex 15.690020726968681 -37.87906083296276 0
      vertex 16.32004669583989 -31.297326473475607 0
      vertex 16.40098171358605 -31.36374812597522 0
    endloop
  endfacet
  facet normal 0 0 -1
    outer loop
      vertex 15.690020726968681 -37.87906083296276 0
      vertex 16.172056308033635 -31.149336085669354 0
      vertex 16.243629150101523 -31.22575363140772 0
    endloop
  endfacet
  facet normal 0 0 -1
    outer loop
      vertex 15.690020726968681 -37.87906083296276 0
      vertex 16.243629150101523 -31.22575363140772 0
      vertex 16.32004669583989 -31.297326473475607 0
    endloop
  endfacet
  facet normal 0 0 -1
    outer loop
      vertex 15.690020726968681 -37.87906083296276 0
      vertex 16.40098171358605 -31.36374812597522 0
      vertex 16.486087627168637 -31.424734161193314 0
    endloop
  endfacet
  facet normal 0 0 -1
    outer loop
      vertex 15.690020726968681 -37.87906083296276 0
      vertex 16.486087627168637 -31.424734161193314 0
      vertex 16.575 -31.480023427564344 0
    endloop
  endfacet
  facet normal 0 0 -1
    outer loop
      vertex 15.690020726968681 -37.87906083296276 0
      vertex 16.575 -31.480023427564344 0
      vertex 16.667338095649598 -31.529379167961544 0
    endloop
  endfacet
  facet normal 0 0 -1
    outer loop
      vertex 15.690020726968681 -37.87906083296276 0
      vertex 16.667338095649598 -31.529379167961544 0
      vertex 16.762706508215857 -31.5725900335273 0
    endloop
  endfacet
  facet normal 0 0 -1
    outer loop
      vertex 15.690020726968681 -37.87906083296276 0
      vertex 16.762706508215857 -31.5725900335273 0
      vertex 16.86069685551494 -31.60947098870141 0
    endloop
  endfacet
  facet normal 0 0 -1
    outer loop
      vertex 15.690020726968681 -37.87906083296276 0
      vertex 16.960889527835967 -31.639864103571753 0
      vertex 17.062855484774193 -31.663639230154413 0
    endloop
  endfacet
  facet normal 0 0 -1
    outer loop
      vertex 15.690020726968681 -37.87906083296276 0
      vertex 16.86069685551494 -31.60947098870141 0
      vertex 16.960889527835967 -31.639864103571753 0
    endloop
  endfacet
  facet normal 0 0 -1
    outer loop
      vertex 15.690020726968681 -37.87906083296276 0
      vertex 17.062855484774193 -31.663639230154413 0
      vertex 17.16615809244792 -31.68069455970734 0
    endloop
  endfacet
  facet normal 0 0 -1
    outer loop
      vertex 15.690020726968681 -37.87906083296276 0
      vertex 17.27035499323177 -31.69095705869101 0
      vertex 18.133836298979052 -36.771782402840216 0
    endloop
  endfacet
  facet normal 0 0 -1
    outer loop
      vertex 15.690020726968681 -37.87906083296276 0
      vertex 17.16615809244792 -31.68069455970734 0
      vertex 17.27035499323177 -31.69095705869101 0
    endloop
  endfacet
  facet normal 0 0 -1
    outer loop
      vertex 18.133836298979052 -36.771782402840216 0
      vertex 17.27035499323177 -31.69095705869101 0
      vertex 17.375 -31.694382781509244 0
    endloop
  endfacet
  facet normal 0 0 -1
    outer loop
      vertex 18.133836298979052 -36.771782402840216 0
      vertex 17.375 -31.694382781509244 0
      vertex 17.47964500676823 -31.69095705869101 0
    endloop
  endfacet
  facet normal 0 0 -1
    outer loop
      vertex 18.133836298979052 -36.771782402840216 0
      vertex 17.47964500676823 -31.69095705869101 0
      vertex 17.58384190755208 -31.68069455970734 0
    endloop
  endfacet
  facet normal 0 0 -1
    outer loop
      vertex 18.133836298979052 -36.771782402840216 0
      vertex 17.58384190755208 -31.68069455970734 0
      vertex 17.687144515225807 -31.663639230154413 0
    endloop
  endfacet
  facet normal 0 0 -1
    outer loop
      vertex 18.133836298979052 -36.771782402840216 0
      vertex 17.789110472164033 -31.639864103571753 0
      vertex 17.88930314448506 -31.60947098870141 0
    endloop
  endfacet
  facet normal 0 0 -1
    outer loop
      vertex 18.133836298979052 -36.771782402840216 0
      vertex 17.687144515225807 -31.663639230154413 0
      vertex 17.789110472164033 -31.639864103571753 0
    endloop
  endfacet
  facet normal 0 0 -1
    outer loop
      vertex 15.690020726968681 -37.87906083296276 0
      vertex 15.89679274798194 -30.706676273293386 0
      vertex 15.940003613547699 -30.802044685859645 0
    endloop
  endfacet
  facet normal 0 0 -1
    outer loop
      vertex 15.690020726968681 -37.87906083296276 0
      vertex 15.85991179280783 -30.6086859259943 0
      vertex 15.89679274798194 -30.706676273293386 0
    endloop
  endfacet
  facet normal 0 0 -1
    outer loop
      vertex 15.690020726968681 -37.87906083296276 0
      vertex 15.829518677937491 -30.508493253673276 0
      vertex 15.85991179280783 -30.6086859259943 0
    endloop
  endfacet
  facet normal 0 0 -1
    outer loop
      vertex 15.690020726968681 -37.87906083296276 0
      vertex 15.989359353944899 -30.894382781509243 0
      vertex 16.04464862031593 -30.983295154340606 0
    endloop
  endfacet
  facet normal 0 0 -1
    outer loop
      vertex 15.690020726968681 -37.87906083296276 0
      vertex 15.940003613547699 -30.802044685859645 0
      vertex 15.989359353944899 -30.894382781509243 0
    endloop
  endfacet
  facet normal 0 0 -1
    outer loop
      vertex 15.690020726968681 -37.87906083296276 0
      vertex 16.04464862031593 -30.983295154340606 0
      vertex 16.105634655534026 -31.068401067923197 0
    endloop
  endfacet
  facet normal 0 0 -1
    outer loop
      vertex 15.690020726968681 -37.87906083296276 0
      vertex 15.805743551354832 -30.40652729673505 0
      vertex 15.829518677937491 -30.508493253673276 0
    endloop
  endfacet
  facet normal 0 0 -1
    outer loop
      vertex 15.690020726968681 -37.87906083296276 0
      vertex 15.788688221801904 -30.303224689061324 0
      vertex 15.805743551354832 -30.40652729673505 0
    endloop
  endfacet
  facet normal 0 0 -1
    outer loop
      vertex 15.690020726968681 -37.87906083296276 0
      vertex 15.778425722818234 -30.199027788277473 0
      vertex 15.788688221801904 -30.303224689061324 0
    endloop
  endfacet
  facet normal 0 0 -1
    outer loop
      vertex 15.690020726968681 -37.87906083296276 0
      vertex 15.775 -30.094382781509243 0
      vertex 15.778425722818234 -30.199027788277473 0
    endloop
  endfacet
  facet normal 0 0 -1
    outer loop
      vertex 18.133836298979052 -36.771782402840216 0
      vertex 17.88930314448506 -31.60947098870141 0
      vertex 17.987293491784143 -31.5725900335273 0
    endloop
  endfacet
  facet normal 0 0 -1
    outer loop
      vertex 18.133836298979052 -36.771782402840216 0
      vertex 18.34901828641395 -31.36374812597522 0
      vertex 20.5 -35.50704155516198 0
    endloop
  endfacet
  facet normal 0 0 -1
    outer loop
      vertex 18.133836298979052 -36.771782402840216 0
      vertex 17.987293491784143 -31.5725900335273 0
      vertex 18.082661904350402 -31.529379167961544 0
    endloop
  endfacet
  facet normal 0 0 -1
    outer loop
      vertex 18.133836298979052 -36.771782402840216 0
      vertex 18.082661904350402 -31.529379167961544 0
      vertex 18.175 -31.480023427564344 0
    endloop
  endfacet
  facet normal 0 0 -1
    outer loop
      vertex 18.133836298979052 -36.771782402840216 0
      vertex 18.263912372831363 -31.424734161193314 0
      vertex 18.34901828641395 -31.36374812597522 0
    endloop
  endfacet
  facet normal 0 0 -1
    outer loop
      vertex 18.133836298979052 -36.771782402840216 0
      vertex 18.175 -31.480023427564344 0
      vertex 18.263912372831363 -31.424734161193314 0
    endloop
  endfacet
  facet normal 0 0 -1
    outer loop
      vertex 20.5 -35.50704155516198 0
      vertex 18.34901828641395 -31.36374812597522 0
      vertex 18.42995330416011 -31.297326473475607 0
    endloop
  endfacet
  facet normal 0 0 -1
    outer loop
      vertex 20.5 -35.50704155516198 0
      vertex 18.42995330416011 -31.297326473475607 0
      vertex 18.506370849898477 -31.22575363140772 0
    endloop
  endfacet
  facet normal 0 0 -1
    outer loop
      vertex 20.5 -35.50704155516198 0
      vertex 18.506370849898477 -31.22575363140772 0
      vertex 18.577943691966365 -31.149336085669354 0
    endloop
  endfacet
  facet normal 0 0 -1
    outer loop
      vertex 20.5 -35.50704155516198 0
      vertex 18.577943691966365 -31.149336085669354 0
      vertex 18.644365344465974 -31.068401067923197 0
    endloop
  endfacet
  facet normal 0 0 -1
    outer loop
      vertex 20.5 -35.50704155516198 0
      vertex 18.644365344465974 -31.068401067923197 0
      vertex 18.70535137968407 -30.983295154340606 0
    endloop
  endfacet
  facet normal 0 0 -1
    outer loop
      vertex 20.5 -35.50704155516198 0
      vertex 18.70535137968407 -30.983295154340606 0
      vertex 18.7606406460551 -30.894382781509243 0
    endloop
  endfacet
  facet normal 0 0 -1
    outer loop
      vertex 20.5 -35.50704155516198 0
      vertex 18.7606406460551 -30.894382781509243 0
      vertex 18.8099963864523 -30.802044685859645 0
    endloop
  endfacet
  facet normal 0 0 -1
    outer loop
      vertex 20.5 -35.50704155516198 0
      vertex 18.8099963864523 -30.802044685859645 0
      vertex 18.85320725201806 -30.706676273293386 0
    endloop
  endfacet
  facet normal 0 0 -1
    outer loop
      vertex 20.5 -35.50704155516198 0
      vertex 18.85320725201806 -30.706676273293386 0
      vertex 18.890088207192168 -30.6086859259943 0
    endloop
  endfacet
  facet normal 0 0 -1
    outer loop
      vertex 20.5 -35.50704155516198 0
      vertex 18.890088207192168 -30.6086859259943 0
      vertex 18.92048132206251 -30.508493253673276 0
    endloop
  endfacet
  facet normal 0 0 -1
    outer loop
      vertex 20.5 -35.50704155516198 0
      vertex 18.92048132206251 -30.508493253673276 0
      vertex 18.94425644864517 -30.40652729673505 0
    endloop
  endfacet
  facet normal 0 0 -1
    outer loop
      vertex 20.5 -35.50704155516198 0
      vertex 18.94425644864517 -30.40652729673505 0
      vertex 18.961311778198098 -30.303224689061324 0
    endloop
  endfacet
  facet normal 0 0 -1
    outer loop
      vertex 20.5 -35.50704155516198 0
      vertex 18.961311778198098 -30.303224689061324 0
      vertex 18.971574277181766 -30.199027788277473 0
    endloop
  endfacet
  facet normal 0 0 -1
    outer loop
      vertex 20.5 -35.50704155516198 0
      vertex 18.971574277181766 -30.199027788277473 0
      vertex 18.975 -30.094382781509243 0
    endloop
  endfacet
  facet normal 0 0 -1
    outer loop
      vertex 20.5 -35.50704155516198 0
      vertex 18.971574277181766 -29.989737774741013 0
      vertex 18.961311778198098 -29.88554087395716 0
    endloop
  endfacet
  facet normal 0 0 -1
    outer loop
      vertex 20.5 -35.50704155516198 0
      vertex 18.975 -30.094382781509243 0
      vertex 18.971574277181766 -29.989737774741013 0
    endloop
  endfacet
  facet normal 0 0 -1
    outer loop
      vertex 20.5 -35.50704155516198 0
      vertex 18.961311778198098 -29.88554087395716 0
      vertex 18.94425644864517 -29.782238266283436 0
    endloop
  endfacet
  facet normal 0 0 -1
    outer loop
      vertex 20.5 -35.50704155516198 0
      vertex 18.94425644864517 -29.782238266283436 0
      vertex 18.92048132206251 -29.68027230934521 0
    endloop
  endfacet
  facet normal 0.29028467725446 -0.9569403357322096 7.476925750150317e-18
    outer loop
      vertex 10.61158084920335 -39.6029588778518 0
      vertex 13.179018077429625 -38.824135309299336 0
      vertex 13.179018077429625 -38.824135309299336 5
    endloop
  endfacet
  facet normal 0.35225004792123465 -0.9359059267573253 5.5742598873511865e-18
    outer loop
      vertex 13.179018077429625 -38.824135309299336 0
      vertex 15.690020726968681 -37.87906083296276 0
      vertex 15.690020726968681 -37.87906083296276 5
    endloop
  endfacet
  facet normal 0.41270702980439633 -0.910863824921175 -1.1516464999668257e-17
    outer loop
      vertex 15.690020726968681 -37.87906083296276 0
      vertex 18.133836298979052 -36.771782402840216 0
      vertex 18.133836298979052 -36.771782402840216 5
    endloop
  endfacet
  facet normal 0.4713967368259967 -0.8819212643483555 -7.316660890180454e-18
    outer loop
      vertex 18.133836298979052 -36.771782402840216 0
      vertex 20.5 -35.50704155516198 0
      vertex 20.5 -35.50704155516198 5
    endloop
  endfacet
  facet normal 0 0 -1
    outer loop
      vertex 20.5 -35.50704155516198 0
      vertex 18.92048132206251 -29.68027230934521 0
      vertex 20.51430314448506 -12.01508820719217 0
    endloop
  endfacet
  facet normal 0 0 -1
    outer loop
      vertex 19.02598171358605 -11.769365344465976 0
      vertex 18.263912372831363 -28.76403140182517 0
      vertex 18.175 -28.70874213545414 0
    endloop
  endfacet
  facet normal 0 0 -1
    outer loop
      vertex 19.02598171358605 -11.769365344465976 0
      vertex 18.34901828641395 -28.825017437043265 0
      vertex 18.263912372831363 -28.76403140182517 0
    endloop
  endfacet
  facet normal 0 0 -1
    outer loop
      vertex 20.51430314448506 -12.01508820719217 0
      vertex 18.42995330416011 -28.891439089542878 0
      vertex 18.34901828641395 -28.825017437043265 0
    endloop
  endfacet
  facet normal 0 0 -1
    outer loop
      vertex 20.51430314448506 -12.01508820719217 0
      vertex 18.577943691966365 -29.03942947734913 0
      vertex 18.506370849898477 -28.963011931610765 0
    endloop
  endfacet
  facet normal 0 0 -1
    outer loop
      vertex 20.51430314448506 -12.01508820719217 0
      vertex 18.506370849898477 -28.963011931610765 0
      vertex 18.42995330416011 -28.891439089542878 0
    endloop
  endfacet
  facet normal 0 0 -1
    outer loop
      vertex 20.51430314448506 -12.01508820719217 0
      vertex 18.92048132206251 -29.68027230934521 0
      vertex 18.890088207192168 -29.580079637024184 0
    endloop
  endfacet
  facet normal 0 0 -1
    outer loop
      vertex 20.51430314448506 -12.01508820719217 0
      vertex 18.8099963864523 -29.38672087715884 0
      vertex 18.7606406460551 -29.294382781509242 0
    endloop
  endfacet
  facet normal 0 0 -1
    outer loop
      vertex 20.51430314448506 -12.01508820719217 0
      vertex 18.644365344465974 -29.120364495095288 0
      vertex 18.577943691966365 -29.03942947734913 0
    endloop
  endfacet
  facet normal 0 0 -1
    outer loop
      vertex 20.51430314448506 -12.01508820719217 0
      vertex 18.70535137968407 -29.20547040867788 0
      vertex 18.644365344465974 -29.120364495095288 0
    endloop
  endfacet
  facet normal 0 0 -1
    outer loop
      vertex 20.51430314448506 -12.01508820719217 0
      vertex 18.7606406460551 -29.294382781509242 0
      vertex 18.70535137968407 -29.20547040867788 0
    endloop
  endfacet
  facet normal 0 0 -1
    outer loop
      vertex 20.51430314448506 -12.01508820719217 0
      vertex 18.85320725201806 -29.4820892897251 0
      vertex 18.8099963864523 -29.38672087715884 0
    endloop
  endfacet
  facet normal 0 0 -1
    outer loop
      vertex 20.51430314448506 -12.01508820719217 0
      vertex 18.890088207192168 -29.580079637024184 0
      vertex 18.85320725201806 -29.4820892897251 0
    endloop
  endfacet
  facet normal 0 0 -1
    outer loop
      vertex 19.02598171358605 -11.769365344465976 0
      vertex 18.175 -28.70874213545414 0
      vertex 18.082661904350402 -28.65938639505694 0
    endloop
  endfacet
  facet normal 0.03271908282177616 -0.9994645874763656 0
    outer loop
      vertex 0 -41 0
      vertex 2.6815282984358655 -40.912215852782744 5
      vertex 0 -41 5
    endloop
  endfacet
  facet normal 0.09801714032956184 -0.9951847266721967 0
    outer loop
      vertex 2.6815282984358655 -40.912215852782744 0
      vertex 5.351573881022114 -40.649239316326224 5
      vertex 2.6815282984358655 -40.912215852782744 5
    endloop
  endfacet
  facet normal 0.16289547339458713 -0.9866433320848792 0
    outer loop
      vertex 5.351573881022114 -40.649239316326224 0
      vertex 7.998703202661258 -40.21219649653245 5
      vertex 5.351573881022114 -40.649239316326224 5
    endloop
  endfacet
  facet normal 0.22707626303437442 -0.9738769792773334 0
    outer loop
      vertex 7.998703202661258 -40.21219649653245 0
      vertex 10.61158084920335 -39.6029588778518 5
      vertex 7.998703202661258 -40.21219649653245 5
    endloop
  endfacet
  facet normal 0.29028467725446 -0.9569403357322096 0
    outer loop
      vertex 10.61158084920335 -39.6029588778518 0
      vertex 13.179018077429625 -38.824135309299336 5
      vertex 10.61158084920335 -39.6029588778518 5
    endloop
  endfacet
  facet normal 0.35225004792123465 -0.9359059267573253 0
    outer loop
      vertex 13.179018077429625 -38.824135309299336 0
      vertex 15.690020726968681 -37.87906083296276 5
      vertex 13.179018077429625 -38.824135309299336 5
    endloop
  endfacet
  facet normal 0.41270702980439633 -0.910863824921175 0
    outer loop
      vertex 15.690020726968681 -37.87906083296276 0
      vertex 18.133836298979052 -36.771782402840216 5
      vertex 15.690020726968681 -37.87906083296276 5
    endloop
  endfacet
  facet normal 0.4713967368259967 -0.8819212643483555 0
    outer loop
      vertex 18.133836298979052 -36.771782402840216 0
      vertex 20.5 -35.50704155516198 5
      vertex 18.133836298979052 -36.771782402840216 5
    endloop
  endfacet
  facet normal 0 0 -1
    outer loop
      vertex 5.351573881022114 -40.649239316326224 0
      vertex 7.998703202661258 40.21219649653245 0
      vertex 7.998703202661258 -40.21219649653245 0
    endloop
  endfacet
  facet normal 0 0 -1
    outer loop
      vertex 7.998703202661258 -40.21219649653245 0
      vertex 10.61158084920335 39.6029588778518 0
      vertex 10.61158084920335 -39.6029588778518 0
    endloop
  endfacet
  facet normal 0 0 -1
    outer loop
      vertex 5.351573881022114 40.649239316326224 0
      vertex 5 -30 0
      vertex 5 -20 0
    endloop
  endfacet
  facet normal 0 0 -1
    outer loop
      vertex 5.351573881022114 -40.649239316326224 0
      vertex 5 -30 0
      vertex 5.351573881022114 40.649239316326224 0
    endloop
  endfacet
  facet normal 0 0 -1
    outer loop
      vertex 10.61158084920335 -39.6029588778518 0
      vertex 13.179018077429625 38.824135309299336 0
      vertex 13.179018077429625 -38.824135309299336 0
    endloop
  endfacet
  facet normal 0 0 -1
    outer loop
      vertex 13.179018077429625 -38.824135309299336 0
      vertex 15.690020726968681 37.87906083296276 0
      vertex 15.690020726968681 -37.87906083296276 0
    endloop
  endfacet
  facet normal 0 0 -1
    outer loop
      vertex 18.082661904350402 -28.65938639505694 0
      vertex 18.52179274798194 -11.112293491784143 0
      vertex 18.5650036135477 -11.207661904350402 0
    endloop
  endfacet
  facet normal 0 0 -1
    outer loop
      vertex 18.082661904350402 -28.65938639505694 0
      vertex 18.66964862031593 -11.388912372831363 0
      vertex 18.730634655534026 -11.474018286413953 0
    endloop
  endfacet
  facet normal 0 0 -1
    outer loop
      vertex 18.082661904350402 -28.65938639505694 0
      vertex 18.730634655534026 -11.474018286413953 0
      vertex 18.797056308033635 -11.55495330416011 0
    endloop
  endfacet
  facet normal 0 0 -1
    outer loop
      vertex 18.082661904350402 -28.65938639505694 0
      vertex 18.6143593539449 -11.3 0
      vertex 18.66964862031593 -11.388912372831363 0
    endloop
  endfacet
  facet normal 0 0 -1
    outer loop
      vertex 18.082661904350402 -28.65938639505694 0
      vertex 18.5650036135477 -11.207661904350402 0
      vertex 18.6143593539449 -11.3 0
    endloop
  endfacet
  facet normal 0 0 -1
    outer loop
      vertex 18.082661904350402 -28.65938639505694 0
      vertex 18.484911792807832 -11.014303144485059 0
      vertex 18.52179274798194 -11.112293491784143 0
    endloop
  endfacet
  facet normal 0 0 -1
    outer loop
      vertex 18.082661904350402 -28.65938639505694 0
      vertex 18.45451867793749 -10.914110472164033 0
      vertex 18.484911792807832 -11.014303144485059 0
    endloop
  endfacet
  facet normal 0 0 -1
    outer loop
      vertex 18.082661904350402 -28.65938639505694 0
      vertex 18.43074355135483 -10.812144515225805 0
      vertex 18.45451867793749 -10.914110472164033 0
    endloop
  endfacet
  facet normal 0 0 -1
    outer loop
      vertex 18.082661904350402 -28.65938639505694 0
      vertex 18.413688221801902 -10.708841907552083 0
      vertex 18.43074355135483 -10.812144515225805 0
    endloop
  endfacet
  facet normal 0 0 -1
    outer loop
      vertex 18.082661904350402 -28.65938639505694 0
      vertex 18.403425722818234 -10.604645006768228 0
      vertex 18.413688221801902 -10.708841907552083 0
    endloop
  endfacet
  facet normal 0 0 -1
    outer loop
      vertex 18.082661904350402 -28.65938639505694 0
      vertex 18.868629150101523 -11.631370849898476 0
      vertex 18.94504669583989 -11.702943691966365 0
    endloop
  endfacet
  facet normal 0 0 -1
    outer loop
      vertex 19.02598171358605 -11.769365344465976 0
      vertex 18.082661904350402 -28.65938639505694 0
      vertex 18.94504669583989 -11.702943691966365 0
    endloop
  endfacet
  facet normal 0 0 -1
    outer loop
      vertex 18.34901828641395 -28.825017437043265 0
      vertex 19.02598171358605 -11.769365344465976 0
      vertex 19.111087627168637 -11.830351379684073 0
    endloop
  endfacet
  facet normal 0 0 -1
    outer loop
      vertex 18.34901828641395 -28.825017437043265 0
      vertex 19.111087627168637 -11.830351379684073 0
      vertex 19.2 -11.885640646055101 0
    endloop
  endfacet
  facet normal 0 0 -1
    outer loop
      vertex 18.34901828641395 -28.825017437043265 0
      vertex 19.48569685551494 -12.01508820719217 0
      vertex 19.585889527835967 -12.045481322062509 0
    endloop
  endfacet
  facet normal 0 0 -1
    outer loop
      vertex 18.34901828641395 -28.825017437043265 0
      vertex 19.585889527835967 -12.045481322062509 0
      vertex 19.687855484774193 -12.069256448645168 0
    endloop
  endfacet
  facet normal 0 0 -1
    outer loop
      vertex 18.34901828641395 -28.825017437043265 0
      vertex 19.2 -11.885640646055101 0
      vertex 19.292338095649598 -11.934996386452301 0
    endloop
  endfacet
  facet normal 0 0 -1
    outer loop
      vertex 18.34901828641395 -28.825017437043265 0
      vertex 19.292338095649598 -11.934996386452301 0
      vertex 19.387706508215857 -11.97820725201806 0
    endloop
  endfacet
  facet normal 0 0 -1
    outer loop
      vertex 18.34901828641395 -28.825017437043265 0
      vertex 19.387706508215857 -11.97820725201806 0
      vertex 19.48569685551494 -12.01508820719217 0
    endloop
  endfacet
  facet normal 0 0 -1
    outer loop
      vertex 18.082661904350402 -28.65938639505694 0
      vertex 18.797056308033635 -11.55495330416011 0
      vertex 18.868629150101523 -11.631370849898476 0
    endloop
  endfacet
  facet normal 0 0 -1
    outer loop
      vertex 18.082661904350402 -28.65938639505694 0
      vertex 18.4 -10.5 0
      vertex 18.403425722818234 -10.604645006768228 0
    endloop
  endfacet
  facet normal 0 0 -1
    outer loop
      vertex 18.34901828641395 -28.825017437043265 0
      vertex 19.687855484774193 -12.069256448645168 0
      vertex 19.79115809244792 -12.086311778198096 0
    endloop
  endfacet
  facet normal 0 0 -1
    outer loop
      vertex 18.34901828641395 -28.825017437043265 0
      vertex 19.79115809244792 -12.086311778198096 0
      vertex 19.89535499323177 -12.096574277181766 0
    endloop
  endfacet
  facet normal 0 0 -1
    outer loop
      vertex 18.34901828641395 -28.825017437043265 0
      vertex 19.89535499323177 -12.096574277181766 0
      vertex 20 -12.1 0
    endloop
  endfacet
  facet normal 0 0 -1
    outer loop
      vertex 18.34901828641395 -28.825017437043265 0
      vertex 20 -12.1 0
      vertex 20.10464500676823 -12.096574277181766 0
    endloop
  endfacet
  facet normal 0 0 -1
    outer loop
      vertex 18.34901828641395 -28.825017437043265 0
      vertex 20.10464500676823 -12.096574277181766 0
      vertex 20.20884190755208 -12.086311778198096 0
    endloop
  endfacet
  facet normal 0 0 -1
    outer loop
      vertex 18.34901828641395 -28.825017437043265 0
      vertex 20.20884190755208 -12.086311778198096 0
      vertex 20.312144515225807 -12.069256448645168 0
    endloop
  endfacet
  facet normal 0 0 -1
    outer loop
      vertex 18.34901828641395 -28.825017437043265 0
      vertex 20.312144515225807 -12.069256448645168 0
      vertex 20.414110472164033 -12.045481322062509 0
    endloop
  endfacet
  facet normal 0 0 -1
    outer loop
      vertex 18.34901828641395 -28.825017437043265 0
      vertex 20.414110472164033 -12.045481322062509 0
      vertex 20.51430314448506 -12.01508820719217 0
    endloop
  endfacet
  facet normal 0 0 -1
    outer loop
      vertex 15.690020726968681 -37.87906083296276 0
      vertex 15.690020726968681 37.87906083296276 0
      vertex 15.775 -30.094382781509243 0
    endloop
  endfacet
  facet normal 0 0 -1
    outer loop
      vertex 15.788688221801904 -29.88554087395716 0
      vertex 15.805743551354832 29.782238266283436 0
      vertex 15.805743551354832 -29.782238266283436 0
    endloop
  endfacet
  facet normal 0 0 -1
    outer loop
      vertex 15.778425722818234 -29.989737774741013 0
      vertex 15.788688221801904 29.88554087395716 0
      vertex 15.788688221801904 -29.88554087395716 0
    endloop
  endfacet
  facet normal 0 0 -1
    outer loop
      vertex 15.829518677937491 -29.68027230934521 0
      vertex 15.85991179280783 29.580079637024184 0
      vertex 15.85991179280783 -29.580079637024184 0
    endloop
  endfacet
  facet normal 0 0 -1
    outer loop
      vertex 15.805743551354832 -29.782238266283436 0
      vertex 15.829518677937491 29.68027230934521 0
      vertex 15.829518677937491 -29.68027230934521 0
    endloop
  endfacet
  facet normal 0 0 -1
    outer loop
      vertex 15.85991179280783 -29.580079637024184 0
      vertex 15.89679274798194 29.4820892897251 0
      vertex 15.89679274798194 -29.4820892897251 0
    endloop
  endfacet
  facet normal 0 0 -1
    outer loop
      vertex 15.89679274798194 -29.4820892897251 0
      vertex 15.940003613547699 29.38672087715884 0
      vertex 15.940003613547699 -29.38672087715884 0
    endloop
  endfacet
  facet normal 0 0 -1
    outer loop
      vertex 15.940003613547699 -29.38672087715884 0
      vertex 17.88930314448506 28.579294574317075 0
      vertex 15.989359353944899 -29.294382781509242 0
    endloop
  endfacet
  facet normal 0 0 -1
    outer loop
      vertex 17.88930314448506 28.579294574317075 0
      vertex 16.04464862031593 -29.20547040867788 0
      vertex 15.989359353944899 -29.294382781509242 0
    endloop
  endfacet
  facet normal 0 0 -1
    outer loop
      vertex 17.88930314448506 28.579294574317075 0
      vertex 16.105634655534026 -29.120364495095288 0
      vertex 16.04464862031593 -29.20547040867788 0
    endloop
  endfacet
  facet normal 0 0 -1
    outer loop
      vertex 17.88930314448506 28.579294574317075 0
      vertex 16.172056308033635 -29.03942947734913 0
      vertex 16.105634655534026 -29.120364495095288 0
    endloop
  endfacet
  facet normal 0 0 -1
    outer loop
      vertex 17.88930314448506 28.579294574317075 0
      vertex 16.243629150101523 -28.963011931610765 0
      vertex 16.172056308033635 -29.03942947734913 0
    endloop
  endfacet
  facet normal 0 0 -1
    outer loop
      vertex 17.88930314448506 28.579294574317075 0
      vertex 16.32004669583989 -28.891439089542878 0
      vertex 16.243629150101523 -28.963011931610765 0
    endloop
  endfacet
  facet normal 0 0 -1
    outer loop
      vertex 17.88930314448506 28.579294574317075 0
      vertex 16.40098171358605 -28.825017437043265 0
      vertex 16.32004669583989 -28.891439089542878 0
    endloop
  endfacet
  facet normal 0 0 -1
    outer loop
      vertex 17.88930314448506 28.579294574317075 0
      vertex 16.486087627168637 -28.76403140182517 0
      vertex 16.40098171358605 -28.825017437043265 0
    endloop
  endfacet
  facet normal 0 0 -1
    outer loop
      vertex 17.88930314448506 28.579294574317075 0
      vertex 16.575 -28.70874213545414 0
      vertex 16.486087627168637 -28.76403140182517 0
    endloop
  endfacet
  facet normal 0 0 -1
    outer loop
      vertex 17.88930314448506 28.579294574317075 0
      vertex 16.667338095649598 -28.65938639505694 0
      vertex 16.575 -28.70874213545414 0
    endloop
  endfacet
  facet normal 0 0 -1
    outer loop
      vertex 17.88930314448506 28.579294574317075 0
      vertex 16.762706508215857 -28.616175529491183 0
      vertex 16.667338095649598 -28.65938639505694 0
    endloop
  endfacet
  facet normal 0 0 -1
    outer loop
      vertex 17.88930314448506 28.579294574317075 0
      vertex 16.86069685551494 -28.579294574317075 0
      vertex 16.762706508215857 -28.616175529491183 0
    endloop
  endfacet
  facet normal 0 0 -1
    outer loop
      vertex 17.88930314448506 28.579294574317075 0
      vertex 16.960889527835967 -28.548901459446732 0
      vertex 16.86069685551494 -28.579294574317075 0
    endloop
  endfacet
  facet normal 0 0 -1
    outer loop
      vertex 17.88930314448506 28.579294574317075 0
      vertex 17.062855484774193 -28.525126332864073 0
      vertex 16.960889527835967 -28.548901459446732 0
    endloop
  endfacet
  facet normal 0 0 -1
    outer loop
      vertex 17.88930314448506 28.579294574317075 0
      vertex 17.16615809244792 -28.508071003311144 0
      vertex 17.062855484774193 -28.525126332864073 0
    endloop
  endfacet
  facet normal 0 0 -1
    outer loop
      vertex 17.88930314448506 28.579294574317075 0
      vertex 17.27035499323177 -28.497808504327477 0
      vertex 17.16615809244792 -28.508071003311144 0
    endloop
  endfacet
  facet normal 0 0 -1
    outer loop
      vertex 17.88930314448506 28.579294574317075 0
      vertex 17.375 -28.49438278150924 0
      vertex 17.27035499323177 -28.497808504327477 0
    endloop
  endfacet
  facet normal 0 0 -1
    outer loop
      vertex 17.88930314448506 28.579294574317075 0
      vertex 17.47964500676823 -28.497808504327477 0
      vertex 17.375 -28.49438278150924 0
    endloop
  endfacet
  facet normal 0 0 -1
    outer loop
      vertex 17.58384190755208 -28.508071003311144 0
      vertex 17.47964500676823 -28.497808504327477 0
      vertex 17.88930314448506 28.579294574317075 0
    endloop
  endfacet
  facet normal 0 0 -1
    outer loop
      vertex 17.687144515225807 -28.525126332864073 0
      vertex 17.58384190755208 -28.508071003311144 0
      vertex 17.987293491784143 28.616175529491183 0
    endloop
  endfacet
  facet normal 0 0 -1
    outer loop
      vertex 17.789110472164033 -28.548901459446732 0
      vertex 17.687144515225807 -28.525126332864073 0
      vertex 17.987293491784143 28.616175529491183 0
    endloop
  endfacet
  facet normal 0 0 -1
    outer loop
      vertex 17.88930314448506 -28.579294574317075 0
      vertex 17.789110472164033 -28.548901459446732 0
      vertex 18.082661904350402 28.65938639505694 0
    endloop
  endfacet
  facet normal 0 0 -1
    outer loop
      vertex 15.690020726968681 37.87906083296276 0
      vertex 15.778425722818234 -29.989737774741013 0
      vertex 15.775 -30.094382781509243 0
    endloop
  endfacet
  facet normal 0 0 -1
    outer loop
      vertex 17.987293491784143 -28.616175529491183 0
      vertex 17.88930314448506 -28.579294574317075 0
      vertex 18.175 28.70874213545414 0
    endloop
  endfacet
  facet normal 0 0 -1
    outer loop
      vertex 18.175 28.70874213545414 0
      vertex 18.082661904350402 -28.65938639505694 0
      vertex 17.987293491784143 -28.616175529491183 0
    endloop
  endfacet
  facet normal 0 0 -1
    outer loop
      vertex 18.082661904350402 -28.65938639505694 0
      vertex 18.4 10.5 0
      vertex 18.4 -10.5 0
    endloop
  endfacet
  facet normal 0 0 -1
    outer loop
      vertex 18.403425722818234 -10.395354993231772 0
      vertex 18.413688221801902 10.291158092447917 0
      vertex 18.413688221801902 -10.291158092447917 0
    endloop
  endfacet
  facet normal 0 0 -1
    outer loop
      vertex 18.4 -10.5 0
      vertex 18.403425722818234 10.395354993231772 0
      vertex 18.403425722818234 -10.395354993231772 0
    endloop
  endfacet
  facet normal 0 0 -1
    outer loop
      vertex 18.43074355135483 -10.187855484774195 0
      vertex 18.45451867793749 10.085889527835967 0
      vertex 18.45451867793749 -10.085889527835967 0
    endloop
  endfacet
  facet normal 0 0 -1
    outer loop
      vertex 18.413688221801902 -10.291158092447917 0
      vertex 18.43074355135483 10.187855484774195 0
      vertex 18.43074355135483 -10.187855484774195 0
    endloop
  endfacet
  facet normal 0 0 -1
    outer loop
      vertex 18.45451867793749 -10.085889527835967 0
      vertex 18.484911792807832 9.985696855514941 0
      vertex 18.484911792807832 -9.985696855514941 0
    endloop
  endfacet
  facet normal 0 0 -1
    outer loop
      vertex 18.52179274798194 -9.887706508215857 0
      vertex 18.5650036135477 9.792338095649598 0
      vertex 18.5650036135477 -9.792338095649598 0
    endloop
  endfacet
  facet normal 0 0 -1
    outer loop
      vertex 18.484911792807832 -9.985696855514941 0
      vertex 18.52179274798194 9.887706508215857 0
      vertex 18.52179274798194 -9.887706508215857 0
    endloop
  endfacet
  facet normal 0 0 -1
    outer loop
      vertex 18.6143593539449 -9.7 0
      vertex 18.66964862031593 9.611087627168637 0
      vertex 18.66964862031593 -9.611087627168637 0
    endloop
  endfacet
  facet normal 0 0 -1
    outer loop
      vertex 18.5650036135477 -9.792338095649598 0
      vertex 18.6143593539449 9.7 0
      vertex 18.6143593539449 -9.7 0
    endloop
  endfacet
  facet normal 0 0 -1
    outer loop
      vertex 18.66964862031593 -9.611087627168637 0
      vertex 18.730634655534026 9.525981713586047 0
      vertex 18.730634655534026 -9.525981713586047 0
    endloop
  endfacet
  facet normal 0 0 -1
    outer loop
      vertex 18.730634655534026 -9.525981713586047 0
      vertex 18.797056308033635 9.44504669583989 0
      vertex 18.797056308033635 -9.44504669583989 0
    endloop
  endfacet
  facet normal 0 0 -1
    outer loop
      vertex 18.797056308033635 -9.44504669583989 0
      vertex 18.868629150101523 9.368629150101524 0
      vertex 18.868629150101523 -9.368629150101524 0
    endloop
  endfacet
  facet normal 0 0 -1
    outer loop
      vertex 18.94504669583989 -9.297056308033635 0
      vertex 18.868629150101523 -9.368629150101524 0
      vertex 18.94504669583989 9.297056308033635 0
    endloop
  endfacet
  facet normal 0 0 -1
    outer loop
      vertex 19.02598171358605 -9.230634655534024 0
      vertex 18.94504669583989 -9.297056308033635 0
      vertex 19.02598171358605 9.230634655534024 0
    endloop
  endfacet
  facet normal 0 0 -1
    outer loop
      vertex 19.687855484774193 8.930743551354832 0
      vertex 19.111087627168637 -9.169648620315927 0
      vertex 19.02598171358605 -9.230634655534024 0
    endloop
  endfacet
  facet normal 0 0 -1
    outer loop
      vertex 19.687855484774193 8.930743551354832 0
      vertex 19.2 -9.114359353944899 0
      vertex 19.111087627168637 -9.169648620315927 0
    endloop
  endfacet
  facet normal 0 0 -1
    outer loop
      vertex 19.687855484774193 8.930743551354832 0
      vertex 19.292338095649598 -9.065003613547699 0
      vertex 19.2 -9.114359353944899 0
    endloop
  endfacet
  facet normal 0 0 -1
    outer loop
      vertex 19.687855484774193 8.930743551354832 0
      vertex 19.387706508215857 -9.02179274798194 0
      vertex 19.292338095649598 -9.065003613547699 0
    endloop
  endfacet
  facet normal 0 0 -1
    outer loop
      vertex 19.687855484774193 8.930743551354832 0
      vertex 19.48569685551494 -8.98491179280783 0
      vertex 19.387706508215857 -9.02179274798194 0
    endloop
  endfacet
  facet normal 0 0 -1
    outer loop
      vertex 19.687855484774193 8.930743551354832 0
      vertex 19.585889527835967 -8.954518677937491 0
      vertex 19.48569685551494 -8.98491179280783 0
    endloop
  endfacet
  facet normal 0 0 -1
    outer loop
      vertex 19.687855484774193 -8.930743551354832 0
      vertex 19.585889527835967 -8.954518677937491 0
      vertex 19.687855484774193 8.930743551354832 0
    endloop
  endfacet
  facet normal 0 0 -1
    outer loop
      vertex 19.79115809244792 -8.913688221801904 0
      vertex 19.687855484774193 -8.930743551354832 0
      vertex 19.79115809244792 8.913688221801904 0
    endloop
  endfacet
  facet normal 0 0 -1
    outer loop
      vertex 19.89535499323177 -8.903425722818234 0
      vertex 19.79115809244792 -8.913688221801904 0
      vertex 19.89535499323177 8.903425722818234 0
    endloop
  endfacet
  facet normal 0 0 -1
    outer loop
      vertex 20 -8.9 0
      vertex 19.89535499323177 -8.903425722818234 0
      vertex 20 8.9 0
    endloop
  endfacet
  facet normal 0 0 -1
    outer loop
      vertex 20.10464500676823 -8.903425722818234 0
      vertex 20 -8.9 0
      vertex 20.10464500676823 8.903425722818234 0
    endloop
  endfacet
  facet normal 0 0 -1
    outer loop
      vertex 20.20884190755208 -8.913688221801904 0
      vertex 20.10464500676823 -8.903425722818234 0
      vertex 20.20884190755208 8.913688221801904 0
    endloop
  endfacet
  facet normal 0 0 -1
    outer loop
      vertex 20.312144515225807 -8.930743551354832 0
      vertex 20.20884190755208 -8.913688221801904 0
      vertex 20.312144515225807 8.930743551354832 0
    endloop
  endfacet
  facet normal 0 0 -1
    outer loop
      vertex 20.414110472164033 -8.954518677937491 0
      vertex 20.312144515225807 -8.930743551354832 0
      vertex 20.414110472164033 8.954518677937491 0
    endloop
  endfacet
  facet normal 0 0 -1
    outer loop
      vertex 20.414110472164033 -8.954518677937491 0
      vertex 20.51430314448506 8.98491179280783 0
      vertex 20.51430314448506 -8.98491179280783 0
    endloop
  endfacet
  facet normal 0.528067850650369 -0.8492021815265783 -1.490372970199012e-17
    outer loop
      vertex 20.5 -35.50704155516198 0
      vertex 22.77837955380369 -34.09025410440435 0
      vertex 22.77837955380369 -34.09025410440435 5
    endloop
  endfacet
  facet normal 0.5824776968677998 -0.8128466845916169 -1.5738527843554198e-17
    outer loop
      vertex 22.77837955380369 -34.09025410440435 0
      vertex 24.959218589357548 -32.527486951940645 0
      vertex 24.959218589357548 -32.527486951940645 5
    endloop
  endfacet
  facet normal 0.6343932841636457 -0.7730104533627369 1.1284691758711379e-17
    outer loop
      vertex 24.959218589357548 -32.527486951940645 0
      vertex 27.03317841910282 -30.82543210663808 0
      vertex 27.03317841910282 -30.82543210663808 5
    endloop
  endfacet
  facet normal 0 0 -1
    outer loop
      vertex 20.5 -35.50704155516198 0
      vertex 21.33035137968407 -11.388912372831363 0
      vertex 22.77837955380369 -34.09025410440435 0
    endloop
  endfacet
  facet normal 0.6835923020228708 -0.7298640726978362 -1.065848974736394e-18
    outer loop
      vertex 27.03317841910282 -30.82543210663808 0
      vertex 28.99137802864845 -28.99137802864845 0
      vertex 28.99137802864845 -28.99137802864845 5
    endloop
  endfacet
  facet normal 0.7298640726978362 -0.6835923020228708 0
    outer loop
      vertex 28.99137802864845 -28.99137802864845 0
      vertex 30.82543210663808 -27.03317841910282 0
      vertex 28.99137802864845 -28.99137802864845 5
    endloop
  endfacet
  facet normal 0.7730104533627369 -0.6343932841636457 0
    outer loop
      vertex 30.82543210663808 -27.03317841910282 0
      vertex 32.527486951940645 -24.959218589357548 0
      vertex 30.82543210663808 -27.03317841910282 5
    endloop
  endfacet
  facet normal 0.8128466845916169 -0.5824776968677998 0
    outer loop
      vertex 32.527486951940645 -24.959218589357548 0
      vertex 34.09025410440435 -22.77837955380369 0
      vertex 32.527486951940645 -24.959218589357548 5
    endloop
  endfacet
  facet normal 0.8492021815265783 -0.528067850650369 0
    outer loop
      vertex 34.09025410440435 -22.77837955380369 0
      vertex 35.50704155516198 -20.5 0
      vertex 34.09025410440435 -22.77837955380369 5
    endloop
  endfacet
  facet normal 0.528067850650369 -0.8492021815265783 0
    outer loop
      vertex 20.5 -35.50704155516198 0
      vertex 22.77837955380369 -34.09025410440435 5
      vertex 20.5 -35.50704155516198 5
    endloop
  endfacet
  facet normal 0.5824776968677998 -0.8128466845916169 0
    outer loop
      vertex 22.77837955380369 -34.09025410440435 0
      vertex 24.959218589357548 -32.527486951940645 5
      vertex 22.77837955380369 -34.09025410440435 5
    endloop
  endfacet
  facet normal 0.6343932841636457 -0.7730104533627369 0
    outer loop
      vertex 24.959218589357548 -32.527486951940645 0
      vertex 27.03317841910282 -30.82543210663808 5
      vertex 24.959218589357548 -32.527486951940645 5
    endloop
  endfacet
  facet normal 0.6835923020228708 -0.7298640726978362 0
    outer loop
      vertex 27.03317841910282 -30.82543210663808 0
      vertex 28.99137802864845 -28.99137802864845 5
      vertex 27.03317841910282 -30.82543210663808 5
    endloop
  endfacet
  facet normal 0.7298640726978362 -0.6835923020228708 0
    outer loop
      vertex 30.82543210663808 -27.03317841910282 0
      vertex 30.82543210663808 -27.03317841910282 5
      vertex 28.99137802864845 -28.99137802864845 5
    endloop
  endfacet
  facet normal 0.7730104533627369 -0.6343932841636457 0
    outer loop
      vertex 32.527486951940645 -24.959218589357548 0
      vertex 32.527486951940645 -24.959218589357548 5
      vertex 30.82543210663808 -27.03317841910282 5
    endloop
  endfacet
  facet normal 0.8128466845916169 -0.5824776968677998 0
    outer loop
      vertex 34.09025410440435 -22.77837955380369 0
      vertex 34.09025410440435 -22.77837955380369 5
      vertex 32.527486951940645 -24.959218589357548 5
    endloop
  endfacet
  facet normal 0.8492021815265783 -0.528067850650369 0
    outer loop
      vertex 35.50704155516198 -20.5 0
      vertex 35.50704155516198 -20.5 5
      vertex 34.09025410440435 -22.77837955380369 5
    endloop
  endfacet
  facet normal 0 0 -1
    outer loop
      vertex 20.5 -35.50704155516198 0
      vertex 20.51430314448506 -12.01508820719217 0
      vertex 20.612293491784143 -11.97820725201806 0
    endloop
  endfacet
  facet normal 0 0 -1
    outer loop
      vertex 20.5 -35.50704155516198 0
      vertex 20.612293491784143 -11.97820725201806 0
      vertex 20.707661904350402 -11.934996386452301 0
    endloop
  endfacet
  facet normal 0 0 -1
    outer loop
      vertex 20.5 -35.50704155516198 0
      vertex 20.8 -11.885640646055101 0
      vertex 20.888912372831363 -11.830351379684073 0
    endloop
  endfacet
  facet normal 0 0 -1
    outer loop
      vertex 20.5 -35.50704155516198 0
      vertex 20.707661904350402 -11.934996386452301 0
      vertex 20.8 -11.885640646055101 0
    endloop
  endfacet
  facet normal 0 0 -1
    outer loop
      vertex 20.5 -35.50704155516198 0
      vertex 20.888912372831363 -11.830351379684073 0
      vertex 20.97401828641395 -11.769365344465976 0
    endloop
  endfacet
  facet normal 0 0 -1
    outer loop
      vertex 20.5 -35.50704155516198 0
      vertex 20.97401828641395 -11.769365344465976 0
      vertex 21.05495330416011 -11.702943691966365 0
    endloop
  endfacet
  facet normal 0 0 -1
    outer loop
      vertex 20.5 -35.50704155516198 0
      vertex 21.05495330416011 -11.702943691966365 0
      vertex 21.131370849898477 -11.631370849898476 0
    endloop
  endfacet
  facet normal 0 0 -1
    outer loop
      vertex 20.5 -35.50704155516198 0
      vertex 21.131370849898477 -11.631370849898476 0
      vertex 21.202943691966365 -11.55495330416011 0
    endloop
  endfacet
  facet normal 0 0 -1
    outer loop
      vertex 20.5 -35.50704155516198 0
      vertex 21.202943691966365 -11.55495330416011 0
      vertex 21.269365344465974 -11.474018286413953 0
    endloop
  endfacet
  facet normal 0 0 -1
    outer loop
      vertex 20.5 -35.50704155516198 0
      vertex 21.269365344465974 -11.474018286413953 0
      vertex 21.33035137968407 -11.388912372831363 0
    endloop
  endfacet
  facet normal 0 0 -1
    outer loop
      vertex 22.77837955380369 -34.09025410440435 0
      vertex 21.33035137968407 -11.388912372831363 0
      vertex 21.3856406460551 -11.3 0
    endloop
  endfacet
  facet normal 0 0 -1
    outer loop
      vertex 22.77837955380369 -34.09025410440435 0
      vertex 21.3856406460551 -11.3 0
      vertex 21.4349963864523 -11.207661904350402 0
    endloop
  endfacet
  facet normal 0 0 -1
    outer loop
      vertex 22.77837955380369 -34.09025410440435 0
      vertex 21.4349963864523 -11.207661904350402 0
      vertex 21.47820725201806 -11.112293491784143 0
    endloop
  endfacet
  facet normal 0 0 -1
    outer loop
      vertex 22.77837955380369 -34.09025410440435 0
      vertex 21.47820725201806 -11.112293491784143 0
      vertex 21.515088207192168 -11.014303144485059 0
    endloop
  endfacet
  facet normal 0 0 -1
    outer loop
      vertex 22.77837955380369 -34.09025410440435 0
      vertex 21.515088207192168 -11.014303144485059 0
      vertex 21.54548132206251 -10.914110472164033 0
    endloop
  endfacet
  facet normal 0 0 -1
    outer loop
      vertex 22.77837955380369 -34.09025410440435 0
      vertex 21.54548132206251 -10.914110472164033 0
      vertex 21.56925644864517 -10.812144515225805 0
    endloop
  endfacet
  facet normal 0 0 -1
    outer loop
      vertex 22.77837955380369 -34.09025410440435 0
      vertex 21.56925644864517 -10.812144515225805 0
      vertex 21.586311778198098 -10.708841907552083 0
    endloop
  endfacet
  facet normal 0 0 -1
    outer loop
      vertex 22.77837955380369 -34.09025410440435 0
      vertex 21.586311778198098 -10.708841907552083 0
      vertex 21.596574277181766 -10.604645006768228 0
    endloop
  endfacet
  facet normal 0 0 -1
    outer loop
      vertex 22.77837955380369 -34.09025410440435 0
      vertex 21.596574277181766 -10.604645006768228 0
      vertex 21.6 -10.5 0
    endloop
  endfacet
  facet normal 0 0 -1
    outer loop
      vertex 22.77837955380369 -34.09025410440435 0
      vertex 21.6 -10.5 0
      vertex 21.596574277181766 -10.395354993231772 0
    endloop
  endfacet
  facet normal 0 0 -1
    outer loop
      vertex 22.77837955380369 -34.09025410440435 0
      vertex 24.959218589357548 32.527486951940645 0
      vertex 24.959218589357548 -32.527486951940645 0
    endloop
  endfacet
  facet normal 0 0 -1
    outer loop
      vertex 24.959218589357548 -32.527486951940645 0
      vertex 27.03317841910282 30.82543210663808 0
      vertex 27.03317841910282 -30.82543210663808 0
    endloop
  endfacet
  facet normal 0 0 -1
    outer loop
      vertex 27.03317841910282 -30.82543210663808 0
      vertex 28.99137802864845 28.99137802864845 0
      vertex 28.99137802864845 -28.99137802864845 0
    endloop
  endfacet
  facet normal 0 0 -1
    outer loop
      vertex 20.612293491784143 -9.02179274798194 0
      vertex 20.51430314448506 -8.98491179280783 0
      vertex 20.612293491784143 9.02179274798194 0
    endloop
  endfacet
  facet normal 0 0 -1
    outer loop
      vertex 20.707661904350402 -9.065003613547699 0
      vertex 20.612293491784143 -9.02179274798194 0
      vertex 20.707661904350402 9.065003613547699 0
    endloop
  endfacet
  facet normal 0 0 -1
    outer loop
      vertex 20.8 -9.114359353944899 0
      vertex 20.707661904350402 -9.065003613547699 0
      vertex 20.8 9.114359353944899 0
    endloop
  endfacet
  facet normal 0 0 -1
    outer loop
      vertex 20.97401828641395 -9.230634655534024 0
      vertex 20.888912372831363 -9.169648620315927 0
      vertex 20.97401828641395 9.230634655534024 0
    endloop
  endfacet
  facet normal 0 0 -1
    outer loop
      vertex 20.888912372831363 -9.169648620315927 0
      vertex 20.8 -9.114359353944899 0
      vertex 20.888912372831363 9.169648620315927 0
    endloop
  endfacet
  facet normal 0 0 -1
    outer loop
      vertex 21.05495330416011 -9.297056308033635 0
      vertex 20.97401828641395 -9.230634655534024 0
      vertex 21.05495330416011 9.297056308033635 0
    endloop
  endfacet
  facet normal 0 0 -1
    outer loop
      vertex 21.05495330416011 -9.297056308033635 0
      vertex 21.131370849898477 9.368629150101524 0
      vertex 21.131370849898477 -9.368629150101524 0
    endloop
  endfacet
  facet normal 0 0 -1
    outer loop
      vertex 21.131370849898477 -9.368629150101524 0
      vertex 21.202943691966365 9.44504669583989 0
      vertex 21.202943691966365 -9.44504669583989 0
    endloop
  endfacet
  facet normal 0 0 -1
    outer loop
      vertex 21.202943691966365 -9.44504669583989 0
      vertex 21.269365344465974 9.525981713586047 0
      vertex 21.269365344465974 -9.525981713586047 0
    endloop
  endfacet
  facet normal 0 0 -1
    outer loop
      vertex 21.269365344465974 -9.525981713586047 0
      vertex 21.33035137968407 9.611087627168637 0
      vertex 21.33035137968407 -9.611087627168637 0
    endloop
  endfacet
  facet normal 0 0 -1
    outer loop
      vertex 22.77837955380369 -34.09025410440435 0
      vertex 21.596574277181766 -10.395354993231772 0
      vertex 22.77837955380369 34.09025410440435 0
    endloop
  endfacet
  facet normal 0 0 -1
    outer loop
      vertex 28.99137802864845 -28.99137802864845 0
      vertex 30.82543210663808 27.03317841910282 0
      vertex 30.82543210663808 -27.03317841910282 0
    endloop
  endfacet
  facet normal 0.8819212643483555 -0.4713967368259967 0
    outer loop
      vertex 35.50704155516198 -20.5 0
      vertex 36.771782402840216 -18.133836298979052 0
      vertex 35.50704155516198 -20.5 5
    endloop
  endfacet
  facet normal 0.910863824921175 -0.41270702980439633 0
    outer loop
      vertex 36.771782402840216 -18.133836298979052 0
      vertex 37.87906083296276 -15.690020726968681 0
      vertex 36.771782402840216 -18.133836298979052 5
    endloop
  endfacet
  facet normal 0.9359059267573253 -0.35225004792123465 0
    outer loop
      vertex 37.87906083296276 -15.690020726968681 0
      vertex 38.824135309299336 -13.179018077429625 0
      vertex 37.87906083296276 -15.690020726968681 5
    endloop
  endfacet
  facet normal 0.9569403357322096 -0.29028467725446 0
    outer loop
      vertex 38.824135309299336 -13.179018077429625 0
      vertex 39.6029588778518 -10.61158084920335 0
      vertex 38.824135309299336 -13.179018077429625 5
    endloop
  endfacet
  facet normal 0 0 -1
    outer loop
      vertex 30.82543210663808 -27.03317841910282 0
      vertex 32.527486951940645 24.959218589357548 0
      vertex 32.527486951940645 -24.959218589357548 0
    endloop
  endfacet
  facet normal 0 0 -1
    outer loop
      vertex 32.527486951940645 -24.959218589357548 0
      vertex 34.09025410440435 22.77837955380369 0
      vertex 34.09025410440435 -22.77837955380369 0
    endloop
  endfacet
  facet normal 0 0 -1
    outer loop
      vertex 34.09025410440435 -22.77837955380369 0
      vertex 35.50704155516198 20.5 0
      vertex 35.50704155516198 -20.5 0
    endloop
  endfacet
  facet normal 0 0 -1
    outer loop
      vertex 35.50704155516198 -20.5 0
      vertex 36.771782402840216 18.133836298979052 0
      vertex 36.771782402840216 -18.133836298979052 0
    endloop
  endfacet
  facet normal 0 0 -1
    outer loop
      vertex 36.771782402840216 -18.133836298979052 0
      vertex 37.87906083296276 15.690020726968681 0
      vertex 37.87906083296276 -15.690020726968681 0
    endloop
  endfacet
  facet normal 0 0 -1
    outer loop
      vertex 37.87906083296276 -15.690020726968681 0
      vertex 38.824135309299336 13.179018077429625 0
      vertex 38.824135309299336 -13.179018077429625 0
    endloop
  endfacet
  facet normal 0 0 -1
    outer loop
      vertex 38.824135309299336 -13.179018077429625 0
      vertex 39.6029588778518 10.61158084920335 0
      vertex 39.6029588778518 -10.61158084920335 0
    endloop
  endfacet
  facet normal 0 0 -1
    outer loop
      vertex 39.6029588778518 -10.61158084920335 0
      vertex 40.21219649653245 7.998703202661258 0
      vertex 40.21219649653245 -7.998703202661258 0
    endloop
  endfacet
  facet normal 0 0 -1
    outer loop
      vertex 40.21219649653245 -7.998703202661258 0
      vertex 40.649239316326224 5.351573881022114 0
      vertex 40.649239316326224 -5.351573881022114 0
    endloop
  endfacet
  facet normal 0 0 -1
    outer loop
      vertex 40.649239316326224 -5.351573881022114 0
      vertex 40.912215852782744 2.6815282984358655 0
      vertex 40.912215852782744 -2.6815282984358655 0
    endloop
  endfacet
  facet normal 0.9738769792773334 -0.22707626303437442 0
    outer loop
      vertex 39.6029588778518 -10.61158084920335 0
      vertex 40.21219649653245 -7.998703202661258 0
      vertex 39.6029588778518 -10.61158084920335 5
    endloop
  endfacet
  facet normal 0.9866433320848792 -0.16289547339458713 0
    outer loop
      vertex 40.21219649653245 -7.998703202661258 0
      vertex 40.649239316326224 -5.351573881022114 0
      vertex 40.21219649653245 -7.998703202661258 5
    endloop
  endfacet
  facet normal 0.9951847266721967 -0.09801714032956184 0
    outer loop
      vertex 40.649239316326224 -5.351573881022114 0
      vertex 40.912215852782744 -2.6815282984358655 0
      vertex 40.649239316326224 -5.351573881022114 5
    endloop
  endfacet
  facet normal 0.9994645874763656 -0.03271908282177616 0
    outer loop
      vertex 40.912215852782744 -2.6815282984358655 0
      vertex 41 0 0
      vertex 40.912215852782744 -2.6815282984358655 5
    endloop
  endfacet
  facet normal 0.8819212643483555 -0.4713967368259967 0
    outer loop
      vertex 36.771782402840216 -18.133836298979052 0
      vertex 36.771782402840216 -18.133836298979052 5
      vertex 35.50704155516198 -20.5 5
    endloop
  endfacet
  facet normal 0.910863824921175 -0.41270702980439633 0
    outer loop
      vertex 37.87906083296276 -15.690020726968681 0
      vertex 37.87906083296276 -15.690020726968681 5
      vertex 36.771782402840216 -18.133836298979052 5
    endloop
  endfacet
  facet normal 0.9359059267573253 -0.35225004792123465 0
    outer loop
      vertex 38.824135309299336 -13.179018077429625 0
      vertex 38.824135309299336 -13.179018077429625 5
      vertex 37.87906083296276 -15.690020726968681 5
    endloop
  endfacet
  facet normal 0.9569403357322096 -0.29028467725446 0
    outer loop
      vertex 39.6029588778518 -10.61158084920335 0
      vertex 39.6029588778518 -10.61158084920335 5
      vertex 38.824135309299336 -13.179018077429625 5
    endloop
  endfacet
  facet normal 0.9738769792773334 -0.22707626303437442 0
    outer loop
      vertex 40.21219649653245 -7.998703202661258 0
      vertex 40.21219649653245 -7.998703202661258 5
      vertex 39.6029588778518 -10.61158084920335 5
    endloop
  endfacet
  facet normal 0.9866433320848792 -0.16289547339458713 0
    outer loop
      vertex 40.649239316326224 -5.351573881022114 0
      vertex 40.649239316326224 -5.351573881022114 5
      vertex 40.21219649653245 -7.998703202661258 5
    endloop
  endfacet
  facet normal 0.9951847266721967 -0.09801714032956184 0
    outer loop
      vertex 40.912215852782744 -2.6815282984358655 0
      vertex 40.912215852782744 -2.6815282984358655 5
      vertex 40.649239316326224 -5.351573881022114 5
    endloop
  endfacet
  facet normal 0.9994645874763656 -0.03271908282177616 -9.421357076896625e-19
    outer loop
      vertex 40.912215852782744 -2.6815282984358655 5
      vertex 41 0 0
      vertex 41 0 5
    endloop
  endfacet
  facet normal 0 0 1
    outer loop
      vertex 5.351573881022114 -40.649239316326224 5
      vertex 7.998703202661258 -40.21219649653245 5
      vertex -5 -30 5
    endloop
  endfacet
  facet normal 0 0 1
    outer loop
      vertex 7.998703202661258 -40.21219649653245 5
      vertex 10.61158084920335 -39.6029588778518 5
      vertex -5 -30 5
    endloop
  endfacet
  facet normal 0 0 1
    outer loop
      vertex 10.61158084920335 -39.6029588778518 5
      vertex 13.179018077429625 -38.824135309299336 5
      vertex -5 -30 5
    endloop
  endfacet
  facet normal 0 0 1
    outer loop
      vertex 15.690020726968681 -37.87906083296276 5
      vertex 5 -30 5
      vertex -5 -30 5
    endloop
  endfacet
  facet normal 0 0 1
    outer loop
      vertex 13.179018077429625 -38.824135309299336 5
      vertex 15.690020726968681 -37.87906083296276 5
      vertex -5 -30 5
    endloop
  endfacet
  facet normal 0 0 1
    outer loop
      vertex 5 -30 5
      vertex 16.105634655534026 -29.120364495095288 5
      vertex 5 -20 5
    endloop
  endfacet
  facet normal 0 0 1
    outer loop
      vertex 5 -30 5
      vertex 16.243629150101523 -31.22575363140772 5
      vertex 16.172056308033635 -31.149336085669354 5
    endloop
  endfacet
  facet normal 0 0 1
    outer loop
      vertex 5 -30 5
      vertex 16.486087627168637 -31.424734161193314 5
      vertex 16.40098171358605 -31.36374812597522 5
    endloop
  endfacet
  facet normal 0 0 1
    outer loop
      vertex 5 -30 5
      vertex 16.32004669583989 -31.297326473475607 5
      vertex 16.243629150101523 -31.22575363140772 5
    endloop
  endfacet
  facet normal 0 0 1
    outer loop
      vertex 5 -30 5
      vertex 16.40098171358605 -31.36374812597522 5
      vertex 16.32004669583989 -31.297326473475607 5
    endloop
  endfacet
  facet normal 0 0 1
    outer loop
      vertex 5 -30 5
      vertex 16.575 -31.480023427564344 5
      vertex 16.486087627168637 -31.424734161193314 5
    endloop
  endfacet
  facet normal 0 0 1
    outer loop
      vertex 5 -30 5
      vertex 16.667338095649598 -31.529379167961544 5
      vertex 16.575 -31.480023427564344 5
    endloop
  endfacet
  facet normal 0 0 1
    outer loop
      vertex 5 -30 5
      vertex 16.762706508215857 -31.5725900335273 5
      vertex 16.667338095649598 -31.529379167961544 5
    endloop
  endfacet
  facet normal 0 0 1
    outer loop
      vertex 15.690020726968681 -37.87906083296276 5
      vertex 18.133836298979052 -36.771782402840216 5
      vertex 5 -30 5
    endloop
  endfacet
  facet normal 0 0 1
    outer loop
      vertex 18.133836298979052 -36.771782402840216 5
      vertex 20.5 -35.50704155516198 5
      vertex 5 -30 5
    endloop
  endfacet
  facet normal 0 0 1
    outer loop
      vertex 22.77837955380369 -34.09025410440435 5
      vertex 16.762706508215857 -31.5725900335273 5
      vertex 5 -30 5
    endloop
  endfacet
  facet normal 0 0 1
    outer loop
      vertex 20.5 -35.50704155516198 5
      vertex 22.77837955380369 -34.09025410440435 5
      vertex 5 -30 5
    endloop
  endfacet
  facet normal 0 0 1
    outer loop
      vertex 22.77837955380369 -34.09025410440435 5
      vertex 16.86069685551494 -31.60947098870141 5
      vertex 16.762706508215857 -31.5725900335273 5
    endloop
  endfacet
  facet normal 0 0 1
    outer loop
      vertex 22.77837955380369 -34.09025410440435 5
      vertex 16.960889527835967 -31.639864103571753 5
      vertex 16.86069685551494 -31.60947098870141 5
    endloop
  endfacet
  facet normal 0 0 1
    outer loop
      vertex 22.77837955380369 -34.09025410440435 5
      vertex 17.062855484774193 -31.663639230154413 5
      vertex 16.960889527835967 -31.639864103571753 5
    endloop
  endfacet
  facet normal 0 0 1
    outer loop
      vertex 22.77837955380369 -34.09025410440435 5
      vertex 17.16615809244792 -31.68069455970734 5
      vertex 17.062855484774193 -31.663639230154413 5
    endloop
  endfacet
  facet normal 0 0 1
    outer loop
      vertex 22.77837955380369 -34.09025410440435 5
      vertex 17.27035499323177 -31.69095705869101 5
      vertex 17.16615809244792 -31.68069455970734 5
    endloop
  endfacet
  facet normal 0 0 1
    outer loop
      vertex 22.77837955380369 -34.09025410440435 5
      vertex 17.47964500676823 -31.69095705869101 5
      vertex 17.375 -31.694382781509244 5
    endloop
  endfacet
  facet normal 0 0 1
    outer loop
      vertex 22.77837955380369 -34.09025410440435 5
      vertex 17.375 -31.694382781509244 5
      vertex 17.27035499323177 -31.69095705869101 5
    endloop
  endfacet
  facet normal 0 0 1
    outer loop
      vertex 22.77837955380369 -34.09025410440435 5
      vertex 17.58384190755208 -31.68069455970734 5
      vertex 17.47964500676823 -31.69095705869101 5
    endloop
  endfacet
  facet normal 0 0 1
    outer loop
      vertex 22.77837955380369 -34.09025410440435 5
      vertex 17.687144515225807 -31.663639230154413 5
      vertex 17.58384190755208 -31.68069455970734 5
    endloop
  endfacet
  facet normal 0 0 1
    outer loop
      vertex 22.77837955380369 -34.09025410440435 5
      vertex 17.789110472164033 -31.639864103571753 5
      vertex 17.687144515225807 -31.663639230154413 5
    endloop
  endfacet
  facet normal 0 0 1
    outer loop
      vertex 22.77837955380369 -34.09025410440435 5
      vertex 17.88930314448506 -31.60947098870141 5
      vertex 17.789110472164033 -31.639864103571753 5
    endloop
  endfacet
  facet normal 0 0 1
    outer loop
      vertex 22.77837955380369 -34.09025410440435 5
      vertex 18.082661904350402 -31.529379167961544 5
      vertex 17.987293491784143 -31.5725900335273 5
    endloop
  endfacet
  facet normal 0 0 1
    outer loop
      vertex 22.77837955380369 -34.09025410440435 5
      vertex 17.987293491784143 -31.5725900335273 5
      vertex 17.88930314448506 -31.60947098870141 5
    endloop
  endfacet
  facet normal 0 0 1
    outer loop
      vertex 22.77837955380369 -34.09025410440435 5
      vertex 18.175 -31.480023427564344 5
      vertex 18.082661904350402 -31.529379167961544 5
    endloop
  endfacet
  facet normal 0 0 1
    outer loop
      vertex 22.77837955380369 -34.09025410440435 5
      vertex 18.263912372831363 -31.424734161193314 5
      vertex 18.175 -31.480023427564344 5
    endloop
  endfacet
  facet normal 0 0 1
    outer loop
      vertex 22.77837955380369 -34.09025410440435 5
      vertex 18.34901828641395 -31.36374812597522 5
      vertex 18.263912372831363 -31.424734161193314 5
    endloop
  endfacet
  facet normal 0 0 1
    outer loop
      vertex 22.77837955380369 -34.09025410440435 5
      vertex 18.42995330416011 -31.297326473475607 5
      vertex 18.34901828641395 -31.36374812597522 5
    endloop
  endfacet
  facet normal 0 0 1
    outer loop
      vertex 22.77837955380369 -34.09025410440435 5
      vertex 18.506370849898477 -31.22575363140772 5
      vertex 18.42995330416011 -31.297326473475607 5
    endloop
  endfacet
  facet normal 0 0 1
    outer loop
      vertex 22.77837955380369 -34.09025410440435 5
      vertex 18.577943691966365 -31.149336085669354 5
      vertex 18.506370849898477 -31.22575363140772 5
    endloop
  endfacet
  facet normal 0 0 1
    outer loop
      vertex 22.77837955380369 -34.09025410440435 5
      vertex 18.644365344465974 -31.068401067923197 5
      vertex 18.577943691966365 -31.149336085669354 5
    endloop
  endfacet
  facet normal 0 0 1
    outer loop
      vertex 22.77837955380369 -34.09025410440435 5
      vertex 18.70535137968407 -30.983295154340606 5
      vertex 18.644365344465974 -31.068401067923197 5
    endloop
  endfacet
  facet normal 0 0 1
    outer loop
      vertex 22.77837955380369 -34.09025410440435 5
      vertex 18.7606406460551 -30.894382781509243 5
      vertex 18.70535137968407 -30.983295154340606 5
    endloop
  endfacet
  facet normal 0 0 1
    outer loop
      vertex 22.77837955380369 -34.09025410440435 5
      vertex 18.8099963864523 -30.802044685859645 5
      vertex 18.7606406460551 -30.894382781509243 5
    endloop
  endfacet
  facet normal 0 0 1
    outer loop
      vertex 22.77837955380369 -34.09025410440435 5
      vertex 18.890088207192168 -30.6086859259943 5
      vertex 18.85320725201806 -30.706676273293386 5
    endloop
  endfacet
  facet normal 0 0 1
    outer loop
      vertex 22.77837955380369 -34.09025410440435 5
      vertex 18.85320725201806 -30.706676273293386 5
      vertex 18.8099963864523 -30.802044685859645 5
    endloop
  endfacet
  facet normal 0 0 1
    outer loop
      vertex 22.77837955380369 -34.09025410440435 5
      vertex 18.92048132206251 -30.508493253673276 5
      vertex 18.890088207192168 -30.6086859259943 5
    endloop
  endfacet
  facet normal 0 0 1
    outer loop
      vertex 22.77837955380369 -34.09025410440435 5
      vertex 18.94425644864517 -30.40652729673505 5
      vertex 18.92048132206251 -30.508493253673276 5
    endloop
  endfacet
  facet normal 0 0 1
    outer loop
      vertex 5 -30 5
      vertex 15.989359353944899 -30.894382781509243 5
      vertex 15.940003613547699 -30.802044685859645 5
    endloop
  endfacet
  facet normal 0 0 1
    outer loop
      vertex 5 -30 5
      vertex 15.89679274798194 -30.706676273293386 5
      vertex 15.85991179280783 -30.6086859259943 5
    endloop
  endfacet
  facet normal 0 0 1
    outer loop
      vertex 5 -30 5
      vertex 15.940003613547699 -30.802044685859645 5
      vertex 15.89679274798194 -30.706676273293386 5
    endloop
  endfacet
  facet normal 0 0 1
    outer loop
      vertex 5 -30 5
      vertex 16.105634655534026 -31.068401067923197 5
      vertex 16.04464862031593 -30.983295154340606 5
    endloop
  endfacet
  facet normal 0 0 1
    outer loop
      vertex 5 -30 5
      vertex 16.04464862031593 -30.983295154340606 5
      vertex 15.989359353944899 -30.894382781509243 5
    endloop
  endfacet
  facet normal 0 0 1
    outer loop
      vertex 5 -30 5
      vertex 16.172056308033635 -31.149336085669354 5
      vertex 16.105634655534026 -31.068401067923197 5
    endloop
  endfacet
  facet normal 0 0 1
    outer loop
      vertex 5 -30 5
      vertex 15.85991179280783 -30.6086859259943 5
      vertex 15.829518677937491 -30.508493253673276 5
    endloop
  endfacet
  facet normal 0 0 1
    outer loop
      vertex 5 -30 5
      vertex 15.829518677937491 -30.508493253673276 5
      vertex 15.805743551354832 -30.40652729673505 5
    endloop
  endfacet
  facet normal 0 0 1
    outer loop
      vertex 5 -30 5
      vertex 15.805743551354832 -30.40652729673505 5
      vertex 15.788688221801904 -30.303224689061324 5
    endloop
  endfacet
  facet normal 0 0 1
    outer loop
      vertex 5 -30 5
      vertex 15.788688221801904 -30.303224689061324 5
      vertex 15.778425722818234 -30.199027788277473 5
    endloop
  endfacet
  facet normal 0 0 1
    outer loop
      vertex 5 -30 5
      vertex 15.778425722818234 -30.199027788277473 5
      vertex 15.775 -30.094382781509243 5
    endloop
  endfacet
  facet normal 0 0 1
    outer loop
      vertex 5 -30 5
      vertex 15.778425722818234 -29.989737774741013 5
      vertex 15.788688221801904 -29.88554087395716 5
    endloop
  endfacet
  facet normal 0 0 1
    outer loop
      vertex 5 -30 5
      vertex 15.775 -30.094382781509243 5
      vertex 15.778425722818234 -29.989737774741013 5
    endloop
  endfacet
  facet normal 0 0 1
    outer loop
      vertex 5 -30 5
      vertex 15.788688221801904 -29.88554087395716 5
      vertex 15.805743551354832 -29.782238266283436 5
    endloop
  endfacet
  facet normal 0 0 1
    outer loop
      vertex 5 -30 5
      vertex 15.805743551354832 -29.782238266283436 5
      vertex 15.829518677937491 -29.68027230934521 5
    endloop
  endfacet
  facet normal 0 0 1
    outer loop
      vertex 5 -30 5
      vertex 15.829518677937491 -29.68027230934521 5
      vertex 15.85991179280783 -29.580079637024184 5
    endloop
  endfacet
  facet normal 0 0 1
    outer loop
      vertex 5 -30 5
      vertex 15.85991179280783 -29.580079637024184 5
      vertex 15.89679274798194 -29.4820892897251 5
    endloop
  endfacet
  facet normal 0 0 1
    outer loop
      vertex 5 -30 5
      vertex 15.940003613547699 -29.38672087715884 5
      vertex 15.989359353944899 -29.294382781509242 5
    endloop
  endfacet
  facet normal 0 0 1
    outer loop
      vertex 5 -30 5
      vertex 15.89679274798194 -29.4820892897251 5
      vertex 15.940003613547699 -29.38672087715884 5
    endloop
  endfacet
  facet normal 0 0 1
    outer loop
      vertex 5 -30 5
      vertex 15.989359353944899 -29.294382781509242 5
      vertex 16.04464862031593 -29.20547040867788 5
    endloop
  endfacet
  facet normal 0 0 1
    outer loop
      vertex 5 -30 5
      vertex 16.04464862031593 -29.20547040867788 5
      vertex 16.105634655534026 -29.120364495095288 5
    endloop
  endfacet
  facet normal 0 0 1
    outer loop
      vertex 16.172056308033635 -29.03942947734913 5
      vertex 5 -20 5
      vertex 16.105634655534026 -29.120364495095288 5
    endloop
  endfacet
  facet normal 0 0 1
    outer loop
      vertex 16.243629150101523 -28.963011931610765 5
      vertex 5 -20 5
      vertex 16.172056308033635 -29.03942947734913 5
    endloop
  endfacet
  facet normal 0 0 1
    outer loop
      vertex 16.243629150101523 -28.963011931610765 5
      vertex 16.32004669583989 -28.891439089542878 5
      vertex 5 -20 5
    endloop
  endfacet
  facet normal 0 0 1
    outer loop
      vertex 16.32004669583989 -28.891439089542878 5
      vertex 16.40098171358605 -28.825017437043265 5
      vertex 5 -20 5
    endloop
  endfacet
  facet normal 0 0 1
    outer loop
      vertex 16.40098171358605 -28.825017437043265 5
      vertex 16.486087627168637 -28.76403140182517 5
      vertex 5 -20 5
    endloop
  endfacet
  facet normal 0 0 1
    outer loop
      vertex 16.486087627168637 -28.76403140182517 5
      vertex 16.575 -28.70874213545414 5
      vertex 5 -20 5
    endloop
  endfacet
  facet normal 0 0 1
    outer loop
      vertex 16.575 -28.70874213545414 5
      vertex 16.667338095649598 -28.65938639505694 5
      vertex 5 -20 5
    endloop
  endfacet
  facet normal 0 0 1
    outer loop
      vertex 16.667338095649598 -28.65938639505694 5
      vertex 16.762706508215857 -28.616175529491183 5
      vertex 5 -20 5
    endloop
  endfacet
  facet normal 0 0 1
    outer loop
      vertex 16.762706508215857 -28.616175529491183 5
      vertex 16.86069685551494 -28.579294574317075 5
      vertex 5 -20 5
    endloop
  endfacet
  facet normal 0 0 1
    outer loop
      vertex 16.86069685551494 -28.579294574317075 5
      vertex 16.960889527835967 -28.548901459446732 5
      vertex 5 -20 5
    endloop
  endfacet
  facet normal 0 0 1
    outer loop
      vertex 24 -15 5
      vertex 5 -20 5
      vertex 16.960889527835967 -28.548901459446732 5
    endloop
  endfacet
  facet normal 0 0 1
    outer loop
      vertex 24 -15 5
      vertex 18.577943691966365 -29.03942947734913 5
      vertex 18.644365344465974 -29.120364495095288 5
    endloop
  endfacet
  facet normal 0 0 1
    outer loop
      vertex 24 -15 5
      vertex 18.70535137968407 -29.20547040867788 5
      vertex 18.7606406460551 -29.294382781509242 5
    endloop
  endfacet
  facet normal 0 0 1
    outer loop
      vertex 24 -15 5
      vertex 18.644365344465974 -29.120364495095288 5
      vertex 18.70535137968407 -29.20547040867788 5
    endloop
  endfacet
  facet normal 0 0 1
    outer loop
      vertex 24 -15 5
      vertex 16.960889527835967 -28.548901459446732 5
      vertex 17.062855484774193 -28.525126332864073 5
    endloop
  endfacet
  facet normal 0 0 1
    outer loop
      vertex 24 -15 5
      vertex 17.062855484774193 -28.525126332864073 5
      vertex 17.16615809244792 -28.508071003311144 5
    endloop
  endfacet
  facet normal 0 0 1
    outer loop
      vertex 24 -15 5
      vertex 17.16615809244792 -28.508071003311144 5
      vertex 17.27035499323177 -28.497808504327477 5
    endloop
  endfacet
  facet normal 0 0 1
    outer loop
      vertex 24 -15 5
      vertex 17.687144515225807 -28.525126332864073 5
      vertex 17.789110472164033 -28.548901459446732 5
    endloop
  endfacet
  facet normal 0 0 1
    outer loop
      vertex 24 -15 5
      vertex 17.375 -28.49438278150924 5
      vertex 17.47964500676823 -28.497808504327477 5
    endloop
  endfacet
  facet normal 0 0 1
    outer loop
      vertex 24 -15 5
      vertex 17.27035499323177 -28.497808504327477 5
      vertex 17.375 -28.49438278150924 5
    endloop
  endfacet
  facet normal 0 0 1
    outer loop
      vertex 24 -15 5
      vertex 17.47964500676823 -28.497808504327477 5
      vertex 17.58384190755208 -28.508071003311144 5
    endloop
  endfacet
  facet normal 0 0 1
    outer loop
      vertex 24 -15 5
      vertex 17.58384190755208 -28.508071003311144 5
      vertex 17.687144515225807 -28.525126332864073 5
    endloop
  endfacet
  facet normal 0 0 1
    outer loop
      vertex 24 -15 5
      vertex 17.789110472164033 -28.548901459446732 5
      vertex 17.88930314448506 -28.579294574317075 5
    endloop
  endfacet
  facet normal 0 0 1
    outer loop
      vertex 24 -15 5
      vertex 17.88930314448506 -28.579294574317075 5
      vertex 17.987293491784143 -28.616175529491183 5
    endloop
  endfacet
  facet normal 0 0 1
    outer loop
      vertex 24 -15 5
      vertex 18.082661904350402 -28.65938639505694 5
      vertex 18.175 -28.70874213545414 5
    endloop
  endfacet
  facet normal 0 0 1
    outer loop
      vertex 24 -15 5
      vertex 17.987293491784143 -28.616175529491183 5
      vertex 18.082661904350402 -28.65938639505694 5
    endloop
  endfacet
  facet normal 0 0 1
    outer loop
      vertex 24 -15 5
      vertex 18.175 -28.70874213545414 5
      vertex 18.263912372831363 -28.76403140182517 5
    endloop
  endfacet
  facet normal 0 0 1
    outer loop
      vertex 24 -15 5
      vertex 18.34901828641395 -28.825017437043265 5
      vertex 18.42995330416011 -28.891439089542878 5
    endloop
  endfacet
  facet normal 0 0 1
    outer loop
      vertex 24 -15 5
      vertex 18.263912372831363 -28.76403140182517 5
      vertex 18.34901828641395 -28.825017437043265 5
    endloop
  endfacet
  facet normal 0 0 1
    outer loop
      vertex 24 -15 5
      vertex 18.42995330416011 -28.891439089542878 5
      vertex 18.506370849898477 -28.963011931610765 5
    endloop
  endfacet
  facet normal 0 0 1
    outer loop
      vertex 24 -15 5
      vertex 18.506370849898477 -28.963011931610765 5
      vertex 18.577943691966365 -29.03942947734913 5
    endloop
  endfacet
  facet normal 0 0 1
    outer loop
      vertex 24 -15 5
      vertex -5 -20 5
      vertex 5 -20 5
    endloop
  endfacet
  facet normal 0 0 1
    outer loop
      vertex 24.959218589357548 -32.527486951940645 5
      vertex 18.961311778198098 -30.303224689061324 5
      vertex 18.94425644864517 -30.40652729673505 5
    endloop
  endfacet
  facet normal 0 0 1
    outer loop
      vertex 22.77837955380369 -34.09025410440435 5
      vertex 24.959218589357548 -32.527486951940645 5
      vertex 18.94425644864517 -30.40652729673505 5
    endloop
  endfacet
  facet normal 0 0 1
    outer loop
      vertex 24.959218589357548 -32.527486951940645 5
      vertex 24 -15 5
      vertex 18.961311778198098 -30.303224689061324 5
    endloop
  endfacet
  facet normal 0 0 1
    outer loop
      vertex 24 -15 5
      vertex 18.971574277181766 -30.199027788277473 5
      vertex 18.961311778198098 -30.303224689061324 5
    endloop
  endfacet
  facet normal 0 0 1
    outer loop
      vertex 24 -15 5
      vertex 18.975 -30.094382781509243 5
      vertex 18.971574277181766 -30.199027788277473 5
    endloop
  endfacet
  facet normal 0 0 1
    outer loop
      vertex 24 -15 5
      vertex 18.971574277181766 -29.989737774741013 5
      vertex 18.975 -30.094382781509243 5
    endloop
  endfacet
  facet normal 0 0 1
    outer loop
      vertex 24 -15 5
      vertex 18.961311778198098 -29.88554087395716 5
      vertex 18.971574277181766 -29.989737774741013 5
    endloop
  endfacet
  facet normal 0 0 1
    outer loop
      vertex 24 -15 5
      vertex 18.94425644864517 -29.782238266283436 5
      vertex 18.961311778198098 -29.88554087395716 5
    endloop
  endfacet
  facet normal 0 0 1
    outer loop
      vertex 24 -15 5
      vertex 18.92048132206251 -29.68027230934521 5
      vertex 18.94425644864517 -29.782238266283436 5
    endloop
  endfacet
  facet normal 0 0 1
    outer loop
      vertex 24 -15 5
      vertex 18.890088207192168 -29.580079637024184 5
      vertex 18.92048132206251 -29.68027230934521 5
    endloop
  endfacet
  facet normal 0 0 1
    outer loop
      vertex 24 -15 5
      vertex 18.85320725201806 -29.4820892897251 5
      vertex 18.890088207192168 -29.580079637024184 5
    endloop
  endfacet
  facet normal 0 0 1
    outer loop
      vertex 24 -15 5
      vertex 18.8099963864523 -29.38672087715884 5
      vertex 18.85320725201806 -29.4820892897251 5
    endloop
  endfacet
  facet normal 0 0 1
    outer loop
      vertex 24 -15 5
      vertex 18.7606406460551 -29.294382781509242 5
      vertex 18.8099963864523 -29.38672087715884 5
    endloop
  endfacet
  facet normal 0 0 1
    outer loop
      vertex 24.959218589357548 -32.527486951940645 5
      vertex 24 15 5
      vertex 24 -15 5
    endloop
  endfacet
  facet normal 0 0 1
    outer loop
      vertex 24.959218589357548 -32.527486951940645 5
      vertex 27.03317841910282 -30.82543210663808 5
      vertex 24.959218589357548 32.527486951940645 5
    endloop
  endfacet
  facet normal 0 0 1
    outer loop
      vertex 27.03317841910282 -30.82543210663808 5
      vertex 28.99137802864845 -28.99137802864845 5
      vertex 27.03317841910282 30.82543210663808 5
    endloop
  endfacet
  facet normal 0 0 1
    outer loop
      vertex 28.99137802864845 -28.99137802864845 5
      vertex 30.82543210663808 -27.03317841910282 5
      vertex 28.99137802864845 28.99137802864845 5
    endloop
  endfacet
  facet normal 0 0 1
    outer loop
      vertex 30.82543210663808 -27.03317841910282 5
      vertex 32.527486951940645 -24.959218589357548 5
      vertex 30.82543210663808 27.03317841910282 5
    endloop
  endfacet
  facet normal 0 0 1
    outer loop
      vertex 32.527486951940645 -24.959218589357548 5
      vertex 34.09025410440435 -22.77837955380369 5
      vertex 32.527486951940645 24.959218589357548 5
    endloop
  endfacet
  facet normal 0 0 1
    outer loop
      vertex 34.09025410440435 -22.77837955380369 5
      vertex 35.50704155516198 -20.5 5
      vertex 34.09025410440435 22.77837955380369 5
    endloop
  endfacet
  facet normal 0 0 1
    outer loop
      vertex 35.50704155516198 -20.5 5
      vertex 36.771782402840216 -18.133836298979052 5
      vertex 35.50704155516198 20.5 5
    endloop
  endfacet
  facet normal 0 0 1
    outer loop
      vertex 36.771782402840216 -18.133836298979052 5
      vertex 37.87906083296276 -15.690020726968681 5
      vertex 36.771782402840216 18.133836298979052 5
    endloop
  endfacet
  facet normal 0 0 1
    outer loop
      vertex 37.87906083296276 -15.690020726968681 5
      vertex 38.824135309299336 -13.179018077429625 5
      vertex 37.87906083296276 15.690020726968681 5
    endloop
  endfacet
  facet normal 0 0 1
    outer loop
      vertex 38.824135309299336 -13.179018077429625 5
      vertex 39.6029588778518 -10.61158084920335 5
      vertex 38.824135309299336 13.179018077429625 5
    endloop
  endfacet
  facet normal 0 0 1
    outer loop
      vertex 39.6029588778518 -10.61158084920335 5
      vertex 40.21219649653245 -7.998703202661258 5
      vertex 39.6029588778518 10.61158084920335 5
    endloop
  endfacet
  facet normal 0 0 1
    outer loop
      vertex 40.21219649653245 -7.998703202661258 5
      vertex 40.649239316326224 -5.351573881022114 5
      vertex 40.21219649653245 7.998703202661258 5
    endloop
  endfacet
  facet normal 0 0 1
    outer loop
      vertex 40.649239316326224 -5.351573881022114 5
      vertex 40.912215852782744 -2.6815282984358655 5
      vertex 40.649239316326224 5.351573881022114 5
    endloop
  endfacet
  facet normal 0 0 -1
    outer loop
      vertex 5.351573881022114 40.649239316326224 0
      vertex 5 -20 0
      vertex -5 -20 0
    endloop
  endfacet
  facet normal 0 0 -1
    outer loop
      vertex 5.351573881022114 -40.649239316326224 0
      vertex 5.351573881022114 40.649239316326224 0
      vertex 7.998703202661258 40.21219649653245 0
    endloop
  endfacet
  facet normal 0 0 -1
    outer loop
      vertex 7.998703202661258 -40.21219649653245 0
      vertex 7.998703202661258 40.21219649653245 0
      vertex 10.61158084920335 39.6029588778518 0
    endloop
  endfacet
  facet normal 0 0 -1
    outer loop
      vertex 18.403425722818234 -10.395354993231772 0
      vertex 18.403425722818234 10.395354993231772 0
      vertex 18.413688221801902 10.291158092447917 0
    endloop
  endfacet
  facet normal 0 0 -1
    outer loop
      vertex 18.4 -10.5 0
      vertex 18.4 10.5 0
      vertex 18.403425722818234 10.395354993231772 0
    endloop
  endfacet
  facet normal 0 0 -1
    outer loop
      vertex 18.484911792807832 -9.985696855514941 0
      vertex 18.484911792807832 9.985696855514941 0
      vertex 18.52179274798194 9.887706508215857 0
    endloop
  endfacet
  facet normal 0 0 -1
    outer loop
      vertex 18.45451867793749 -10.085889527835967 0
      vertex 18.45451867793749 10.085889527835967 0
      vertex 18.484911792807832 9.985696855514941 0
    endloop
  endfacet
  facet normal 0 0 -1
    outer loop
      vertex 18.43074355135483 -10.187855484774195 0
      vertex 18.43074355135483 10.187855484774195 0
      vertex 18.45451867793749 10.085889527835967 0
    endloop
  endfacet
  facet normal 0 0 -1
    outer loop
      vertex 18.52179274798194 -9.887706508215857 0
      vertex 18.52179274798194 9.887706508215857 0
      vertex 18.5650036135477 9.792338095649598 0
    endloop
  endfacet
  facet normal 0 0 -1
    outer loop
      vertex 18.413688221801902 -10.291158092447917 0
      vertex 18.413688221801902 10.291158092447917 0
      vertex 18.43074355135483 10.187855484774195 0
    endloop
  endfacet
  facet normal 0 0 -1
    outer loop
      vertex 18.082661904350402 -28.65938639505694 0
      vertex 18.506370849898477 28.963011931610765 0
      vertex 18.4 10.5 0
    endloop
  endfacet
  facet normal 0 0 -1
    outer loop
      vertex 18.66964862031593 -9.611087627168637 0
      vertex 18.66964862031593 9.611087627168637 0
      vertex 18.730634655534026 9.525981713586047 0
    endloop
  endfacet
  facet normal 0 0 -1
    outer loop
      vertex 18.730634655534026 -9.525981713586047 0
      vertex 18.730634655534026 9.525981713586047 0
      vertex 18.797056308033635 9.44504669583989 0
    endloop
  endfacet
  facet normal 0 0 -1
    outer loop
      vertex 18.868629150101523 -9.368629150101524 0
      vertex 18.868629150101523 9.368629150101524 0
      vertex 18.94504669583989 9.297056308033635 0
    endloop
  endfacet
  facet normal 0 0 -1
    outer loop
      vertex 18.797056308033635 -9.44504669583989 0
      vertex 18.797056308033635 9.44504669583989 0
      vertex 18.868629150101523 9.368629150101524 0
    endloop
  endfacet
  facet normal 0 0 -1
    outer loop
      vertex 18.94504669583989 -9.297056308033635 0
      vertex 18.94504669583989 9.297056308033635 0
      vertex 19.02598171358605 9.230634655534024 0
    endloop
  endfacet
  facet normal 0 0 -1
    outer loop
      vertex 19.02598171358605 -9.230634655534024 0
      vertex 19.02598171358605 9.230634655534024 0
      vertex 19.111087627168637 9.169648620315927 0
    endloop
  endfacet
  facet normal 0 0 -1
    outer loop
      vertex 19.02598171358605 -9.230634655534024 0
      vertex 19.111087627168637 9.169648620315927 0
      vertex 19.2 9.114359353944899 0
    endloop
  endfacet
  facet normal 0 0 -1
    outer loop
      vertex 19.02598171358605 -9.230634655534024 0
      vertex 19.2 9.114359353944899 0
      vertex 19.292338095649598 9.065003613547699 0
    endloop
  endfacet
  facet normal 0 0 -1
    outer loop
      vertex 18.6143593539449 -9.7 0
      vertex 18.6143593539449 9.7 0
      vertex 18.66964862031593 9.611087627168637 0
    endloop
  endfacet
  facet normal 0 0 -1
    outer loop
      vertex 18.5650036135477 -9.792338095649598 0
      vertex 18.5650036135477 9.792338095649598 0
      vertex 18.6143593539449 9.7 0
    endloop
  endfacet
  facet normal 0 0 -1
    outer loop
      vertex 19.02598171358605 -9.230634655534024 0
      vertex 19.292338095649598 9.065003613547699 0
      vertex 19.387706508215857 9.02179274798194 0
    endloop
  endfacet
  facet normal 0 0 -1
    outer loop
      vertex 19.02598171358605 -9.230634655534024 0
      vertex 19.48569685551494 8.98491179280783 0
      vertex 19.585889527835967 8.954518677937491 0
    endloop
  endfacet
  facet normal 0 0 -1
    outer loop
      vertex 19.02598171358605 -9.230634655534024 0
      vertex 19.387706508215857 9.02179274798194 0
      vertex 19.48569685551494 8.98491179280783 0
    endloop
  endfacet
  facet normal 0 0 -1
    outer loop
      vertex 19.02598171358605 -9.230634655534024 0
      vertex 19.585889527835967 8.954518677937491 0
      vertex 19.687855484774193 8.930743551354832 0
    endloop
  endfacet
  facet normal 0 0 -1
    outer loop
      vertex 19.687855484774193 -8.930743551354832 0
      vertex 19.687855484774193 8.930743551354832 0
      vertex 19.79115809244792 8.913688221801904 0
    endloop
  endfacet
  facet normal 0 0 -1
    outer loop
      vertex 19.79115809244792 -8.913688221801904 0
      vertex 19.79115809244792 8.913688221801904 0
      vertex 19.89535499323177 8.903425722818234 0
    endloop
  endfacet
  facet normal 0 0 -1
    outer loop
      vertex 19.89535499323177 -8.903425722818234 0
      vertex 19.89535499323177 8.903425722818234 0
      vertex 20 8.9 0
    endloop
  endfacet
  facet normal 0 0 -1
    outer loop
      vertex 20 -8.9 0
      vertex 20 8.9 0
      vertex 20.10464500676823 8.903425722818234 0
    endloop
  endfacet
  facet normal 0 0 -1
    outer loop
      vertex 20.10464500676823 -8.903425722818234 0
      vertex 20.10464500676823 8.903425722818234 0
      vertex 20.20884190755208 8.913688221801904 0
    endloop
  endfacet
  facet normal 0 0 -1
    outer loop
      vertex 20.20884190755208 -8.913688221801904 0
      vertex 20.20884190755208 8.913688221801904 0
      vertex 20.312144515225807 8.930743551354832 0
    endloop
  endfacet
  facet normal 0 0 -1
    outer loop
      vertex 20.312144515225807 -8.930743551354832 0
      vertex 20.312144515225807 8.930743551354832 0
      vertex 20.414110472164033 8.954518677937491 0
    endloop
  endfacet
  facet normal 0 0 -1
    outer loop
      vertex 20.414110472164033 -8.954518677937491 0
      vertex 20.414110472164033 8.954518677937491 0
      vertex 20.51430314448506 8.98491179280783 0
    endloop
  endfacet
  facet normal 0 0 -1
    outer loop
      vertex 15.829518677937491 -29.68027230934521 0
      vertex 15.829518677937491 29.68027230934521 0
      vertex 15.85991179280783 29.580079637024184 0
    endloop
  endfacet
  facet normal 0 0 -1
    outer loop
      vertex 15.805743551354832 -29.782238266283436 0
      vertex 15.805743551354832 29.782238266283436 0
      vertex 15.829518677937491 29.68027230934521 0
    endloop
  endfacet
  facet normal 0 0 -1
    outer loop
      vertex 15.788688221801904 -29.88554087395716 0
      vertex 15.788688221801904 29.88554087395716 0
      vertex 15.805743551354832 29.782238266283436 0
    endloop
  endfacet
  facet normal 0 0 -1
    outer loop
      vertex 15.940003613547699 -29.38672087715884 0
      vertex 15.989359353944899 29.294382781509242 0
      vertex 16.04464862031593 29.20547040867788 0
    endloop
  endfacet
  facet normal 0 0 -1
    outer loop
      vertex 15.940003613547699 -29.38672087715884 0
      vertex 15.940003613547699 29.38672087715884 0
      vertex 15.989359353944899 29.294382781509242 0
    endloop
  endfacet
  facet normal 0 0 -1
    outer loop
      vertex 15.89679274798194 -29.4820892897251 0
      vertex 15.89679274798194 29.4820892897251 0
      vertex 15.940003613547699 29.38672087715884 0
    endloop
  endfacet
  facet normal 0 0 -1
    outer loop
      vertex 15.85991179280783 -29.580079637024184 0
      vertex 15.85991179280783 29.580079637024184 0
      vertex 15.89679274798194 29.4820892897251 0
    endloop
  endfacet
  facet normal 0 0 -1
    outer loop
      vertex 15.778425722818234 -29.989737774741013 0
      vertex 15.778425722818234 29.989737774741013 0
      vertex 15.788688221801904 29.88554087395716 0
    endloop
  endfacet
  facet normal 0 0 -1
    outer loop
      vertex 15.778425722818234 -29.989737774741013 0
      vertex 15.775 30.094382781509243 0
      vertex 15.778425722818234 29.989737774741013 0
    endloop
  endfacet
  facet normal 0 0 -1
    outer loop
      vertex 15.940003613547699 -29.38672087715884 0
      vertex 16.105634655534026 29.120364495095288 0
      vertex 16.172056308033635 29.03942947734913 0
    endloop
  endfacet
  facet normal 0 0 -1
    outer loop
      vertex 15.940003613547699 -29.38672087715884 0
      vertex 16.243629150101523 28.963011931610765 0
      vertex 16.32004669583989 28.891439089542878 0
    endloop
  endfacet
  facet normal 0 0 -1
    outer loop
      vertex 15.940003613547699 -29.38672087715884 0
      vertex 16.172056308033635 29.03942947734913 0
      vertex 16.243629150101523 28.963011931610765 0
    endloop
  endfacet
  facet normal 0 0 -1
    outer loop
      vertex 15.940003613547699 -29.38672087715884 0
      vertex 16.32004669583989 28.891439089542878 0
      vertex 16.40098171358605 28.825017437043265 0
    endloop
  endfacet
  facet normal 0 0 -1
    outer loop
      vertex 15.940003613547699 -29.38672087715884 0
      vertex 16.486087627168637 28.76403140182517 0
      vertex 16.575 28.70874213545414 0
    endloop
  endfacet
  facet normal 0 0 -1
    outer loop
      vertex 15.940003613547699 -29.38672087715884 0
      vertex 16.40098171358605 28.825017437043265 0
      vertex 16.486087627168637 28.76403140182517 0
    endloop
  endfacet
  facet normal 0 0 -1
    outer loop
      vertex 15.940003613547699 -29.38672087715884 0
      vertex 16.762706508215857 28.616175529491183 0
      vertex 16.86069685551494 28.579294574317075 0
    endloop
  endfacet
  facet normal 0 0 -1
    outer loop
      vertex 15.940003613547699 -29.38672087715884 0
      vertex 16.960889527835967 28.548901459446732 0
      vertex 17.062855484774193 28.525126332864073 0
    endloop
  endfacet
  facet normal 0 0 -1
    outer loop
      vertex 15.940003613547699 -29.38672087715884 0
      vertex 16.86069685551494 28.579294574317075 0
      vertex 16.960889527835967 28.548901459446732 0
    endloop
  endfacet
  facet normal 0 0 -1
    outer loop
      vertex 15.940003613547699 -29.38672087715884 0
      vertex 16.575 28.70874213545414 0
      vertex 16.667338095649598 28.65938639505694 0
    endloop
  endfacet
  facet normal 0 0 -1
    outer loop
      vertex 15.940003613547699 -29.38672087715884 0
      vertex 16.667338095649598 28.65938639505694 0
      vertex 16.762706508215857 28.616175529491183 0
    endloop
  endfacet
  facet normal 0 0 -1
    outer loop
      vertex 15.940003613547699 -29.38672087715884 0
      vertex 16.04464862031593 29.20547040867788 0
      vertex 16.105634655534026 29.120364495095288 0
    endloop
  endfacet
  facet normal 0 0 -1
    outer loop
      vertex 15.940003613547699 -29.38672087715884 0
      vertex 17.062855484774193 28.525126332864073 0
      vertex 17.16615809244792 28.508071003311144 0
    endloop
  endfacet
  facet normal 0 0 -1
    outer loop
      vertex 15.940003613547699 -29.38672087715884 0
      vertex 17.16615809244792 28.508071003311144 0
      vertex 17.27035499323177 28.497808504327477 0
    endloop
  endfacet
  facet normal 0 0 -1
    outer loop
      vertex 15.940003613547699 -29.38672087715884 0
      vertex 17.27035499323177 28.497808504327477 0
      vertex 17.375 28.49438278150924 0
    endloop
  endfacet
  facet normal 0 0 -1
    outer loop
      vertex 15.940003613547699 -29.38672087715884 0
      vertex 17.375 28.49438278150924 0
      vertex 17.47964500676823 28.497808504327477 0
    endloop
  endfacet
  facet normal 0 0 -1
    outer loop
      vertex 15.940003613547699 -29.38672087715884 0
      vertex 17.47964500676823 28.497808504327477 0
      vertex 17.58384190755208 28.508071003311144 0
    endloop
  endfacet
  facet normal 0 0 -1
    outer loop
      vertex 15.940003613547699 -29.38672087715884 0
      vertex 17.58384190755208 28.508071003311144 0
      vertex 17.687144515225807 28.525126332864073 0
    endloop
  endfacet
  facet normal 0 0 -1
    outer loop
      vertex 15.940003613547699 -29.38672087715884 0
      vertex 17.789110472164033 28.548901459446732 0
      vertex 17.88930314448506 28.579294574317075 0
    endloop
  endfacet
  facet normal 0 0 -1
    outer loop
      vertex 15.940003613547699 -29.38672087715884 0
      vertex 17.687144515225807 28.525126332864073 0
      vertex 17.789110472164033 28.548901459446732 0
    endloop
  endfacet
  facet normal 0 0 -1
    outer loop
      vertex 17.58384190755208 -28.508071003311144 0
      vertex 17.88930314448506 28.579294574317075 0
      vertex 17.987293491784143 28.616175529491183 0
    endloop
  endfacet
  facet normal 0 0 -1
    outer loop
      vertex 17.789110472164033 -28.548901459446732 0
      vertex 17.987293491784143 28.616175529491183 0
      vertex 18.082661904350402 28.65938639505694 0
    endloop
  endfacet
  facet normal 0 0 -1
    outer loop
      vertex 17.88930314448506 -28.579294574317075 0
      vertex 18.082661904350402 28.65938639505694 0
      vertex 18.175 28.70874213545414 0
    endloop
  endfacet
  facet normal 0 0 -1
    outer loop
      vertex 18.082661904350402 -28.65938639505694 0
      vertex 18.175 28.70874213545414 0
      vertex 18.263912372831363 28.76403140182517 0
    endloop
  endfacet
  facet normal 0 0 -1
    outer loop
      vertex 18.082661904350402 -28.65938639505694 0
      vertex 18.263912372831363 28.76403140182517 0
      vertex 18.34901828641395 28.825017437043265 0
    endloop
  endfacet
  facet normal 0 0 -1
    outer loop
      vertex 18.082661904350402 -28.65938639505694 0
      vertex 18.34901828641395 28.825017437043265 0
      vertex 18.42995330416011 28.891439089542878 0
    endloop
  endfacet
  facet normal 0 0 -1
    outer loop
      vertex 18.082661904350402 -28.65938639505694 0
      vertex 18.42995330416011 28.891439089542878 0
      vertex 18.506370849898477 28.963011931610765 0
    endloop
  endfacet
  facet normal 0 0 -1
    outer loop
      vertex 10.61158084920335 -39.6029588778518 0
      vertex 10.61158084920335 39.6029588778518 0
      vertex 13.179018077429625 38.824135309299336 0
    endloop
  endfacet
  facet normal 0 0 -1
    outer loop
      vertex 13.179018077429625 -38.824135309299336 0
      vertex 13.179018077429625 38.824135309299336 0
      vertex 15.690020726968681 37.87906083296276 0
    endloop
  endfacet
  facet normal 0 0 -1
    outer loop
      vertex 15.690020726968681 37.87906083296276 0
      vertex 15.775 30.094382781509243 0
      vertex 15.778425722818234 -29.989737774741013 0
    endloop
  endfacet
  facet normal 0 0 -1
    outer loop
      vertex 18.4 10.5 0
      vertex 18.506370849898477 28.963011931610765 0
      vertex 18.403425722818234 10.604645006768228 0
    endloop
  endfacet
  facet normal 0 0 -1
    outer loop
      vertex 18.403425722818234 10.604645006768228 0
      vertex 18.506370849898477 28.963011931610765 0
      vertex 18.413688221801902 10.708841907552083 0
    endloop
  endfacet
  facet normal 0 0 -1
    outer loop
      vertex 18.43074355135483 10.812144515225805 0
      vertex 18.506370849898477 28.963011931610765 0
      vertex 18.45451867793749 10.914110472164033 0
    endloop
  endfacet
  facet normal 0 0 -1
    outer loop
      vertex 18.413688221801902 10.708841907552083 0
      vertex 18.506370849898477 28.963011931610765 0
      vertex 18.43074355135483 10.812144515225805 0
    endloop
  endfacet
  facet normal 0 0 -1
    outer loop
      vertex 18.45451867793749 10.914110472164033 0
      vertex 18.506370849898477 28.963011931610765 0
      vertex 18.484911792807832 11.014303144485059 0
    endloop
  endfacet
  facet normal 0 0 -1
    outer loop
      vertex 18.484911792807832 11.014303144485059 0
      vertex 18.506370849898477 28.963011931610765 0
      vertex 18.52179274798194 11.112293491784143 0
    endloop
  endfacet
  facet normal 0 0 -1
    outer loop
      vertex 20.5 35.50704155516198 0
      vertex 18.5650036135477 11.207661904350402 0
      vertex 18.52179274798194 11.112293491784143 0
    endloop
  endfacet
  facet normal 0 0 -1
    outer loop
      vertex 20.5 35.50704155516198 0
      vertex 18.6143593539449 11.3 0
      vertex 18.5650036135477 11.207661904350402 0
    endloop
  endfacet
  facet normal 0 0 -1
    outer loop
      vertex 20.5 35.50704155516198 0
      vertex 18.66964862031593 11.388912372831363 0
      vertex 18.6143593539449 11.3 0
    endloop
  endfacet
  facet normal 0 0 -1
    outer loop
      vertex 20.5 35.50704155516198 0
      vertex 18.730634655534026 11.474018286413953 0
      vertex 18.66964862031593 11.388912372831363 0
    endloop
  endfacet
  facet normal 0 0 -1
    outer loop
      vertex 20.5 35.50704155516198 0
      vertex 18.797056308033635 11.55495330416011 0
      vertex 18.730634655534026 11.474018286413953 0
    endloop
  endfacet
  facet normal 0 0 -1
    outer loop
      vertex 20.5 35.50704155516198 0
      vertex 18.94504669583989 11.702943691966365 0
      vertex 18.868629150101523 11.631370849898476 0
    endloop
  endfacet
  facet normal 0 0 -1
    outer loop
      vertex 20.5 35.50704155516198 0
      vertex 18.868629150101523 11.631370849898476 0
      vertex 18.797056308033635 11.55495330416011 0
    endloop
  endfacet
  facet normal 0 0 -1
    outer loop
      vertex 20.5 35.50704155516198 0
      vertex 19.02598171358605 11.769365344465976 0
      vertex 18.94504669583989 11.702943691966365 0
    endloop
  endfacet
  facet normal 0 0 -1
    outer loop
      vertex 20.5 35.50704155516198 0
      vertex 19.2 11.885640646055101 0
      vertex 19.111087627168637 11.830351379684073 0
    endloop
  endfacet
  facet normal 0 0 -1
    outer loop
      vertex 20.5 35.50704155516198 0
      vertex 19.111087627168637 11.830351379684073 0
      vertex 19.02598171358605 11.769365344465976 0
    endloop
  endfacet
  facet normal 0 0 -1
    outer loop
      vertex 20.5 35.50704155516198 0
      vertex 19.292338095649598 11.934996386452301 0
      vertex 19.2 11.885640646055101 0
    endloop
  endfacet
  facet normal 0 0 -1
    outer loop
      vertex 20.5 35.50704155516198 0
      vertex 19.387706508215857 11.97820725201806 0
      vertex 19.292338095649598 11.934996386452301 0
    endloop
  endfacet
  facet normal 0 0 -1
    outer loop
      vertex 20.5 35.50704155516198 0
      vertex 19.585889527835967 12.045481322062509 0
      vertex 19.48569685551494 12.01508820719217 0
    endloop
  endfacet
  facet normal 0 0 -1
    outer loop
      vertex 20.5 35.50704155516198 0
      vertex 19.48569685551494 12.01508820719217 0
      vertex 19.387706508215857 11.97820725201806 0
    endloop
  endfacet
  facet normal 0 0 -1
    outer loop
      vertex 20.5 35.50704155516198 0
      vertex 19.687855484774193 12.069256448645168 0
      vertex 19.585889527835967 12.045481322062509 0
    endloop
  endfacet
  facet normal 0 0 -1
    outer loop
      vertex 20.5 35.50704155516198 0
      vertex 19.79115809244792 12.086311778198096 0
      vertex 19.687855484774193 12.069256448645168 0
    endloop
  endfacet
  facet normal 0 0 -1
    outer loop
      vertex 20.5 35.50704155516198 0
      vertex 19.89535499323177 12.096574277181766 0
      vertex 19.79115809244792 12.086311778198096 0
    endloop
  endfacet
  facet normal 0 0 -1
    outer loop
      vertex 20.5 35.50704155516198 0
      vertex 20 12.1 0
      vertex 19.89535499323177 12.096574277181766 0
    endloop
  endfacet
  facet normal 0 0 -1
    outer loop
      vertex 20.5 35.50704155516198 0
      vertex 20.10464500676823 12.096574277181766 0
      vertex 20 12.1 0
    endloop
  endfacet
  facet normal 0 0 -1
    outer loop
      vertex 20.5 35.50704155516198 0
      vertex 20.20884190755208 12.086311778198096 0
      vertex 20.10464500676823 12.096574277181766 0
    endloop
  endfacet
  facet normal 0 0 -1
    outer loop
      vertex 20.5 35.50704155516198 0
      vertex 20.414110472164033 12.045481322062509 0
      vertex 20.312144515225807 12.069256448645168 0
    endloop
  endfacet
  facet normal 0 0 -1
    outer loop
      vertex 20.5 35.50704155516198 0
      vertex 20.312144515225807 12.069256448645168 0
      vertex 20.20884190755208 12.086311778198096 0
    endloop
  endfacet
  facet normal 0 0 -1
    outer loop
      vertex 2.6815282984358655 40.912215852782744 0
      vertex 5.351573881022114 40.649239316326224 0
      vertex -5 -20 0
    endloop
  endfacet
  facet normal 0.03271908282177616 0.9994645874763656 0
    outer loop
      vertex 0 41 0
      vertex 0 41 5
      vertex 2.6815282984358655 40.912215852782744 0
    endloop
  endfacet
  facet normal 0.09801714032956184 0.9951847266721967 0
    outer loop
      vertex 2.6815282984358655 40.912215852782744 0
      vertex 2.6815282984358655 40.912215852782744 5
      vertex 5.351573881022114 40.649239316326224 0
    endloop
  endfacet
  facet normal 0.16289547339458713 0.9866433320848792 0
    outer loop
      vertex 5.351573881022114 40.649239316326224 0
      vertex 5.351573881022114 40.649239316326224 5
      vertex 7.998703202661258 40.21219649653245 0
    endloop
  endfacet
  facet normal 0.22707626303437442 0.9738769792773334 0
    outer loop
      vertex 7.998703202661258 40.21219649653245 0
      vertex 7.998703202661258 40.21219649653245 5
      vertex 10.61158084920335 39.6029588778518 0
    endloop
  endfacet
  facet normal 0 0 -1
    outer loop
      vertex 18.506370849898477 28.963011931610765 0
      vertex 18.577943691966365 29.03942947734913 0
      vertex 18.52179274798194 11.112293491784143 0
    endloop
  endfacet
  facet normal 0 0 -1
    outer loop
      vertex 18.644365344465974 29.120364495095288 0
      vertex 18.52179274798194 11.112293491784143 0
      vertex 18.577943691966365 29.03942947734913 0
    endloop
  endfacet
  facet normal 0 0 -1
    outer loop
      vertex 18.70535137968407 29.20547040867788 0
      vertex 18.52179274798194 11.112293491784143 0
      vertex 18.644365344465974 29.120364495095288 0
    endloop
  endfacet
  facet normal 0 0 -1
    outer loop
      vertex 18.7606406460551 29.294382781509242 0
      vertex 18.52179274798194 11.112293491784143 0
      vertex 18.70535137968407 29.20547040867788 0
    endloop
  endfacet
  facet normal 0 0 -1
    outer loop
      vertex 18.8099963864523 29.38672087715884 0
      vertex 18.52179274798194 11.112293491784143 0
      vertex 18.7606406460551 29.294382781509242 0
    endloop
  endfacet
  facet normal 0 0 -1
    outer loop
      vertex 18.85320725201806 29.4820892897251 0
      vertex 18.52179274798194 11.112293491784143 0
      vertex 18.8099963864523 29.38672087715884 0
    endloop
  endfacet
  facet normal 0 0 -1
    outer loop
      vertex 18.92048132206251 29.68027230934521 0
      vertex 18.52179274798194 11.112293491784143 0
      vertex 18.890088207192168 29.580079637024184 0
    endloop
  endfacet
  facet normal 0 0 -1
    outer loop
      vertex 18.890088207192168 29.580079637024184 0
      vertex 18.52179274798194 11.112293491784143 0
      vertex 18.85320725201806 29.4820892897251 0
    endloop
  endfacet
  facet normal 0 0 -1
    outer loop
      vertex 18.94425644864517 29.782238266283436 0
      vertex 18.52179274798194 11.112293491784143 0
      vertex 18.92048132206251 29.68027230934521 0
    endloop
  endfacet
  facet normal 0 0 -1
    outer loop
      vertex 18.961311778198098 29.88554087395716 0
      vertex 18.52179274798194 11.112293491784143 0
      vertex 18.94425644864517 29.782238266283436 0
    endloop
  endfacet
  facet normal 0 0 -1
    outer loop
      vertex 18.971574277181766 29.989737774741013 0
      vertex 18.52179274798194 11.112293491784143 0
      vertex 18.961311778198098 29.88554087395716 0
    endloop
  endfacet
  facet normal 0 0 -1
    outer loop
      vertex 18.975 30.094382781509243 0
      vertex 18.52179274798194 11.112293491784143 0
      vertex 18.971574277181766 29.989737774741013 0
    endloop
  endfacet
  facet normal 0 0 -1
    outer loop
      vertex 20.5 35.50704155516198 0
      vertex 18.52179274798194 11.112293491784143 0
      vertex 18.975 30.094382781509243 0
    endloop
  endfacet
  facet normal 0 0 -1
    outer loop
      vertex 15.690020726968681 37.87906083296276 0
      vertex 15.778425722818234 30.199027788277473 0
      vertex 15.775 30.094382781509243 0
    endloop
  endfacet
  facet normal 0 0 -1
    outer loop
      vertex 15.690020726968681 37.87906083296276 0
      vertex 15.788688221801904 30.303224689061324 0
      vertex 15.778425722818234 30.199027788277473 0
    endloop
  endfacet
  facet normal 0 0 -1
    outer loop
      vertex 15.690020726968681 37.87906083296276 0
      vertex 15.805743551354832 30.40652729673505 0
      vertex 15.788688221801904 30.303224689061324 0
    endloop
  endfacet
  facet normal 0 0 -1
    outer loop
      vertex 15.690020726968681 37.87906083296276 0
      vertex 15.829518677937491 30.508493253673276 0
      vertex 15.805743551354832 30.40652729673505 0
    endloop
  endfacet
  facet normal 0 0 -1
    outer loop
      vertex 15.690020726968681 37.87906083296276 0
      vertex 15.89679274798194 30.706676273293386 0
      vertex 15.85991179280783 30.6086859259943 0
    endloop
  endfacet
  facet normal 0 0 -1
    outer loop
      vertex 15.690020726968681 37.87906083296276 0
      vertex 15.85991179280783 30.6086859259943 0
      vertex 15.829518677937491 30.508493253673276 0
    endloop
  endfacet
  facet normal 0 0 -1
    outer loop
      vertex 15.690020726968681 37.87906083296276 0
      vertex 15.940003613547699 30.802044685859645 0
      vertex 15.89679274798194 30.706676273293386 0
    endloop
  endfacet
  facet normal 0 0 -1
    outer loop
      vertex 15.690020726968681 37.87906083296276 0
      vertex 15.989359353944899 30.894382781509243 0
      vertex 15.940003613547699 30.802044685859645 0
    endloop
  endfacet
  facet normal 0 0 -1
    outer loop
      vertex 15.690020726968681 37.87906083296276 0
      vertex 16.04464862031593 30.983295154340606 0
      vertex 15.989359353944899 30.894382781509243 0
    endloop
  endfacet
  facet normal 0 0 -1
    outer loop
      vertex 15.690020726968681 37.87906083296276 0
      vertex 16.105634655534026 31.068401067923197 0
      vertex 16.04464862031593 30.983295154340606 0
    endloop
  endfacet
  facet normal 0 0 -1
    outer loop
      vertex 15.690020726968681 37.87906083296276 0
      vertex 16.172056308033635 31.149336085669354 0
      vertex 16.105634655534026 31.068401067923197 0
    endloop
  endfacet
  facet normal 0 0 -1
    outer loop
      vertex 15.690020726968681 37.87906083296276 0
      vertex 16.32004669583989 31.297326473475607 0
      vertex 16.243629150101523 31.22575363140772 0
    endloop
  endfacet
  facet normal 0 0 -1
    outer loop
      vertex 15.690020726968681 37.87906083296276 0
      vertex 16.243629150101523 31.22575363140772 0
      vertex 16.172056308033635 31.149336085669354 0
    endloop
  endfacet
  facet normal 0 0 -1
    outer loop
      vertex 15.690020726968681 37.87906083296276 0
      vertex 16.40098171358605 31.36374812597522 0
      vertex 16.32004669583989 31.297326473475607 0
    endloop
  endfacet
  facet normal 0 0 -1
    outer loop
      vertex 15.690020726968681 37.87906083296276 0
      vertex 16.575 31.480023427564344 0
      vertex 16.486087627168637 31.424734161193314 0
    endloop
  endfacet
  facet normal 0 0 -1
    outer loop
      vertex 15.690020726968681 37.87906083296276 0
      vertex 16.486087627168637 31.424734161193314 0
      vertex 16.40098171358605 31.36374812597522 0
    endloop
  endfacet
  facet normal 0 0 -1
    outer loop
      vertex 15.690020726968681 37.87906083296276 0
      vertex 16.667338095649598 31.529379167961544 0
      vertex 16.575 31.480023427564344 0
    endloop
  endfacet
  facet normal 0 0 -1
    outer loop
      vertex 15.690020726968681 37.87906083296276 0
      vertex 16.762706508215857 31.5725900335273 0
      vertex 16.667338095649598 31.529379167961544 0
    endloop
  endfacet
  facet normal 0 0 -1
    outer loop
      vertex 15.690020726968681 37.87906083296276 0
      vertex 16.86069685551494 31.60947098870141 0
      vertex 16.762706508215857 31.5725900335273 0
    endloop
  endfacet
  facet normal 0 0 -1
    outer loop
      vertex 15.690020726968681 37.87906083296276 0
      vertex 16.960889527835967 31.639864103571753 0
      vertex 16.86069685551494 31.60947098870141 0
    endloop
  endfacet
  facet normal 0 0 -1
    outer loop
      vertex 15.690020726968681 37.87906083296276 0
      vertex 17.062855484774193 31.663639230154413 0
      vertex 16.960889527835967 31.639864103571753 0
    endloop
  endfacet
  facet normal 0 0 -1
    outer loop
      vertex 15.690020726968681 37.87906083296276 0
      vertex 17.16615809244792 31.68069455970734 0
      vertex 17.062855484774193 31.663639230154413 0
    endloop
  endfacet
  facet normal 0 0 -1
    outer loop
      vertex 15.690020726968681 37.87906083296276 0
      vertex 17.27035499323177 31.69095705869101 0
      vertex 17.16615809244792 31.68069455970734 0
    endloop
  endfacet
  facet normal 0 0 -1
    outer loop
      vertex 18.133836298979052 36.771782402840216 0
      vertex 17.375 31.694382781509244 0
      vertex 17.27035499323177 31.69095705869101 0
    endloop
  endfacet
  facet normal 0 0 -1
    outer loop
      vertex 18.133836298979052 36.771782402840216 0
      vertex 17.47964500676823 31.69095705869101 0
      vertex 17.375 31.694382781509244 0
    endloop
  endfacet
  facet normal 0 0 -1
    outer loop
      vertex 18.133836298979052 36.771782402840216 0
      vertex 17.58384190755208 31.68069455970734 0
      vertex 17.47964500676823 31.69095705869101 0
    endloop
  endfacet
  facet normal 0 0 -1
    outer loop
      vertex 18.133836298979052 36.771782402840216 0
      vertex 17.687144515225807 31.663639230154413 0
      vertex 17.58384190755208 31.68069455970734 0
    endloop
  endfacet
  facet normal 0 0 -1
    outer loop
      vertex 18.133836298979052 36.771782402840216 0
      vertex 17.88930314448506 31.60947098870141 0
      vertex 17.789110472164033 31.639864103571753 0
    endloop
  endfacet
  facet normal 0 0 -1
    outer loop
      vertex 18.133836298979052 36.771782402840216 0
      vertex 17.789110472164033 31.639864103571753 0
      vertex 17.687144515225807 31.663639230154413 0
    endloop
  endfacet
  facet normal 0 0 -1
    outer loop
      vertex 15.690020726968681 37.87906083296276 0
      vertex 18.133836298979052 36.771782402840216 0
      vertex 17.27035499323177 31.69095705869101 0
    endloop
  endfacet
  facet normal 0 0 -1
    outer loop
      vertex 18.133836298979052 36.771782402840216 0
      vertex 18.082661904350402 31.529379167961544 0
      vertex 17.987293491784143 31.5725900335273 0
    endloop
  endfacet
  facet normal 0 0 -1
    outer loop
      vertex 20.5 35.50704155516198 0
      vertex 18.577943691966365 31.149336085669354 0
      vertex 18.506370849898477 31.22575363140772 0
    endloop
  endfacet
  facet normal 0 0 -1
    outer loop
      vertex 20.5 35.50704155516198 0
      vertex 18.263912372831363 31.424734161193314 0
      vertex 18.175 31.480023427564344 0
    endloop
  endfacet
  facet normal 0 0 -1
    outer loop
      vertex 20.5 35.50704155516198 0
      vertex 18.34901828641395 31.36374812597522 0
      vertex 18.263912372831363 31.424734161193314 0
    endloop
  endfacet
  facet normal 0 0 -1
    outer loop
      vertex 20.5 35.50704155516198 0
      vertex 18.175 31.480023427564344 0
      vertex 18.082661904350402 31.529379167961544 0
    endloop
  endfacet
  facet normal 0 0 -1
    outer loop
      vertex 20.5 35.50704155516198 0
      vertex 18.42995330416011 31.297326473475607 0
      vertex 18.34901828641395 31.36374812597522 0
    endloop
  endfacet
  facet normal 0 0 -1
    outer loop
      vertex 20.5 35.50704155516198 0
      vertex 18.506370849898477 31.22575363140772 0
      vertex 18.42995330416011 31.297326473475607 0
    endloop
  endfacet
  facet normal 0 0 -1
    outer loop
      vertex 20.5 35.50704155516198 0
      vertex 18.975 30.094382781509243 0
      vertex 18.971574277181766 30.199027788277473 0
    endloop
  endfacet
  facet normal 0 0 -1
    outer loop
      vertex 20.5 35.50704155516198 0
      vertex 18.971574277181766 30.199027788277473 0
      vertex 18.961311778198098 30.303224689061324 0
    endloop
  endfacet
  facet normal 0 0 -1
    outer loop
      vertex 20.5 35.50704155516198 0
      vertex 18.94425644864517 30.40652729673505 0
      vertex 18.92048132206251 30.508493253673276 0
    endloop
  endfacet
  facet normal 0 0 -1
    outer loop
      vertex 20.5 35.50704155516198 0
      vertex 18.961311778198098 30.303224689061324 0
      vertex 18.94425644864517 30.40652729673505 0
    endloop
  endfacet
  facet normal 0 0 -1
    outer loop
      vertex 20.5 35.50704155516198 0
      vertex 18.92048132206251 30.508493253673276 0
      vertex 18.890088207192168 30.6086859259943 0
    endloop
  endfacet
  facet normal 0 0 -1
    outer loop
      vertex 20.5 35.50704155516198 0
      vertex 18.85320725201806 30.706676273293386 0
      vertex 18.8099963864523 30.802044685859645 0
    endloop
  endfacet
  facet normal 0 0 -1
    outer loop
      vertex 20.5 35.50704155516198 0
      vertex 18.890088207192168 30.6086859259943 0
      vertex 18.85320725201806 30.706676273293386 0
    endloop
  endfacet
  facet normal 0 0 -1
    outer loop
      vertex 20.5 35.50704155516198 0
      vertex 18.8099963864523 30.802044685859645 0
      vertex 18.7606406460551 30.894382781509243 0
    endloop
  endfacet
  facet normal 0 0 -1
    outer loop
      vertex 20.5 35.50704155516198 0
      vertex 18.7606406460551 30.894382781509243 0
      vertex 18.70535137968407 30.983295154340606 0
    endloop
  endfacet
  facet normal 0 0 -1
    outer loop
      vertex 20.5 35.50704155516198 0
      vertex 18.644365344465974 31.068401067923197 0
      vertex 18.577943691966365 31.149336085669354 0
    endloop
  endfacet
  facet normal 0 0 -1
    outer loop
      vertex 20.5 35.50704155516198 0
      vertex 18.70535137968407 30.983295154340606 0
      vertex 18.644365344465974 31.068401067923197 0
    endloop
  endfacet
  facet normal 0 0 -1
    outer loop
      vertex 18.133836298979052 36.771782402840216 0
      vertex 17.987293491784143 31.5725900335273 0
      vertex 17.88930314448506 31.60947098870141 0
    endloop
  endfacet
  facet normal 0 0 -1
    outer loop
      vertex 18.133836298979052 36.771782402840216 0
      vertex 20.5 35.50704155516198 0
      vertex 18.082661904350402 31.529379167961544 0
    endloop
  endfacet
  facet normal 0.29028467725446 0.9569403357322096 0
    outer loop
      vertex 10.61158084920335 39.6029588778518 0
      vertex 10.61158084920335 39.6029588778518 5
      vertex 13.179018077429625 38.824135309299336 0
    endloop
  endfacet
  facet normal 0.35225004792123465 0.9359059267573253 0
    outer loop
      vertex 13.179018077429625 38.824135309299336 0
      vertex 13.179018077429625 38.824135309299336 5
      vertex 15.690020726968681 37.87906083296276 0
    endloop
  endfacet
  facet normal 0.41270702980439633 0.910863824921175 0
    outer loop
      vertex 15.690020726968681 37.87906083296276 0
      vertex 15.690020726968681 37.87906083296276 5
      vertex 18.133836298979052 36.771782402840216 0
    endloop
  endfacet
  facet normal 0.4713967368259967 0.8819212643483555 0
    outer loop
      vertex 18.133836298979052 36.771782402840216 0
      vertex 18.133836298979052 36.771782402840216 5
      vertex 20.5 35.50704155516198 0
    endloop
  endfacet
  facet normal 0.03271908282177616 0.9994645874763656 0
    outer loop
      vertex 2.6815282984358655 40.912215852782744 0
      vertex 0 41 5
      vertex 2.6815282984358655 40.912215852782744 5
    endloop
  endfacet
  facet normal 0.09801714032956184 0.9951847266721967 0
    outer loop
      vertex 5.351573881022114 40.649239316326224 0
      vertex 2.6815282984358655 40.912215852782744 5
      vertex 5.351573881022114 40.649239316326224 5
    endloop
  endfacet
  facet normal 0.16289547339458713 0.9866433320848792 0
    outer loop
      vertex 7.998703202661258 40.21219649653245 0
      vertex 5.351573881022114 40.649239316326224 5
      vertex 7.998703202661258 40.21219649653245 5
    endloop
  endfacet
  facet normal 0.22707626303437442 0.9738769792773334 0
    outer loop
      vertex 10.61158084920335 39.6029588778518 0
      vertex 7.998703202661258 40.21219649653245 5
      vertex 10.61158084920335 39.6029588778518 5
    endloop
  endfacet
  facet normal 0.29028467725446 0.9569403357322096 0
    outer loop
      vertex 13.179018077429625 38.824135309299336 0
      vertex 10.61158084920335 39.6029588778518 5
      vertex 13.179018077429625 38.824135309299336 5
    endloop
  endfacet
  facet normal 0.35225004792123465 0.9359059267573253 0
    outer loop
      vertex 15.690020726968681 37.87906083296276 0
      vertex 13.179018077429625 38.824135309299336 5
      vertex 15.690020726968681 37.87906083296276 5
    endloop
  endfacet
  facet normal 0.41270702980439633 0.910863824921175 0
    outer loop
      vertex 18.133836298979052 36.771782402840216 0
      vertex 15.690020726968681 37.87906083296276 5
      vertex 18.133836298979052 36.771782402840216 5
    endloop
  endfacet
  facet normal 0.4713967368259967 0.8819212643483555 0
    outer loop
      vertex 20.5 35.50704155516198 0
      vertex 18.133836298979052 36.771782402840216 5
      vertex 20.5 35.50704155516198 5
    endloop
  endfacet
  facet normal 0 0 -1
    outer loop
      vertex 20.51430314448506 -8.98491179280783 0
      vertex 20.51430314448506 8.98491179280783 0
      vertex 20.612293491784143 9.02179274798194 0
    endloop
  endfacet
  facet normal 0 0 -1
    outer loop
      vertex 20.612293491784143 -9.02179274798194 0
      vertex 20.612293491784143 9.02179274798194 0
      vertex 20.707661904350402 9.065003613547699 0
    endloop
  endfacet
  facet normal 0 0 -1
    outer loop
      vertex 20.707661904350402 -9.065003613547699 0
      vertex 20.707661904350402 9.065003613547699 0
      vertex 20.8 9.114359353944899 0
    endloop
  endfacet
  facet normal 0 0 -1
    outer loop
      vertex 20.8 -9.114359353944899 0
      vertex 20.8 9.114359353944899 0
      vertex 20.888912372831363 9.169648620315927 0
    endloop
  endfacet
  facet normal 0 0 -1
    outer loop
      vertex 20.888912372831363 -9.169648620315927 0
      vertex 20.888912372831363 9.169648620315927 0
      vertex 20.97401828641395 9.230634655534024 0
    endloop
  endfacet
  facet normal 0 0 -1
    outer loop
      vertex 20.97401828641395 -9.230634655534024 0
      vertex 20.97401828641395 9.230634655534024 0
      vertex 21.05495330416011 9.297056308033635 0
    endloop
  endfacet
  facet normal 0 0 -1
    outer loop
      vertex 21.05495330416011 -9.297056308033635 0
      vertex 21.05495330416011 9.297056308033635 0
      vertex 21.131370849898477 9.368629150101524 0
    endloop
  endfacet
  facet normal 0 0 -1
    outer loop
      vertex 21.131370849898477 -9.368629150101524 0
      vertex 21.131370849898477 9.368629150101524 0
      vertex 21.202943691966365 9.44504669583989 0
    endloop
  endfacet
  facet normal 0 0 -1
    outer loop
      vertex 21.202943691966365 -9.44504669583989 0
      vertex 21.202943691966365 9.44504669583989 0
      vertex 21.269365344465974 9.525981713586047 0
    endloop
  endfacet
  facet normal 0 0 -1
    outer loop
      vertex 21.269365344465974 -9.525981713586047 0
      vertex 21.269365344465974 9.525981713586047 0
      vertex 21.33035137968407 9.611087627168637 0
    endloop
  endfacet
  facet normal 0 0 -1
    outer loop
      vertex 21.33035137968407 -9.611087627168637 0
      vertex 21.33035137968407 9.611087627168637 0
      vertex 21.3856406460551 9.7 0
    endloop
  endfacet
  facet normal 0 0 -1
    outer loop
      vertex 21.33035137968407 -9.611087627168637 0
      vertex 21.3856406460551 9.7 0
      vertex 21.4349963864523 9.792338095649598 0
    endloop
  endfacet
  facet normal 0 0 -1
    outer loop
      vertex 21.33035137968407 -9.611087627168637 0
      vertex 21.4349963864523 9.792338095649598 0
      vertex 21.47820725201806 9.887706508215857 0
    endloop
  endfacet
  facet normal 0 0 -1
    outer loop
      vertex 21.33035137968407 -9.611087627168637 0
      vertex 21.47820725201806 9.887706508215857 0
      vertex 21.515088207192168 9.985696855514941 0
    endloop
  endfacet
  facet normal 0 0 -1
    outer loop
      vertex 21.33035137968407 -9.611087627168637 0
      vertex 21.515088207192168 9.985696855514941 0
      vertex 21.54548132206251 10.085889527835967 0
    endloop
  endfacet
  facet normal 0 0 -1
    outer loop
      vertex 21.33035137968407 -9.611087627168637 0
      vertex 21.54548132206251 10.085889527835967 0
      vertex 21.56925644864517 10.187855484774195 0
    endloop
  endfacet
  facet normal 0 0 -1
    outer loop
      vertex 21.33035137968407 -9.611087627168637 0
      vertex 21.56925644864517 10.187855484774195 0
      vertex 21.586311778198098 10.291158092447917 0
    endloop
  endfacet
  facet normal 0 0 -1
    outer loop
      vertex 21.33035137968407 -9.611087627168637 0
      vertex 21.586311778198098 10.291158092447917 0
      vertex 21.596574277181766 10.395354993231772 0
    endloop
  endfacet
  facet normal 0 0 -1
    outer loop
      vertex 22.77837955380369 34.09025410440435 0
      vertex 21.596574277181766 -10.395354993231772 0
      vertex 21.586311778198098 -10.291158092447917 0
    endloop
  endfacet
  facet normal 0 0 -1
    outer loop
      vertex 22.77837955380369 34.09025410440435 0
      vertex 21.47820725201806 -9.887706508215857 0
      vertex 21.4349963864523 -9.792338095649598 0
    endloop
  endfacet
  facet normal 0 0 -1
    outer loop
      vertex 22.77837955380369 34.09025410440435 0
      vertex 21.515088207192168 -9.985696855514941 0
      vertex 21.47820725201806 -9.887706508215857 0
    endloop
  endfacet
  facet normal 0 0 -1
    outer loop
      vertex 22.77837955380369 34.09025410440435 0
      vertex 21.586311778198098 -10.291158092447917 0
      vertex 21.56925644864517 -10.187855484774195 0
    endloop
  endfacet
  facet normal 0 0 -1
    outer loop
      vertex 22.77837955380369 34.09025410440435 0
      vertex 21.56925644864517 -10.187855484774195 0
      vertex 21.54548132206251 -10.085889527835967 0
    endloop
  endfacet
  facet normal 0 0 -1
    outer loop
      vertex 22.77837955380369 34.09025410440435 0
      vertex 21.54548132206251 -10.085889527835967 0
      vertex 21.515088207192168 -9.985696855514941 0
    endloop
  endfacet
  facet normal 0 0 -1
    outer loop
      vertex 22.77837955380369 34.09025410440435 0
      vertex 21.3856406460551 -9.7 0
      vertex 21.33035137968407 -9.611087627168637 0
    endloop
  endfacet
  facet normal 0 0 -1
    outer loop
      vertex 22.77837955380369 34.09025410440435 0
      vertex 21.4349963864523 -9.792338095649598 0
      vertex 21.3856406460551 -9.7 0
    endloop
  endfacet
  facet normal 0 0 -1
    outer loop
      vertex 27.03317841910282 -30.82543210663808 0
      vertex 27.03317841910282 30.82543210663808 0
      vertex 28.99137802864845 28.99137802864845 0
    endloop
  endfacet
  facet normal 0 0 -1
    outer loop
      vertex 28.99137802864845 -28.99137802864845 0
      vertex 28.99137802864845 28.99137802864845 0
      vertex 30.82543210663808 27.03317841910282 0
    endloop
  endfacet
  facet normal 0 0 -1
    outer loop
      vertex 22.77837955380369 34.09025410440435 0
      vertex 21.33035137968407 -9.611087627168637 0
      vertex 21.596574277181766 10.395354993231772 0
    endloop
  endfacet
  facet normal 0 0 -1
    outer loop
      vertex 22.77837955380369 -34.09025410440435 0
      vertex 22.77837955380369 34.09025410440435 0
      vertex 24.959218589357548 32.527486951940645 0
    endloop
  endfacet
  facet normal 0 0 -1
    outer loop
      vertex 22.77837955380369 34.09025410440435 0
      vertex 21.05495330416011 11.702943691966365 0
      vertex 20.97401828641395 11.769365344465976 0
    endloop
  endfacet
  facet normal 0 0 -1
    outer loop
      vertex 22.77837955380369 34.09025410440435 0
      vertex 21.269365344465974 11.474018286413953 0
      vertex 21.202943691966365 11.55495330416011 0
    endloop
  endfacet
  facet normal 0 0 -1
    outer loop
      vertex 22.77837955380369 34.09025410440435 0
      vertex 21.131370849898477 11.631370849898476 0
      vertex 21.05495330416011 11.702943691966365 0
    endloop
  endfacet
  facet normal 0 0 -1
    outer loop
      vertex 22.77837955380369 34.09025410440435 0
      vertex 21.202943691966365 11.55495330416011 0
      vertex 21.131370849898477 11.631370849898476 0
    endloop
  endfacet
  facet normal 0 0 -1
    outer loop
      vertex 22.77837955380369 34.09025410440435 0
      vertex 20.51430314448506 12.01508820719217 0
      vertex 20.414110472164033 12.045481322062509 0
    endloop
  endfacet
  facet normal 0 0 -1
    outer loop
      vertex 22.77837955380369 34.09025410440435 0
      vertex 20.612293491784143 11.97820725201806 0
      vertex 20.51430314448506 12.01508820719217 0
    endloop
  endfacet
  facet normal 0 0 -1
    outer loop
      vertex 22.77837955380369 34.09025410440435 0
      vertex 20.707661904350402 11.934996386452301 0
      vertex 20.612293491784143 11.97820725201806 0
    endloop
  endfacet
  facet normal 0 0 -1
    outer loop
      vertex 22.77837955380369 34.09025410440435 0
      vertex 20.8 11.885640646055101 0
      vertex 20.707661904350402 11.934996386452301 0
    endloop
  endfacet
  facet normal 0 0 -1
    outer loop
      vertex 22.77837955380369 34.09025410440435 0
      vertex 20.888912372831363 11.830351379684073 0
      vertex 20.8 11.885640646055101 0
    endloop
  endfacet
  facet normal 0 0 -1
    outer loop
      vertex 22.77837955380369 34.09025410440435 0
      vertex 20.97401828641395 11.769365344465976 0
      vertex 20.888912372831363 11.830351379684073 0
    endloop
  endfacet
  facet normal 0 0 -1
    outer loop
      vertex 22.77837955380369 34.09025410440435 0
      vertex 21.596574277181766 10.395354993231772 0
      vertex 21.6 10.5 0
    endloop
  endfacet
  facet normal 0 0 -1
    outer loop
      vertex 22.77837955380369 34.09025410440435 0
      vertex 21.6 10.5 0
      vertex 21.596574277181766 10.604645006768228 0
    endloop
  endfacet
  facet normal 0 0 -1
    outer loop
      vertex 22.77837955380369 34.09025410440435 0
      vertex 21.596574277181766 10.604645006768228 0
      vertex 21.586311778198098 10.708841907552083 0
    endloop
  endfacet
  facet normal 0 0 -1
    outer loop
      vertex 22.77837955380369 34.09025410440435 0
      vertex 21.586311778198098 10.708841907552083 0
      vertex 21.56925644864517 10.812144515225805 0
    endloop
  endfacet
  facet normal 0 0 -1
    outer loop
      vertex 22.77837955380369 34.09025410440435 0
      vertex 21.47820725201806 11.112293491784143 0
      vertex 21.4349963864523 11.207661904350402 0
    endloop
  endfacet
  facet normal 0 0 -1
    outer loop
      vertex 22.77837955380369 34.09025410440435 0
      vertex 21.515088207192168 11.014303144485059 0
      vertex 21.47820725201806 11.112293491784143 0
    endloop
  endfacet
  facet normal 0 0 -1
    outer loop
      vertex 22.77837955380369 34.09025410440435 0
      vertex 21.4349963864523 11.207661904350402 0
      vertex 21.3856406460551 11.3 0
    endloop
  endfacet
  facet normal 0 0 -1
    outer loop
      vertex 22.77837955380369 34.09025410440435 0
      vertex 21.56925644864517 10.812144515225805 0
      vertex 21.54548132206251 10.914110472164033 0
    endloop
  endfacet
  facet normal 0 0 -1
    outer loop
      vertex 22.77837955380369 34.09025410440435 0
      vertex 21.54548132206251 10.914110472164033 0
      vertex 21.515088207192168 11.014303144485059 0
    endloop
  endfacet
  facet normal 0 0 -1
    outer loop
      vertex 22.77837955380369 34.09025410440435 0
      vertex 21.3856406460551 11.3 0
      vertex 21.33035137968407 11.388912372831363 0
    endloop
  endfacet
  facet normal 0 0 -1
    outer loop
      vertex 22.77837955380369 34.09025410440435 0
      vertex 21.33035137968407 11.388912372831363 0
      vertex 21.269365344465974 11.474018286413953 0
    endloop
  endfacet
  facet normal 0 0 -1
    outer loop
      vertex 24.959218589357548 -32.527486951940645 0
      vertex 24.959218589357548 32.527486951940645 0
      vertex 27.03317841910282 30.82543210663808 0
    endloop
  endfacet
  facet normal 0 0 -1
    outer loop
      vertex 32.527486951940645 -24.959218589357548 0
      vertex 32.527486951940645 24.959218589357548 0
      vertex 34.09025410440435 22.77837955380369 0
    endloop
  endfacet
  facet normal 0 0 -1
    outer loop
      vertex 30.82543210663808 -27.03317841910282 0
      vertex 30.82543210663808 27.03317841910282 0
      vertex 32.527486951940645 24.959218589357548 0
    endloop
  endfacet
  facet normal 0 0 -1
    outer loop
      vertex 34.09025410440435 -22.77837955380369 0
      vertex 34.09025410440435 22.77837955380369 0
      vertex 35.50704155516198 20.5 0
    endloop
  endfacet
  facet normal 0 0 -1
    outer loop
      vertex 37.87906083296276 -15.690020726968681 0
      vertex 37.87906083296276 15.690020726968681 0
      vertex 38.824135309299336 13.179018077429625 0
    endloop
  endfacet
  facet normal 0 0 -1
    outer loop
      vertex 40.912215852782744 -2.6815282984358655 0
      vertex 40.912215852782744 2.6815282984358655 0
      vertex 41 0 0
    endloop
  endfacet
  facet normal 0 0 -1
    outer loop
      vertex 40.649239316326224 -5.351573881022114 0
      vertex 40.649239316326224 5.351573881022114 0
      vertex 40.912215852782744 2.6815282984358655 0
    endloop
  endfacet
  facet normal 0 0 -1
    outer loop
      vertex 40.21219649653245 -7.998703202661258 0
      vertex 40.21219649653245 7.998703202661258 0
      vertex 40.649239316326224 5.351573881022114 0
    endloop
  endfacet
  facet normal 0 0 -1
    outer loop
      vertex 38.824135309299336 -13.179018077429625 0
      vertex 38.824135309299336 13.179018077429625 0
      vertex 39.6029588778518 10.61158084920335 0
    endloop
  endfacet
  facet normal 0 0 -1
    outer loop
      vertex 39.6029588778518 -10.61158084920335 0
      vertex 39.6029588778518 10.61158084920335 0
      vertex 40.21219649653245 7.998703202661258 0
    endloop
  endfacet
  facet normal 0 0 -1
    outer loop
      vertex 35.50704155516198 -20.5 0
      vertex 35.50704155516198 20.5 0
      vertex 36.771782402840216 18.133836298979052 0
    endloop
  endfacet
  facet normal 0 0 -1
    outer loop
      vertex 36.771782402840216 -18.133836298979052 0
      vertex 36.771782402840216 18.133836298979052 0
      vertex 37.87906083296276 15.690020726968681 0
    endloop
  endfacet
  facet normal 0.9994645874763656 0.03271908282177616 0
    outer loop
      vertex 41 0 0
      vertex 40.912215852782744 2.6815282984358655 0
      vertex 41 0 5
    endloop
  endfacet
  facet normal 0.9951847266721967 0.09801714032956184 0
    outer loop
      vertex 40.912215852782744 2.6815282984358655 0
      vertex 40.649239316326224 5.351573881022114 0
      vertex 40.912215852782744 2.6815282984358655 5
    endloop
  endfacet
  facet normal 0.9866433320848792 0.16289547339458713 0
    outer loop
      vertex 40.649239316326224 5.351573881022114 0
      vertex 40.21219649653245 7.998703202661258 0
      vertex 40.649239316326224 5.351573881022114 5
    endloop
  endfacet
  facet normal 0.9738769792773334 0.22707626303437442 0
    outer loop
      vertex 40.21219649653245 7.998703202661258 0
      vertex 39.6029588778518 10.61158084920335 0
      vertex 40.21219649653245 7.998703202661258 5
    endloop
  endfacet
  facet normal 0.9569403357322096 0.29028467725446 0
    outer loop
      vertex 39.6029588778518 10.61158084920335 0
      vertex 38.824135309299336 13.179018077429625 0
      vertex 39.6029588778518 10.61158084920335 5
    endloop
  endfacet
  facet normal 0.9359059267573253 0.35225004792123465 0
    outer loop
      vertex 38.824135309299336 13.179018077429625 0
      vertex 37.87906083296276 15.690020726968681 0
      vertex 38.824135309299336 13.179018077429625 5
    endloop
  endfacet
  facet normal 0.910863824921175 0.41270702980439633 0
    outer loop
      vertex 37.87906083296276 15.690020726968681 0
      vertex 36.771782402840216 18.133836298979052 0
      vertex 37.87906083296276 15.690020726968681 5
    endloop
  endfacet
  facet normal 0.8819212643483555 0.4713967368259967 0
    outer loop
      vertex 36.771782402840216 18.133836298979052 0
      vertex 35.50704155516198 20.5 0
      vertex 36.771782402840216 18.133836298979052 5
    endloop
  endfacet
  facet normal 0.9994645874763656 0.03271908282177616 0
    outer loop
      vertex 40.912215852782744 2.6815282984358655 0
      vertex 40.912215852782744 2.6815282984358655 5
      vertex 41 0 5
    endloop
  endfacet
  facet normal 0.9951847266721967 0.09801714032956184 0
    outer loop
      vertex 40.649239316326224 5.351573881022114 0
      vertex 40.649239316326224 5.351573881022114 5
      vertex 40.912215852782744 2.6815282984358655 5
    endloop
  endfacet
  facet normal 0.9866433320848792 0.16289547339458713 0
    outer loop
      vertex 40.21219649653245 7.998703202661258 0
      vertex 40.21219649653245 7.998703202661258 5
      vertex 40.649239316326224 5.351573881022114 5
    endloop
  endfacet
  facet normal 0.9738769792773334 0.22707626303437442 0
    outer loop
      vertex 39.6029588778518 10.61158084920335 0
      vertex 39.6029588778518 10.61158084920335 5
      vertex 40.21219649653245 7.998703202661258 5
    endloop
  endfacet
  facet normal 0.9359059267573253 0.35225004792123465 0
    outer loop
      vertex 37.87906083296276 15.690020726968681 0
      vertex 37.87906083296276 15.690020726968681 5
      vertex 38.824135309299336 13.179018077429625 5
    endloop
  endfacet
  facet normal 0.9569403357322096 0.29028467725446 0
    outer loop
      vertex 38.824135309299336 13.179018077429625 0
      vertex 38.824135309299336 13.179018077429625 5
      vertex 39.6029588778518 10.61158084920335 5
    endloop
  endfacet
  facet normal 0.910863824921175 0.41270702980439633 0
    outer loop
      vertex 36.771782402840216 18.133836298979052 0
      vertex 36.771782402840216 18.133836298979052 5
      vertex 37.87906083296276 15.690020726968681 5
    endloop
  endfacet
  facet normal 0.8819212643483555 0.4713967368259967 0
    outer loop
      vertex 35.50704155516198 20.5 0
      vertex 35.50704155516198 20.5 5
      vertex 36.771782402840216 18.133836298979052 5
    endloop
  endfacet
  facet normal 0 0 -1
    outer loop
      vertex 20.5 35.50704155516198 0
      vertex 22.77837955380369 34.09025410440435 0
      vertex 20.414110472164033 12.045481322062509 0
    endloop
  endfacet
  facet normal 0.6835923020228708 0.7298640726978362 1.065848974736394e-18
    outer loop
      vertex 28.99137802864845 28.99137802864845 0
      vertex 27.03317841910282 30.82543210663808 0
      vertex 27.03317841910282 30.82543210663808 5
    endloop
  endfacet
  facet normal 0.7298640726978362 0.6835923020228708 1.065848974736394e-18
    outer loop
      vertex 28.99137802864845 28.99137802864845 0
      vertex 30.82543210663808 27.03317841910282 5
      vertex 30.82543210663808 27.03317841910282 0
    endloop
  endfacet
  facet normal 0.528067850650369 0.8492021815265783 0
    outer loop
      vertex 20.5 35.50704155516198 0
      vertex 20.5 35.50704155516198 5
      vertex 22.77837955380369 34.09025410440435 0
    endloop
  endfacet
  facet normal 0.5824776968677998 0.8128466845916169 0
    outer loop
      vertex 22.77837955380369 34.09025410440435 0
      vertex 22.77837955380369 34.09025410440435 5
      vertex 24.959218589357548 32.527486951940645 0
    endloop
  endfacet
  facet normal 0.6343932841636457 0.7730104533627369 0
    outer loop
      vertex 24.959218589357548 32.527486951940645 0
      vertex 24.959218589357548 32.527486951940645 5
      vertex 27.03317841910282 30.82543210663808 0
    endloop
  endfacet
  facet normal 0.8492021815265783 0.528067850650369 1.490372970199012e-17
    outer loop
      vertex 34.09025410440435 22.77837955380369 0
      vertex 35.50704155516198 20.5 5
      vertex 35.50704155516198 20.5 0
    endloop
  endfacet
  facet normal 0.8128466845916169 0.5824776968677998 1.5738527843554198e-17
    outer loop
      vertex 32.527486951940645 24.959218589357548 0
      vertex 34.09025410440435 22.77837955380369 5
      vertex 34.09025410440435 22.77837955380369 0
    endloop
  endfacet
  facet normal 0.7730104533627369 0.6343932841636457 0
    outer loop
      vertex 32.527486951940645 24.959218589357548 0
      vertex 30.82543210663808 27.03317841910282 0
      vertex 32.527486951940645 24.959218589357548 5
    endloop
  endfacet
  facet normal 0.6835923020228708 0.7298640726978362 0
    outer loop
      vertex 28.99137802864845 28.99137802864845 0
      vertex 27.03317841910282 30.82543210663808 5
      vertex 28.99137802864845 28.99137802864845 5
    endloop
  endfacet
  facet normal 0.7298640726978362 0.6835923020228708 0
    outer loop
      vertex 28.99137802864845 28.99137802864845 0
      vertex 28.99137802864845 28.99137802864845 5
      vertex 30.82543210663808 27.03317841910282 5
    endloop
  endfacet
  facet normal 0.528067850650369 0.8492021815265783 0
    outer loop
      vertex 22.77837955380369 34.09025410440435 0
      vertex 20.5 35.50704155516198 5
      vertex 22.77837955380369 34.09025410440435 5
    endloop
  endfacet
  facet normal 0.5824776968677998 0.8128466845916169 0
    outer loop
      vertex 24.959218589357548 32.527486951940645 0
      vertex 22.77837955380369 34.09025410440435 5
      vertex 24.959218589357548 32.527486951940645 5
    endloop
  endfacet
  facet normal 0.6343932841636457 0.7730104533627369 0
    outer loop
      vertex 27.03317841910282 30.82543210663808 0
      vertex 24.959218589357548 32.527486951940645 5
      vertex 27.03317841910282 30.82543210663808 5
    endloop
  endfacet
  facet normal 0.8128466845916169 0.5824776968677998 0
    outer loop
      vertex 32.527486951940645 24.959218589357548 0
      vertex 32.527486951940645 24.959218589357548 5
      vertex 34.09025410440435 22.77837955380369 5
    endloop
  endfacet
  facet normal 0.8492021815265783 0.528067850650369 0
    outer loop
      vertex 34.09025410440435 22.77837955380369 0
      vertex 34.09025410440435 22.77837955380369 5
      vertex 35.50704155516198 20.5 5
    endloop
  endfacet
  facet normal 0.7730104533627369 0.6343932841636457 0
    outer loop
      vertex 30.82543210663808 27.03317841910282 0
      vertex 30.82543210663808 27.03317841910282 5
      vertex 32.527486951940645 24.959218589357548 5
    endloop
  endfacet
  facet normal 0 0 1
    outer loop
      vertex -13.179018077429625 38.824135309299336 5
      vertex 24 15 5
      vertex -10.61158084920335 39.6029588778518 5
    endloop
  endfacet
  facet normal 0 0 1
    outer loop
      vertex -10.61158084920335 39.6029588778518 5
      vertex 24 15 5
      vertex -7.998703202661258 40.21219649653245 5
    endloop
  endfacet
  facet normal 0 0 1
    outer loop
      vertex -7.998703202661258 40.21219649653245 5
      vertex 24 15 5
      vertex -5.351573881022114 40.649239316326224 5
    endloop
  endfacet
  facet normal 0 0 1
    outer loop
      vertex -5.351573881022114 40.649239316326224 5
      vertex 24 15 5
      vertex -2.6815282984358655 40.912215852782744 5
    endloop
  endfacet
  facet normal 0 0 1
    outer loop
      vertex -2.6815282984358655 40.912215852782744 5
      vertex 24 15 5
      vertex 0 41 5
    endloop
  endfacet
  facet normal 0 0 1
    outer loop
      vertex 0 41 5
      vertex 24 15 5
      vertex 2.6815282984358655 40.912215852782744 5
    endloop
  endfacet
  facet normal 0 0 1
    outer loop
      vertex 24 15 5
      vertex 16.243629150101523 28.963011931610765 5
      vertex 16.172056308033635 29.03942947734913 5
    endloop
  endfacet
  facet normal 0 0 1
    outer loop
      vertex 24 15 5
      vertex 16.32004669583989 28.891439089542878 5
      vertex 16.243629150101523 28.963011931610765 5
    endloop
  endfacet
  facet normal 0 0 1
    outer loop
      vertex 24 15 5
      vertex 16.575 28.70874213545414 5
      vertex 16.486087627168637 28.76403140182517 5
    endloop
  endfacet
  facet normal 0 0 1
    outer loop
      vertex 24 15 5
      vertex 16.486087627168637 28.76403140182517 5
      vertex 16.40098171358605 28.825017437043265 5
    endloop
  endfacet
  facet normal 0 0 1
    outer loop
      vertex 24 15 5
      vertex 16.40098171358605 28.825017437043265 5
      vertex 16.32004669583989 28.891439089542878 5
    endloop
  endfacet
  facet normal 0 0 1
    outer loop
      vertex 24 15 5
      vertex 16.667338095649598 28.65938639505694 5
      vertex 16.575 28.70874213545414 5
    endloop
  endfacet
  facet normal 0 0 1
    outer loop
      vertex 24 15 5
      vertex 16.762706508215857 28.616175529491183 5
      vertex 16.667338095649598 28.65938639505694 5
    endloop
  endfacet
  facet normal 0 0 1
    outer loop
      vertex 24 15 5
      vertex 16.86069685551494 28.579294574317075 5
      vertex 16.762706508215857 28.616175529491183 5
    endloop
  endfacet
  facet normal 0 0 1
    outer loop
      vertex 24 15 5
      vertex 16.172056308033635 29.03942947734913 5
      vertex 16.105634655534026 29.120364495095288 5
    endloop
  endfacet
  facet normal 0 0 1
    outer loop
      vertex 24 15 5
      vertex 17.16615809244792 28.508071003311144 5
      vertex 17.062855484774193 28.525126332864073 5
    endloop
  endfacet
  facet normal 0 0 1
    outer loop
      vertex 24 15 5
      vertex 17.27035499323177 28.497808504327477 5
      vertex 17.16615809244792 28.508071003311144 5
    endloop
  endfacet
  facet normal 0 0 1
    outer loop
      vertex 24 15 5
      vertex 16.960889527835967 28.548901459446732 5
      vertex 16.86069685551494 28.579294574317075 5
    endloop
  endfacet
  facet normal 0 0 1
    outer loop
      vertex 24 15 5
      vertex 17.062855484774193 28.525126332864073 5
      vertex 16.960889527835967 28.548901459446732 5
    endloop
  endfacet
  facet normal 0 0 1
    outer loop
      vertex 24 15 5
      vertex 17.375 28.49438278150924 5
      vertex 17.27035499323177 28.497808504327477 5
    endloop
  endfacet
  facet normal 0 0 1
    outer loop
      vertex 24 15 5
      vertex 17.47964500676823 28.497808504327477 5
      vertex 17.375 28.49438278150924 5
    endloop
  endfacet
  facet normal 0 0 1
    outer loop
      vertex 24 15 5
      vertex 17.58384190755208 28.508071003311144 5
      vertex 17.47964500676823 28.497808504327477 5
    endloop
  endfacet
  facet normal 0 0 1
    outer loop
      vertex 24 15 5
      vertex 17.687144515225807 28.525126332864073 5
      vertex 17.58384190755208 28.508071003311144 5
    endloop
  endfacet
  facet normal 0 0 1
    outer loop
      vertex 24 15 5
      vertex 17.789110472164033 28.548901459446732 5
      vertex 17.687144515225807 28.525126332864073 5
    endloop
  endfacet
  facet normal 0 0 1
    outer loop
      vertex 24 15 5
      vertex 17.88930314448506 28.579294574317075 5
      vertex 17.789110472164033 28.548901459446732 5
    endloop
  endfacet
  facet normal 0 0 1
    outer loop
      vertex 24 15 5
      vertex 17.987293491784143 28.616175529491183 5
      vertex 17.88930314448506 28.579294574317075 5
    endloop
  endfacet
  facet normal 0 0 1
    outer loop
      vertex 24 15 5
      vertex 18.082661904350402 28.65938639505694 5
      vertex 17.987293491784143 28.616175529491183 5
    endloop
  endfacet
  facet normal 0 0 1
    outer loop
      vertex 24 15 5
      vertex 18.175 28.70874213545414 5
      vertex 18.082661904350402 28.65938639505694 5
    endloop
  endfacet
  facet normal 0 0 1
    outer loop
      vertex 24 15 5
      vertex 18.263912372831363 28.76403140182517 5
      vertex 18.175 28.70874213545414 5
    endloop
  endfacet
  facet normal 0 0 1
    outer loop
      vertex 24 15 5
      vertex 18.42995330416011 28.891439089542878 5
      vertex 18.34901828641395 28.825017437043265 5
    endloop
  endfacet
  facet normal 0 0 1
    outer loop
      vertex 24 15 5
      vertex 18.34901828641395 28.825017437043265 5
      vertex 18.263912372831363 28.76403140182517 5
    endloop
  endfacet
  facet normal 0 0 1
    outer loop
      vertex 24 15 5
      vertex 18.506370849898477 28.963011931610765 5
      vertex 18.42995330416011 28.891439089542878 5
    endloop
  endfacet
  facet normal 0 0 1
    outer loop
      vertex 24 15 5
      vertex 18.577943691966365 29.03942947734913 5
      vertex 18.506370849898477 28.963011931610765 5
    endloop
  endfacet
  facet normal 0 0 1
    outer loop
      vertex 24 15 5
      vertex 18.644365344465974 29.120364495095288 5
      vertex 18.577943691966365 29.03942947734913 5
    endloop
  endfacet
  facet normal 0 0 1
    outer loop
      vertex 24 15 5
      vertex 18.7606406460551 29.294382781509242 5
      vertex 18.70535137968407 29.20547040867788 5
    endloop
  endfacet
  facet normal 0 0 1
    outer loop
      vertex 24 15 5
      vertex 18.70535137968407 29.20547040867788 5
      vertex 18.644365344465974 29.120364495095288 5
    endloop
  endfacet
  facet normal 0 0 1
    outer loop
      vertex 7.998703202661258 40.21219649653245 5
      vertex 24 15 5
      vertex 16.105634655534026 29.120364495095288 5
    endloop
  endfacet
  facet normal 0 0 1
    outer loop
      vertex 18.133836298979052 36.771782402840216 5
      vertex 18.890088207192168 30.6086859259943 5
      vertex 24 15 5
    endloop
  endfacet
  facet normal 0 0 1
    outer loop
      vertex 2.6815282984358655 40.912215852782744 5
      vertex 24 15 5
      vertex 5.351573881022114 40.649239316326224 5
    endloop
  endfacet
  facet normal 0 0 1
    outer loop
      vertex 5.351573881022114 40.649239316326224 5
      vertex 24 15 5
      vertex 7.998703202661258 40.21219649653245 5
    endloop
  endfacet
  facet normal 0 0 1
    outer loop
      vertex 7.998703202661258 40.21219649653245 5
      vertex 16.04464862031593 29.20547040867788 5
      vertex 15.989359353944899 29.294382781509242 5
    endloop
  endfacet
  facet normal 0 0 1
    outer loop
      vertex 7.998703202661258 40.21219649653245 5
      vertex 15.989359353944899 29.294382781509242 5
      vertex 15.940003613547699 29.38672087715884 5
    endloop
  endfacet
  facet normal 0 0 1
    outer loop
      vertex 7.998703202661258 40.21219649653245 5
      vertex 16.105634655534026 29.120364495095288 5
      vertex 16.04464862031593 29.20547040867788 5
    endloop
  endfacet
  facet normal 0 0 1
    outer loop
      vertex 7.998703202661258 40.21219649653245 5
      vertex 15.940003613547699 29.38672087715884 5
      vertex 15.89679274798194 29.4820892897251 5
    endloop
  endfacet
  facet normal 0 0 1
    outer loop
      vertex 7.998703202661258 40.21219649653245 5
      vertex 15.89679274798194 29.4820892897251 5
      vertex 15.85991179280783 29.580079637024184 5
    endloop
  endfacet
  facet normal 0 0 1
    outer loop
      vertex 7.998703202661258 40.21219649653245 5
      vertex 15.829518677937491 29.68027230934521 5
      vertex 15.805743551354832 29.782238266283436 5
    endloop
  endfacet
  facet normal 0 0 1
    outer loop
      vertex 7.998703202661258 40.21219649653245 5
      vertex 15.805743551354832 29.782238266283436 5
      vertex 15.788688221801904 29.88554087395716 5
    endloop
  endfacet
  facet normal 0 0 1
    outer loop
      vertex 7.998703202661258 40.21219649653245 5
      vertex 15.85991179280783 29.580079637024184 5
      vertex 15.829518677937491 29.68027230934521 5
    endloop
  endfacet
  facet normal 0 0 1
    outer loop
      vertex 13.179018077429625 38.824135309299336 5
      vertex 15.778425722818234 30.199027788277473 5
      vertex 15.788688221801904 30.303224689061324 5
    endloop
  endfacet
  facet normal 0 0 1
    outer loop
      vertex 13.179018077429625 38.824135309299336 5
      vertex 15.788688221801904 30.303224689061324 5
      vertex 15.805743551354832 30.40652729673505 5
    endloop
  endfacet
  facet normal 0 0 1
    outer loop
      vertex 13.179018077429625 38.824135309299336 5
      vertex 15.805743551354832 30.40652729673505 5
      vertex 15.829518677937491 30.508493253673276 5
    endloop
  endfacet
  facet normal 0 0 1
    outer loop
      vertex 7.998703202661258 40.21219649653245 5
      vertex 15.788688221801904 29.88554087395716 5
      vertex 15.778425722818234 29.989737774741013 5
    endloop
  endfacet
  facet normal 0 0 1
    outer loop
      vertex 7.998703202661258 40.21219649653245 5
      vertex 15.778425722818234 29.989737774741013 5
      vertex 15.775 30.094382781509243 5
    endloop
  endfacet
  facet normal 0 0 1
    outer loop
      vertex 7.998703202661258 40.21219649653245 5
      vertex 15.775 30.094382781509243 5
      vertex 15.778425722818234 30.199027788277473 5
    endloop
  endfacet
  facet normal 0 0 1
    outer loop
      vertex 13.179018077429625 38.824135309299336 5
      vertex 15.829518677937491 30.508493253673276 5
      vertex 15.85991179280783 30.6086859259943 5
    endloop
  endfacet
  facet normal 0 0 1
    outer loop
      vertex 13.179018077429625 38.824135309299336 5
      vertex 15.85991179280783 30.6086859259943 5
      vertex 15.89679274798194 30.706676273293386 5
    endloop
  endfacet
  facet normal 0 0 1
    outer loop
      vertex 13.179018077429625 38.824135309299336 5
      vertex 15.89679274798194 30.706676273293386 5
      vertex 15.940003613547699 30.802044685859645 5
    endloop
  endfacet
  facet normal 0 0 1
    outer loop
      vertex 13.179018077429625 38.824135309299336 5
      vertex 15.940003613547699 30.802044685859645 5
      vertex 15.989359353944899 30.894382781509243 5
    endloop
  endfacet
  facet normal 0 0 1
    outer loop
      vertex 13.179018077429625 38.824135309299336 5
      vertex 15.989359353944899 30.894382781509243 5
      vertex 16.04464862031593 30.983295154340606 5
    endloop
  endfacet
  facet normal 0 0 1
    outer loop
      vertex 13.179018077429625 38.824135309299336 5
      vertex 16.04464862031593 30.983295154340606 5
      vertex 16.105634655534026 31.068401067923197 5
    endloop
  endfacet
  facet normal 0 0 1
    outer loop
      vertex 13.179018077429625 38.824135309299336 5
      vertex 16.105634655534026 31.068401067923197 5
      vertex 16.172056308033635 31.149336085669354 5
    endloop
  endfacet
  facet normal 0 0 1
    outer loop
      vertex 13.179018077429625 38.824135309299336 5
      vertex 16.172056308033635 31.149336085669354 5
      vertex 16.243629150101523 31.22575363140772 5
    endloop
  endfacet
  facet normal 0 0 1
    outer loop
      vertex 13.179018077429625 38.824135309299336 5
      vertex 16.243629150101523 31.22575363140772 5
      vertex 16.32004669583989 31.297326473475607 5
    endloop
  endfacet
  facet normal 0 0 1
    outer loop
      vertex 13.179018077429625 38.824135309299336 5
      vertex 16.40098171358605 31.36374812597522 5
      vertex 16.486087627168637 31.424734161193314 5
    endloop
  endfacet
  facet normal 0 0 1
    outer loop
      vertex 13.179018077429625 38.824135309299336 5
      vertex 16.32004669583989 31.297326473475607 5
      vertex 16.40098171358605 31.36374812597522 5
    endloop
  endfacet
  facet normal 0 0 1
    outer loop
      vertex 7.998703202661258 40.21219649653245 5
      vertex 15.778425722818234 30.199027788277473 5
      vertex 10.61158084920335 39.6029588778518 5
    endloop
  endfacet
  facet normal 0 0 1
    outer loop
      vertex 10.61158084920335 39.6029588778518 5
      vertex 15.778425722818234 30.199027788277473 5
      vertex 13.179018077429625 38.824135309299336 5
    endloop
  endfacet
  facet normal 0 0 1
    outer loop
      vertex 13.179018077429625 38.824135309299336 5
      vertex 16.575 31.480023427564344 5
      vertex 15.690020726968681 37.87906083296276 5
    endloop
  endfacet
  facet normal 0 0 1
    outer loop
      vertex 13.179018077429625 38.824135309299336 5
      vertex 16.486087627168637 31.424734161193314 5
      vertex 16.575 31.480023427564344 5
    endloop
  endfacet
  facet normal 0 0 1
    outer loop
      vertex 15.690020726968681 37.87906083296276 5
      vertex 16.575 31.480023427564344 5
      vertex 16.667338095649598 31.529379167961544 5
    endloop
  endfacet
  facet normal 0 0 1
    outer loop
      vertex 15.690020726968681 37.87906083296276 5
      vertex 16.667338095649598 31.529379167961544 5
      vertex 16.762706508215857 31.5725900335273 5
    endloop
  endfacet
  facet normal 0 0 1
    outer loop
      vertex 15.690020726968681 37.87906083296276 5
      vertex 16.762706508215857 31.5725900335273 5
      vertex 16.86069685551494 31.60947098870141 5
    endloop
  endfacet
  facet normal 0 0 1
    outer loop
      vertex 15.690020726968681 37.87906083296276 5
      vertex 16.86069685551494 31.60947098870141 5
      vertex 16.960889527835967 31.639864103571753 5
    endloop
  endfacet
  facet normal 0 0 1
    outer loop
      vertex 15.690020726968681 37.87906083296276 5
      vertex 16.960889527835967 31.639864103571753 5
      vertex 17.062855484774193 31.663639230154413 5
    endloop
  endfacet
  facet normal 0 0 1
    outer loop
      vertex 15.690020726968681 37.87906083296276 5
      vertex 17.062855484774193 31.663639230154413 5
      vertex 17.16615809244792 31.68069455970734 5
    endloop
  endfacet
  facet normal 0 0 1
    outer loop
      vertex 15.690020726968681 37.87906083296276 5
      vertex 17.16615809244792 31.68069455970734 5
      vertex 17.27035499323177 31.69095705869101 5
    endloop
  endfacet
  facet normal 0 0 1
    outer loop
      vertex 15.690020726968681 37.87906083296276 5
      vertex 17.27035499323177 31.69095705869101 5
      vertex 17.375 31.694382781509244 5
    endloop
  endfacet
  facet normal 0 0 1
    outer loop
      vertex 15.690020726968681 37.87906083296276 5
      vertex 17.375 31.694382781509244 5
      vertex 17.47964500676823 31.69095705869101 5
    endloop
  endfacet
  facet normal 0 0 1
    outer loop
      vertex 15.690020726968681 37.87906083296276 5
      vertex 17.47964500676823 31.69095705869101 5
      vertex 17.58384190755208 31.68069455970734 5
    endloop
  endfacet
  facet normal 0 0 1
    outer loop
      vertex 15.690020726968681 37.87906083296276 5
      vertex 17.687144515225807 31.663639230154413 5
      vertex 17.789110472164033 31.639864103571753 5
    endloop
  endfacet
  facet normal 0 0 1
    outer loop
      vertex 15.690020726968681 37.87906083296276 5
      vertex 17.58384190755208 31.68069455970734 5
      vertex 17.687144515225807 31.663639230154413 5
    endloop
  endfacet
  facet normal 0 0 1
    outer loop
      vertex 15.690020726968681 37.87906083296276 5
      vertex 17.789110472164033 31.639864103571753 5
      vertex 17.88930314448506 31.60947098870141 5
    endloop
  endfacet
  facet normal 0 0 1
    outer loop
      vertex 15.690020726968681 37.87906083296276 5
      vertex 17.88930314448506 31.60947098870141 5
      vertex 17.987293491784143 31.5725900335273 5
    endloop
  endfacet
  facet normal 0 0 1
    outer loop
      vertex 15.690020726968681 37.87906083296276 5
      vertex 17.987293491784143 31.5725900335273 5
      vertex 18.133836298979052 36.771782402840216 5
    endloop
  endfacet
  facet normal 0 0 1
    outer loop
      vertex 18.133836298979052 36.771782402840216 5
      vertex 17.987293491784143 31.5725900335273 5
      vertex 18.082661904350402 31.529379167961544 5
    endloop
  endfacet
  facet normal 0 0 1
    outer loop
      vertex 18.133836298979052 36.771782402840216 5
      vertex 18.082661904350402 31.529379167961544 5
      vertex 18.175 31.480023427564344 5
    endloop
  endfacet
  facet normal 0 0 1
    outer loop
      vertex 18.133836298979052 36.771782402840216 5
      vertex 18.175 31.480023427564344 5
      vertex 18.263912372831363 31.424734161193314 5
    endloop
  endfacet
  facet normal 0 0 1
    outer loop
      vertex 18.133836298979052 36.771782402840216 5
      vertex 18.263912372831363 31.424734161193314 5
      vertex 18.34901828641395 31.36374812597522 5
    endloop
  endfacet
  facet normal 0 0 1
    outer loop
      vertex 18.133836298979052 36.771782402840216 5
      vertex 18.7606406460551 30.894382781509243 5
      vertex 18.8099963864523 30.802044685859645 5
    endloop
  endfacet
  facet normal 0 0 1
    outer loop
      vertex 18.133836298979052 36.771782402840216 5
      vertex 18.644365344465974 31.068401067923197 5
      vertex 18.70535137968407 30.983295154340606 5
    endloop
  endfacet
  facet normal 0 0 1
    outer loop
      vertex 18.133836298979052 36.771782402840216 5
      vertex 18.70535137968407 30.983295154340606 5
      vertex 18.7606406460551 30.894382781509243 5
    endloop
  endfacet
  facet normal 0 0 1
    outer loop
      vertex 18.133836298979052 36.771782402840216 5
      vertex 18.34901828641395 31.36374812597522 5
      vertex 18.42995330416011 31.297326473475607 5
    endloop
  endfacet
  facet normal 0 0 1
    outer loop
      vertex 18.133836298979052 36.771782402840216 5
      vertex 18.506370849898477 31.22575363140772 5
      vertex 18.577943691966365 31.149336085669354 5
    endloop
  endfacet
  facet normal 0 0 1
    outer loop
      vertex 18.133836298979052 36.771782402840216 5
      vertex 18.42995330416011 31.297326473475607 5
      vertex 18.506370849898477 31.22575363140772 5
    endloop
  endfacet
  facet normal 0 0 1
    outer loop
      vertex 18.133836298979052 36.771782402840216 5
      vertex 18.577943691966365 31.149336085669354 5
      vertex 18.644365344465974 31.068401067923197 5
    endloop
  endfacet
  facet normal 0 0 1
    outer loop
      vertex 18.133836298979052 36.771782402840216 5
      vertex 18.85320725201806 30.706676273293386 5
      vertex 18.890088207192168 30.6086859259943 5
    endloop
  endfacet
  facet normal 0 0 1
    outer loop
      vertex 18.133836298979052 36.771782402840216 5
      vertex 18.8099963864523 30.802044685859645 5
      vertex 18.85320725201806 30.706676273293386 5
    endloop
  endfacet
  facet normal 0 0 1
    outer loop
      vertex 24.959218589357548 -32.527486951940645 5
      vertex 24.959218589357548 32.527486951940645 5
      vertex 24 15 5
    endloop
  endfacet
  facet normal 0 0 1
    outer loop
      vertex 30.82543210663808 -27.03317841910282 5
      vertex 30.82543210663808 27.03317841910282 5
      vertex 28.99137802864845 28.99137802864845 5
    endloop
  endfacet
  facet normal 0 0 1
    outer loop
      vertex 27.03317841910282 -30.82543210663808 5
      vertex 27.03317841910282 30.82543210663808 5
      vertex 24.959218589357548 32.527486951940645 5
    endloop
  endfacet
  facet normal 0 0 1
    outer loop
      vertex 28.99137802864845 -28.99137802864845 5
      vertex 28.99137802864845 28.99137802864845 5
      vertex 27.03317841910282 30.82543210663808 5
    endloop
  endfacet
  facet normal 0 0 1
    outer loop
      vertex 32.527486951940645 -24.959218589357548 5
      vertex 32.527486951940645 24.959218589357548 5
      vertex 30.82543210663808 27.03317841910282 5
    endloop
  endfacet
  facet normal 0 0 1
    outer loop
      vertex 35.50704155516198 -20.5 5
      vertex 35.50704155516198 20.5 5
      vertex 34.09025410440435 22.77837955380369 5
    endloop
  endfacet
  facet normal 0 0 1
    outer loop
      vertex 34.09025410440435 -22.77837955380369 5
      vertex 34.09025410440435 22.77837955380369 5
      vertex 32.527486951940645 24.959218589357548 5
    endloop
  endfacet
  facet normal 0 0 1
    outer loop
      vertex 40.912215852782744 -2.6815282984358655 5
      vertex 41 0 5
      vertex 40.912215852782744 2.6815282984358655 5
    endloop
  endfacet
  facet normal 0 0 1
    outer loop
      vertex 40.912215852782744 -2.6815282984358655 5
      vertex 40.912215852782744 2.6815282984358655 5
      vertex 40.649239316326224 5.351573881022114 5
    endloop
  endfacet
  facet normal 0 0 1
    outer loop
      vertex 39.6029588778518 -10.61158084920335 5
      vertex 39.6029588778518 10.61158084920335 5
      vertex 38.824135309299336 13.179018077429625 5
    endloop
  endfacet
  facet normal 0 0 1
    outer loop
      vertex 40.21219649653245 -7.998703202661258 5
      vertex 40.21219649653245 7.998703202661258 5
      vertex 39.6029588778518 10.61158084920335 5
    endloop
  endfacet
  facet normal 0 0 1
    outer loop
      vertex 40.649239316326224 -5.351573881022114 5
      vertex 40.649239316326224 5.351573881022114 5
      vertex 40.21219649653245 7.998703202661258 5
    endloop
  endfacet
  facet normal 0 0 1
    outer loop
      vertex 36.771782402840216 -18.133836298979052 5
      vertex 36.771782402840216 18.133836298979052 5
      vertex 35.50704155516198 20.5 5
    endloop
  endfacet
  facet normal 0 0 1
    outer loop
      vertex 37.87906083296276 -15.690020726968681 5
      vertex 37.87906083296276 15.690020726968681 5
      vertex 36.771782402840216 18.133836298979052 5
    endloop
  endfacet
  facet normal 0 0 1
    outer loop
      vertex 38.824135309299336 -13.179018077429625 5
      vertex 38.824135309299336 13.179018077429625 5
      vertex 37.87906083296276 15.690020726968681 5
    endloop
  endfacet
  facet normal 0 0 1
    outer loop
      vertex 24 15 5
      vertex 18.8099963864523 29.38672087715884 5
      vertex 18.7606406460551 29.294382781509242 5
    endloop
  endfacet
  facet normal 0 0 1
    outer loop
      vertex 24 15 5
      vertex 18.85320725201806 29.4820892897251 5
      vertex 18.8099963864523 29.38672087715884 5
    endloop
  endfacet
  facet normal 0 0 1
    outer loop
      vertex 24 15 5
      vertex 18.890088207192168 29.580079637024184 5
      vertex 18.85320725201806 29.4820892897251 5
    endloop
  endfacet
  facet normal 0 0 1
    outer loop
      vertex 24 15 5
      vertex 18.92048132206251 29.68027230934521 5
      vertex 18.890088207192168 29.580079637024184 5
    endloop
  endfacet
  facet normal 0 0 1
    outer loop
      vertex 24 15 5
      vertex 18.94425644864517 29.782238266283436 5
      vertex 18.92048132206251 29.68027230934521 5
    endloop
  endfacet
  facet normal 0 0 1
    outer loop
      vertex 24 15 5
      vertex 18.961311778198098 29.88554087395716 5
      vertex 18.94425644864517 29.782238266283436 5
    endloop
  endfacet
  facet normal 0 0 1
    outer loop
      vertex 24 15 5
      vertex 18.971574277181766 29.989737774741013 5
      vertex 18.961311778198098 29.88554087395716 5
    endloop
  endfacet
  facet normal 0 0 1
    outer loop
      vertex 24 15 5
      vertex 18.975 30.094382781509243 5
      vertex 18.971574277181766 29.989737774741013 5
    endloop
  endfacet
  facet normal 0 0 1
    outer loop
      vertex 24 15 5
      vertex 18.971574277181766 30.199027788277473 5
      vertex 18.975 30.094382781509243 5
    endloop
  endfacet
  facet normal 0 0 1
    outer loop
      vertex 24 15 5
      vertex 18.961311778198098 30.303224689061324 5
      vertex 18.971574277181766 30.199027788277473 5
    endloop
  endfacet
  facet normal 0 0 1
    outer loop
      vertex 24 15 5
      vertex 18.94425644864517 30.40652729673505 5
      vertex 18.961311778198098 30.303224689061324 5
    endloop
  endfacet
  facet normal 0 0 1
    outer loop
      vertex 24 15 5
      vertex 18.890088207192168 30.6086859259943 5
      vertex 18.92048132206251 30.508493253673276 5
    endloop
  endfacet
  facet normal 0 0 1
    outer loop
      vertex 24 15 5
      vertex 18.92048132206251 30.508493253673276 5
      vertex 18.94425644864517 30.40652729673505 5
    endloop
  endfacet
  facet normal 0 0 1
    outer loop
      vertex 18.133836298979052 36.771782402840216 5
      vertex 24 15 5
      vertex 20.5 35.50704155516198 5
    endloop
  endfacet
  facet normal 0 0 1
    outer loop
      vertex 24 15 5
      vertex 22.77837955380369 34.09025410440435 5
      vertex 20.5 35.50704155516198 5
    endloop
  endfacet
  facet normal 0 0 1
    outer loop
      vertex 24 15 5
      vertex 24.959218589357548 32.527486951940645 5
      vertex 22.77837955380369 34.09025410440435 5
    endloop
  endfacet
  facet normal 0 1 0
    outer loop
      vertex -5 -30 5
      vertex 5 -30 0
      vertex -5 -30 0
    endloop
  endfacet
  facet normal 1 0 0
    outer loop
      vertex -5 -20 5
      vertex -5 -30 0
      vertex -5 -20 0
    endloop
  endfacet
  facet normal 1 0 0
    outer loop
      vertex -5 -20 5
      vertex -5 -30 5
      vertex -5 -30 0
    endloop
  endfacet
  facet normal 0 -1 0
    outer loop
      vertex -5 -20 0
      vertex 5 -20 5
      vertex -5 -20 5
    endloop
  endfacet
  facet normal -1 0 0
    outer loop
      vertex 5 -30 5
      vertex 5 -20 0
      vertex 5 -30 0
    endloop
  endfacet
  facet normal 0 1 0
    outer loop
      vertex 5 -30 0
      vertex -5 -30 5
      vertex 5 -30 5
    endloop
  endfacet
  facet normal -1 0 0
    outer loop
      vertex 5 -30 5
      vertex 5 -20 5
      vertex 5 -20 0
    endloop
  endfacet
  facet normal 0 -1 0
    outer loop
      vertex -5 -20 0
      vertex 5 -20 0
      vertex 5 -20 5
    endloop
  endfacet
endsolid OpenSCAD_Model
